订单ID,下单时间,用户ID,用户性别,省份,城市,商品ID,商品名称,商品类别,商品单价,购买数量,原始金额,支付方式,订单状态,退款状态
ORD2025004094,2025-08-19 18:33:19,U01451,女,上海市,上海市,P4002,阿迪达斯卫衣,服饰鞋包,399,2,798,微信支付,已完成,无退款
ORD2025004431,2025-03-03 20:29:50,U00631,男,广东省,深圳市,P1001,iPhone 15,手机,4999,2,9998,微信支付,已完成,无退款
ORD2025003101,2025-07-01 10:04:01,U00621,男,四川省,绵阳市,P1004,小米 15,手机,3999,2,7998,花呗,已发货,无退款
ORD2025003983,2025-12-16 02:35:48,U00634,男,江苏省,苏州市,P1003,华为 Mate 70,手机,5499,1,5499,银行卡,已完成,无退款
ORD2025003217,2025-02-04 20:55:45,U00319,男,山东省,济南市,P2003,小米手环 9,数码配件,299,1,299,支付宝,已完成,无退款
ORD2025004281,2025-12-26 06:31:12,U00639,男,广东省,广州市,P3004,打印机,电脑办公,899,1,899,银行卡,已完成,无退款
ORD2025003177,2025-05-05 06:18:38,U00046,女,浙江省,温州市,P5001,雀巢咖啡,食品饮料,89,1,89,花呗,已发货,无退款
ORD2025000929,2025-08-26 18:43:39,U00589,男,江苏省,常州市,P2005,机械键盘,电脑配件,399,2,798,花呗,已完成,无退款
ORD2025004401,2025-09-10 11:47:01,U01172,女,陕西省,宝鸡市,P3002,联想小新笔记本,电脑办公,4999,1,4999,银行卡,已完成,无退款
ORD2025001389,2025-03-27 04:23:56,U01367,男,江苏省,无锡市,P2002,华为 FreeBuds,数码配件,999,2,1998,花呗,退款中,退款中
ORD2025001293,2025-04-01 23:53:42,U00527,男,四川省,德阳市,P4002,阿迪达斯卫衣,服饰鞋包,399,1,399,支付宝,已完成,无退款
ORD2025000225,2025-12-15 14:44:22,U01720,男,浙江省,杭州市,P5003,三只松鼠坚果,食品饮料,59,2,118,银行卡,已取消,无退款
ORD2025000249,2025-03-24 20:46:31,U00803,女,北京市,北京市,P5002,蒙牛纯牛奶,食品饮料,69,4,276,银行卡,已完成,无退款
ORD2025001944,2025-10-24 20:57:30,U00536,男,湖北省,武汉市,P2004,罗技 MX Master 3S,电脑配件,699,2,1398,支付宝,已完成,无退款
ORD2025004932,2025-10-21 00:22:06,U00023,男,山东省,济南市,P3004,打印机,电脑办公,899,1,899,银行卡,已完成,无退款
ORD2025000334,2025-12-18 14:04:40,U00721,女,河南省,南阳市,P2005,机械键盘,电脑配件,399,1,399,微信支付,已完成,无退款
ORD2025003664,2025-08-04 09:27:22,U00656,男,四川省,德阳市,P1001,iPhone 15,手机,4999,1,4999,微信支付,已完成,无退款
ORD2025004706,2025-08-17 05:07:29,U01401,男,广东省,深圳市,P2003,小米手环 9,数码配件,299,1,299,花呗,已完成,无退款
ORD2025001730,2025-01-21 01:24:11,U00252,男,江苏省,南京市,P2004,罗技 MX Master 3S,电脑配件,699,2,1398,支付宝,已完成,无退款
ORD2025002967,2025-12-03 19:24:57,U01333,男,陕西省,咸阳市,P3001,戴尔 27英寸显示器,电脑办公,1499,1,1499,支付宝,已完成,无退款
ORD2025001573,2025-05-14 09:05:33,U00693,男,湖北省,武汉市,P3001,戴尔 27英寸显示器,电脑办公,1499,1,1499,银行卡,已发货,无退款
ORD2025003138,2025-01-06 14:55:28,U00512,女,浙江省,温州市,P5001,雀巢咖啡,食品饮料,89,1,89,微信支付,已完成,无退款
ORD2025001069,2025-10-22 22:13:33,U00416,男,山东省,烟台市,P1004,小米 15,手机,3999,1,3999,支付宝,已完成,无退款
ORD2025004622,2025-02-23 04:17:51,U00763,女,湖北省,武汉市,P3001,戴尔 27英寸显示器,电脑办公,1499,4,5996,支付宝,已完成,无退款
ORD2025001125,2025-08-14 01:30:40,U01115,女,四川省,绵阳市,P1005,荣耀 Magic7,手机,4499,2,8998,花呗,已完成,无退款
ORD2025000368,2025-02-10 08:09:50,U01097,男,湖北省,宜昌市,P5002,蒙牛纯牛奶,食品饮料,69,1,69,花呗,退款中,退款中
ORD2025002943,2025-12-21 23:29:35,U00412,男,广东省,深圳市,P4003,优衣库羽绒服,服饰鞋包,799,2,1598,银行卡,已完成,无退款
ORD2025003148,2025-11-30 20:47:59,U00875,男,江苏省,常州市,P5002,蒙牛纯牛奶,食品饮料,69,2,138,花呗,已发货,无退款
ORD2025002619,2025-06-10 10:56:35,U01260,女,湖北省,宜昌市,P1004,小米 15,手机,3999,2,7998,花呗,已完成,无退款
ORD2025002422,2025-05-25 21:13:58,U00212,男,北京市,北京市,P1001,iPhone 15,手机,4999,1,4999,支付宝,已完成,无退款
ORD2025002592,2025-04-17 07:32:27,U01705,女,四川省,德阳市,P1003,华为 Mate 70,手机,5499,2,10998,银行卡,已完成,无退款
ORD2025002528,2025-07-26 04:35:16,U01627,男,上海市,上海市,P5001,雀巢咖啡,食品饮料,89,2,178,花呗,已完成,无退款
ORD2025004801,2025-01-03 11:16:59,U01071,男,上海市,上海市,P3002,联想小新笔记本,电脑办公,4999,1,4999,银行卡,已完成,无退款
ORD2025000627,2025-03-20 16:13:46,U01545,女,湖北省,武汉市,P3003,机械革命游戏本,电脑办公,6299,1,0,银行卡,已完成,未知
ORD2025000309,2025-02-17 00:57:03,U00637,女,山东省,济南市,P1004,小米 15,手机,3999,2,7998,花呗,已取消,无退款
ORD2025001586,2025-02-07 13:03:09,U00177,女,陕西省,宝鸡市,P2002,华为 FreeBuds,数码配件,999,2,1998,花呗,已取消,无退款
ORD2025001054,2025-06-30 07:43:12,U01449,男,浙江省,杭州市,P1003,华为 Mate 70,手机,5499,1,5499,花呗,已完成,无退款
ORD2025002736,2025-07-29 10:31:33,U01265,女,湖北省,武汉市,P3002,联想小新笔记本,电脑办公,4999,1,4999,微信支付,待付款,无退款
ORD2025002459,2025-10-25 15:31:41,U00107,女,广东省,东莞市,P2005,机械键盘,电脑配件,399,2,798,微信支付,待付款,无退款
ORD2025000367,2025-10-19 15:16:35,U01301,男,江苏省,常州市,P3004,打印机,电脑办公,899,1,899,支付宝,已完成,无退款
ORD2025002714,2025-01-19 17:29:27,U01441,女,山东省,青岛市,P1005,荣耀 Magic7,手机,4499,1,4499,支付宝,已完成,无退款
ORD2025000257,2025-06-03 02:33:59,U01366,女,河南省,洛阳市,P4003,优衣库羽绒服,服饰鞋包,799,4,3196,微信支付,已完成,无退款
ORD2025002938,2025-07-23 18:15:10,U01016,男,浙江省,杭州市,P2003,小米手环 9,数码配件,299,1,299,花呗,已取消,无退款
ORD2025001566,2025-12-15 08:47:13,U01082,男,北京市,北京市,P1001,iPhone 15,手机,4999,1,4999,微信支付,已完成,无退款
ORD2025002733,2025-04-14 13:44:18,U00022,女,陕西省,宝鸡市,P3001,戴尔 27英寸显示器,电脑办公,1499,3,4497,支付宝,待付款,无退款
ORD2025004983,2025-11-14 13:29:23,U01347,女,湖北省,宜昌市,P3004,打印机,电脑办公,899,3,2697,花呗,已发货,无退款
ORD2025003862,2025-05-28 12:19:55,U00659,女,广东省,深圳市,P3002,联想小新笔记本,电脑办公,4999,1,4999,花呗,已完成,无退款
ORD2025000797,2025-10-31 11:23:29,U00057,男,湖北省,宜昌市,P1004,小米 15,手机,3999,2,7998,花呗,已完成,无退款
ORD2025000011,2025-03-05 04:14:59,U00516,男,陕西省,宝鸡市 ,P3001,戴尔 27英寸显示器,电脑办公,1499,2,2998,微信支付,已取消,未知
ORD2025001603,2025-01-03 13:09:46,U00595,男,浙江省,温州市,P2003,小米手环 9,数码配件,299,1,299,花呗,已完成,无退款
ORD2025002329,2025-10-26 07:23:20,U00176,男,四川省,成都市,P2004,罗技 MX Master 3S,电脑配件,699,1,699,支付宝,已完成,无退款
ORD2025000858,2025-04-19 02:42:12,U01278,男,北京市,北京市,P4003,优衣库羽绒服,服饰鞋包,799,1,799,银行卡,已发货,无退款
ORD2025003384,2025-09-13 22:28:10,U01115,男,广东省,广州市,P2004,罗技 MX Master 3S,电脑配件,699,1,699,微信支付,已完成,无退款
ORD2025001990,2025-13-45 25:61:00,U00971 ,男,上海市,上海市,P4001,耐克运动鞋,服饰鞋包,599,1,599,银行卡,已完成,无退款
ORD2025003463,2025-08-25 11:13:40,U01251,男,湖北省,襄阳市,P5001,雀巢咖啡,食品饮料,89,1,89,花呗,已完成,无退款
ORD2025002331,2025-11-05 02:13:03,U00182,女,陕西省,咸阳市,P1002,iPhone 15 Pro,手机,6999,2,13998,支付宝,已发货,无退款
ORD2025002326,2025-07-17 01:09:39,U00118,女,河南省,南阳市,P3003,机械革命游戏本,电脑办公,6299,1,6299,银行卡,已完成,无退款
ORD2025000684,2025-02-14 04:43:01,U01247,女,河南省,南阳市,P3004,打印机,电脑办公,899,1,899,微信支付,已发货,无退款
ORD2025000181,2025-01-09 07:31:09,U00959,男,北京市,北京市,P2004,罗技 MX Master 3S,电脑配件,699,1,699,银行卡,已完成,无退款
ORD2025001140,2025-09-01 20:02:30,U00421,女,陕西省,宝鸡市,P3003,机械革命游戏本,电脑办公,6299,1,6299,银行卡,待付款,无退款
ORD2025002911,2025-08-19 14:10:40,U00018,女,山东省,青岛市,P1003,华为 Mate 70,手机,5499,1,5499,花呗,已取消,无退款
ORD2025002913,2025-07-05 16:51:33,U00932,男,江苏省,常州市,P5002,蒙牛纯牛奶,食品饮料,69,1,69,微信支付,已完成,无退款
ORD2025000041,2025-07-08 14:58:59,U01095,男,四川省,成都市,P1001,iPhone 15,手机,4999,1,4999,银行卡,已完成,无退款
ORD2025001923,2025-09-29 02:41:49,U00943,男,江苏省,无锡市,P2001,AirPods Pro 2,数码配件,1899,1,1899,花呗,待付款,无退款
ORD2025003770,2025-06-29 20:21:58,U01747,男,湖北省,武汉市,P3002,联想小新笔记本,电脑办公,4999,4,19996,支付宝,已完成,无退款
ORD2025002871,2025-06-11 06:39:02,U00420,男,江苏省,无锡市,P5003,三只松鼠坚果,食品饮料,59,1,59,微信支付,已完成,无退款
ORD2025000740,2025-10-23 23:26:51,U00979,女,山东省,青岛市,P2004,罗技 MX Master 3S,电脑配件,699,1,699,微信支付,已完成,无退款
ORD2025000131,2025-08-03 02:52:29,U00017,女,湖北省,襄阳市,P1003,华为 Mate 70,手机,5499,2,10998,支付宝,已完成,无退款
ORD2025004114,2025-08-25 20:13:25,U01270,男,北京市,北京市,P2002,华为 FreeBuds,数码配件,999,1,999,支付宝,已完成,无退款
ORD2025001887,2025-01-28 20:42:35,U00121,女,江苏省,常州市,P1001,iPhone 15,手机,4999,2,9998,支付宝,已完成,无退款
ORD2025002277,2025-07-16 11:18:37,U01225,女,北京市,北京市,P2002,华为 FreeBuds,数码配件,999,1,999,银行卡,已完成,无退款
ORD2025003152,2025-04-28 15:05:01,U01089,男,山东省,济南市,P4002,阿迪达斯卫衣,服饰鞋包,399,1,399,微信支付,已完成,无退款
ORD2025004967,2025-04-24 20:13:50,U01709,男,湖北省,襄阳市,P1005,荣耀 Magic7,手机,4499,1,4499,微信支付,已完成,无退款
ORD2025001409,2025-08-11 18:18:34,U00102,女,浙江省,杭州市,P3004,打印机,电脑办公,899,1,899,银行卡,已完成,无退款
ORD2025001738,2025-04-23 21:17:02,U00365,男,山东省,烟台市,P2003,小米手环 9,数码配件,299,1,299,银行卡,已完成,无退款
ORD2025001648,2025-04-15 01:41:37,U01180,男,浙江省,金华市,P1003,华为 Mate 70,手机,5499,2,10998,支付宝,已完成,无退款
ORD2025001397,2025-01-09 08:09:51,U00495,男,上海市,上海市,P1003,华为 Mate 70,手机,5499,4,21996,支付宝,待付款,无退款
ORD2025003721,2025-11-26 21:02:38,U00287,男,江苏省,南京市,P3002,联想小新笔记本,电脑办公,4999,2,9998,银行卡,已完成,无退款
ORD2025000053,2025-07-08 06:49:32,U00762,男,陕西省,咸阳市,P3001,戴尔 27英寸显示器,电脑办公,1499,4,5996,花呗,已完成,无退款
ORD2025004459,2025-11-24 22:01:32,U01159,男,山东省,青岛市,P3002,联想小新笔记本,电脑办公,4999,1,4999,花呗,已完成,无退款
ORD2025004451,2025-11-30 22:32:20,U00212,女,北京市,北京市,P4001,耐克运动鞋,服饰鞋包,599,1,599,花呗,已完成,无退款
ORD2025002784,2025-03-19 07:26:19,U01743,男,湖北省,宜昌市,P2001,AirPods Pro 2,数码配件,1899,2,3798,微信支付,已完成,无退款
ORD2025001864,2025-10-05 10:16:14,U00450,女,江苏省,南京市,P2002,华为 FreeBuds,数码配件,999,3,2997,花呗,已完成,无退款
ORD2025004227,2025-11-04 07:07:15,U00942,女,山东省,济南市,P2005,机械键盘,电脑配件,399,1,399,微信支付,已完成,无退款
ORD2025002374,2025-10-24 11:45:07,U01629,女,浙江省,宁波市,P1005,荣耀 Magic7,手机,4499,1,4499,银行卡,已完成,无退款
ORD2025000410,2025-09-07 16:50:55,U00059,男,山东省,青岛市,P5001,雀巢咖啡,食品饮料,89,1,89,银行卡,已完成,无退款
ORD2025003534,2025-01-30 14:26:42,U01166,男,山东省,济南市,P4003,优衣库羽绒服,服饰鞋包,799,1,799,银行卡,已完成,无退款
ORD2025000502,2025-08-13 00:33:21,U01417,女,上海市,上海市,P3004,打印机,电脑办公,899,3,2697,支付宝,已完成,无退款
ORD2025004176,2025-02-23 20:37:44,U01561,女,陕西省,宝鸡市,P1003,华为 Mate 70,手机,5499,1,5499,银行卡,已完成,无退款
ORD2025004333,2025-07-15 14:11:23,U01240,男,北京市,北京市,P1003,华为 Mate 70,手机,5499,1,5499,银行卡,已完成,无退款
ORD2025001572,2025-12-08 20:32:47,U00824,女,河南省,郑州市,P2001,AirPods Pro 2,数码配件,1899,1,1899,微信支付,退款中,退款中
ORD2025003988,2025-09-01 11:02:55,U01353,女,山东省,烟台市,P2003,小米手环 9,数码配件,299,2,598,微信支付,已完成,无退款
ORD2025000850,2025-05-03 17:09:12,U00612,男,陕西省,宝鸡市,P1002,iPhone 15 Pro,手机,6999,2,13998,微信支付,已完成,无退款
ORD2025004266,2025-01-14 16:43:25,U00224,男,陕西省,西安市,P1002,iPhone 15 Pro,手机,6999,1,6999,花呗,已完成,无退款
ORD2025001315,2025-09-05 21:18:04,U00679,男,河南省,郑州市,P5001,雀巢咖啡,食品饮料,89,3,267,微信支付,退款中,退款中
ORD2025000650,2025-07-01 06:22:06,U00040,男,浙江省,杭州市,P2002,华为 FreeBuds,数码配件,999,1,999,微信支付,已完成,无退款
ORD2025001087,2025-03-12 09:56:37,U00272,男,四川省,德阳市,P4001,耐克运动鞋,服饰鞋包,599,1,599,支付宝,已完成,无退款
ORD2025003010,2025-06-23 02:38:34,U01711,女,湖北省,襄阳市,P4002,阿迪达斯卫衣,服饰鞋包,399,-1,399,支付宝,已发货,无退款
ORD2025002144,2025-08-17 09:23:34,U00573,男,北京市,北京市,P2005,机械键盘,电脑配件,399,2,798,花呗,退款中,退款中
ORD2025001941,2025-03-20 21:12:03,U01090,女,陕西省,西安市,P1002,iPhone 15 Pro,手机,6999,3,20997,银行卡,已完成,无退款
ORD2025002831,2025-03-12 11:22:30,U00612,男,四川省,绵阳市,P2003,小米手环 9,数码配件,299,1,299,支付宝,待付款,无退款
ORD2025003150,2025-05-20 00:36:30,U00069,女,北京市,北京市,P5001,雀巢咖啡,食品饮料,89,1,89,银行卡,已完成,无退款
ORD2025001470,2025-06-06 04:57:05,U00443,男,四川省,德阳市,P2001,AirPods Pro 2,数码配件,1899,1,1899,银行卡,已完成,无退款
ORD2025002697,2025-06-22 04:06:14,U00386,女,山东省,烟台市,P2001,AirPods Pro 2,数码配件,1899,1,1899,花呗,已发货,无退款
ORD2025004509,2025-05-28 10:40:24,U00395,女,广东省,东莞市,P4001,耐克运动鞋,服饰鞋包,599,2,1198,花呗,待付款,无退款
ORD2025004940,2025-04-27 20:17:50,U00816,男,河南省,洛阳市,P1002,iPhone 15 Pro,手机,6999,1,6999,支付宝,已完成 ,无退款
ORD2025003094,2025-12-07 22:56:30,U01713,男,湖北省,武汉市,P1001,iPhone 15,手机,4999,4,19996,银行卡,已完成,无退款
ORD2025002078,2025-09-07 17:51:45,U00870,女,上海市,上海市,P4001,耐克运动鞋,服饰鞋包,599,2,1198,银行卡,已完成,无退款
ORD2025004508,2025-07-15 12:11:52,U00295,男,广东省,广州市,P5001,雀巢咖啡,食品饮料,89,2,178,花呗,已发货,无退款
ORD2025004764,2025-11-28 08:01:59,U01611,女,江苏省,苏州市,P2003,小米手环 9,数码配件,299,1,299,微信支付,已完成,无退款
ORD2025003190,2025-03-02 14:31:57,U00121,男,上海市,上海市,P2003,小米手环 9,数码配件,299,2,598,微信支付,待付款,无退款
ORD2025004898,2025-07-03 23:04:21,U00667,男,广东省,东莞市,P2004,罗技 MX Master 3S,电脑配件,699,1,699,银行卡,已完成,无退款
ORD2025003510,2025-03-22 18:20:45,U00957,女,北京市,北京市,P2005,机械键盘,电脑配件,399,2,798,支付宝,待付款,无退款
ORD2025004901,2025-01-16 18:43:53,U01112,男,四川省,德阳市,P5002,蒙牛纯牛奶,食品饮料,69,3,207,花呗,已发货,无退款
ORD2025004405,2025-03-08 15:24:39,U00867,女,上海市,上海市,P2001,AirPods Pro 2,数码配件,1899,1,1899,支付宝,已完成,无退款
ORD2025003890,2025-08-09 23:13:30,U01404,女,山东省,青岛市,P3004,打印机,电脑办公,899,2,1798,花呗,已完成,无退款
ORD2025002276,2025-10-05 12:17:11,U01309,女,陕西省,咸阳市,P1004,小米 15,手机,3999,1,3999,支付宝,已完成,无退款
ORD2025002633,2025-05-19 01:24:53,U01738,女,陕西省,咸阳市,P5002,蒙牛纯牛奶,食品饮料,69,1,69,支付宝,已完成,无退款
ORD2025002419,2025-12-26 13:13:56,U01624,男,四川省,德阳市,P1003,华为 Mate 70,手机,5499,1,5499,花呗,已发货,无退款
ORD2025003427,2025-06-20 02:37:24,U01516,女,北京市,北京市,P3002,联想小新笔记本,电脑办公,4999,1,4999,花呗,已完成,无退款
ORD2025002752,2025-12-19 11:41:23,U01274,女,河南省,南阳市,P2005,机械键盘,电脑配件,399,1,399,花呗,已取消,无退款
ORD2025002037,2025-08-14 08:32:55,U00557,女,江苏省,无锡市,P3003,机械革命游戏本,电脑办公,6299,5,31495,花呗,待付款,无退款
ORD2025002768,2025-10-27 19:49:58,U01277,女,北京市,北京市,P3002,联想小新笔记本,电脑办公,4999,3,14997,银行卡,已发货,无退款
ORD2025000074,2025-01-12 23:13:16,U00765,男,江苏省,苏州市,P3001,戴尔 27英寸显示器,电脑办公,1499,1,1499,花呗,退款中,退款中
ORD2025003804,2025-05-16 12:56:42,U01738,男,浙江省,金华市,P4003,优衣库羽绒服,服饰鞋包,799,1,799,银行卡,已完成,无退款
ORD2025004989,2025-08-31 10:40:25,U01299,女,江苏省,苏州市,P5003,三只松鼠坚果,食品饮料,59,4,236,微信支付,已完成,无退款
ORD2025003032,2025-05-28 12:42:24,U01397,男,河南省,南阳市,P3004,打印机,电脑办公,899,2,1798,银行卡,已完成,无退款
ORD2025002283,2025-09-16 11:26:59,U00666,男,江苏省,常州市,P5001,雀巢咖啡,食品饮料,89,2,178,支付宝,已完成,无退款
ORD2025003658,2025-02-01 03:47:25,U00556,女,广东省,东莞市,P5002,蒙牛纯牛奶,食品饮料,69,2,138,微信支付,已完成,无退款
ORD2025000866,2025-11-08 20:22:33,U00846,女,广东省,东莞市,P1002,iPhone 15 Pro,手机,6999,2,13998,微信支付,已完成,无退款
ORD2025002505,2025-07-28 01:44:33,U00655,男,陕西省,宝鸡市,P4002,阿迪达斯卫衣,服饰鞋包,399,2,798,花呗,已完成,无退款
ORD2025004025,2025-03-03 02:29:28,U01149,男,山东省,青岛市,P5003,三只松鼠坚果,食品饮料,59,1,59,银行卡,已完成,无退款
ORD2025004342,2025-05-16 04:50:06,U01392,男,陕西省,咸阳市,P3001,戴尔 27英寸显示器,电脑办公,1499,3,4497,银行卡,已发货,无退款
ORD2025001298,2025-07-27 09:22:08,U01579,女,河南省,郑州市,P2004,罗技 MX Master 3S,电脑配件,699,1,699,支付宝,已取消,无退款
ORD2025000425,2025-09-14 04:16:52,U01679,女,浙江省,杭州市,P5002,蒙牛纯牛奶,食品饮料,69,1,69,花呗,已完成,无退款
ORD2025003403,2025-01-09 15:50:58,U01247,女,上海市,上海市,P1001,iPhone 15,手机,4999,4,19996,微信支付,已完成,无退款
ORD2025003439,2025-04-10 03:15:56,U00788,女,江苏省,常州市,P4002,阿迪达斯卫衣,服饰鞋包,399,2,798,花呗,已完成,无退款
ORD2025000641,2025-03-16 10:52:30,U00765,男,上海市,上海市,P5003,三只松鼠坚果,食品饮料,59,1,59,银行卡,已完成,无退款
ORD2025004868,2025-03-03 22:57:22,U01466,女,湖北省,襄阳市,P2005,机械键盘,电脑配件,399,1,399,花呗,已发货,无退款
ORD2025003445,2025-10-15 12:35:33,U00848,男,山东省,青岛市,P1002,iPhone 15 Pro,手机,6999,2,13998,微信支付,已完成,无退款
ORD2025000701,2025-12-14 06:37:00,U00506,女,山东省,烟台市,P1001,iPhone 15,手机,4999,1,4999,银行卡,已完成,无退款
ORD2025001570,2025-12-04 09:39:37,U01071,男,四川省,德阳市,P2004,罗技 MX Master 3S,电脑配件,699,1,699,支付宝,已完成,无退款
ORD2025002852,2025-05-29 02:21:18,U00678,女,河南省,南阳市,P1004,小米 15,手机,3999,1,3999,微信支付,已发货,无退款
ORD2025001263,2025-03-10 22:35:37,U00329,男,广东省,东莞市,P2002,华为 FreeBuds,数码配件,999,1,999,银行卡,已完成,无退款
ORD2025001695,2025-08-05 19:23:17,U00603,男,北京市,北京市,P5003,三只松鼠坚果,食品饮料,59,1,59,银行卡,退款中,退款中
ORD2025002288,2025-06-12 04:33:21,U01457,女,北京市,北京市,P2002,华为 FreeBuds,数码配件,999,4,3996,支付宝,已发货,无退款
ORD2025002702,2025-12-09 14:28:05,U00534,女,江苏省,苏州市,P4001,耐克运动鞋,服饰鞋包,599,2,1198,支付宝,已完成,无退款
ORD2025004871,2025-10-11 18:49:22,U01333,男,湖北省,武汉市,P2004,罗技 MX Master 3S,电脑配件,699,1,699,花呗,退款中,退款中
ORD2025002958,2025-03-21 00:42:04,U00408,男,山东省,济南市,P1002,iPhone 15 Pro,手机,6999,1,6999,微信支付,已完成,无退款
ORD2025001541,2025-01-04 00:59:31,U00062,男,河南省,洛阳市,P3001,戴尔 27英寸显示器,电脑办公,1499,1,1499,花呗,已发货,无退款
ORD2025002038,2025-09-08 20:33:33,U01210,女,河南省,南阳市,P4003,优衣库羽绒服,服饰鞋包,799,1,799,支付宝,已完成,无退款
ORD2025002984,2025-05-15 20:41:06,U01563,女,湖北省,武汉市,P2002,华为 FreeBuds,数码配件,999,3,2997,微信支付,已完成,无退款
ORD2025001492,2025-07-09 08:17:18,U01013,男,四川省,德阳市,P3001,戴尔 27英寸显示器,电脑办公,1499,1,1499,微信支付,已完成,无退款
ORD2025003348,2025-11-02 02:55:42,U00668,男,上海市,上海市,P2001,AirPods Pro 2,数码配件,1899,1,1899,花呗,已完成,无退款
ORD2025003472,2025-04-21 19:53:11,U00740,男,江苏省,,P4001,耐克运动鞋,服饰鞋包,599,2,1198,支付宝,已完成,无退款
ORD2025000542,2025-09-11 23:42:20,U00348,女,陕西省,宝鸡市,P5001,雀巢咖啡,食品饮料,89,1,89,支付宝,已发货,无退款
ORD2025003142,2025-02-18 18:46:56,U00060,男,河南省,洛阳市,P2005,机械键盘,电脑配件,399,3,1197,微信支付,已完成,无退款
ORD2025001088,2025-04-27 14:50:49,U01291,男,江苏省,南京市,P2002,华为 FreeBuds,数码配件,999,2,1998,花呗,已完成,无退款
ORD2025001236,2025-02-21 08:20:12,U00279,男,广东省,深圳市,P5003,三只松鼠坚果,食品饮料,59,4,236,微信支付,已完成,无退款
ORD2025001602,2025-09-08 12:32:48,U01296,女,江苏省,苏州市,P3002,联想小新笔记本,电脑办公,4999,1,4999,支付宝,已完成,无退款
ORD2025000294,2025-09-23 05:12:17,U01277,女,四川省,德阳市,P1001,iPhone 15,手机,4999,2,9998,支付宝,已取消,无退款
ORD2025004988,2025-12-18 23:43:16,U00712,男,湖北省,宜昌市,P4001,耐克运动鞋,服饰鞋包,599,1,599,银行卡,已完成,无退款
ORD2025001383,2025-01-03 11:42:44,U00515,男,江苏省,苏州市,P3004,打印机,电脑办公,899,1,899,微信支付,待付款,无退款
ORD2025001258,2025-04-18 09:07:43,U00315,女,四川省,成都市,P2003,小米手环 9,数码配件,299,1,299,微信支付,已完成,无退款
ORD2025002342,2025-05-18 17:26:16,U01449,男,浙江省,金华市,P1004,小米 15,手机,3999,1,3999,微信支付,已完成,无退款
ORD2025004890,2025-02-03 22:48:49,U01187,男,四川省,成都市,P1001,iPhone 15,手机,4999,4,19996,银行卡,已完成,无退款
ORD2025002163,2025-09-10 12:51:21,U00433,男,河南省,南阳市,P2002,华为 FreeBuds,数码配件,999,3,2997,支付宝,已完成,无退款
ORD2025002240,2025-05-03 05:52:34,U01752,女,江苏省,常州市,P3003,机械革命游戏本,电脑办公,6299,1,6299,微信支付,退款中,退款中
ORD2025001924,2025-01-26 23:47:16,U00207,女,湖北省,襄阳市,P5001,雀巢咖啡,食品饮料,89,2,-178,花呗,已完成,无退款
ORD2025002504,2025-02-25 21:06:49,U01437,女,河南省,南阳市,P2004,罗技 MX Master 3S,电脑配件,699,1,699,支付宝,已完成,无退款
ORD2025000619,2025-01-26 00:40:15,U00932,女,湖北省,襄阳市,P4001,耐克运动鞋,服饰鞋包,599,1,599,银行卡,已完成,无退款
ORD2025003335,2025-08-18 04:20:23,U01105,女,浙江省,金华市,P2002,华为 FreeBuds,数码配件,999,1,999,银行卡,已取消,无退款
ORD2025004596,2025-09-08 01:05:25,U01495,女,广东省,广州市,P5002,蒙牛纯牛奶,食品饮料,69,1,69,微信支付,已完成,无退款
ORD2025004204,2025-10-01 10:00:51,U01124,女,上海市,上海市,P3002,联想小新笔记本,电脑办公,4999,1,4999,微信支付,已完成,无退款
ORD2025000774,2025-02-27 17:06:07,U00672,男,上海市,上海市,P1002,iPhone 15 Pro,手机,6999,1,6999,支付宝,已发货,无退款
ORD2025002476,2025-05-27 05:57:01,U00335,女,广东省,东莞市,P2005,机械键盘,电脑配件,399,4,1596,花呗,已完成,无退款
ORD2025004376,2025-05-20 13:40:37,U01436,女,上海市,上海市,P3001,戴尔 27英寸显示器,电脑办公,1499,2,2998,微信支付,已完成,无退款
ORD2025002443,2025-05-22 06:10:56,U00663,男,陕西省,西安市,P1002,iPhone 15 Pro,手机,6999,1,6999,支付宝,已发货,无退款
ORD2025002093,2025-06-08 08:18:42,U01376,男,浙江省,杭州市,P5001,雀巢咖啡,食品饮料,89,1,89,花呗,已完成,无退款
ORD2025001237,2025-06-29 23:44:33,U00010,女,四川省,绵阳市,P5003,三只松鼠坚果,食品饮料,59,1,59,银行卡,已发货,无退款
ORD2025001190,2025-04-02 13:59:24,U01052,女,陕西省,咸阳市,P5001,雀巢咖啡,食品饮料,89,1,89,花呗,已取消,无退款
ORD2025000987,2025-08-19 07:14:50,U01501,女,陕西省,咸阳市,P2001,AirPods Pro 2,数码配件,1899,3,5697,花呗,已完成,无退款
ORD2025003560,2025-04-01 08:29:33,U01660,女,湖北省,武汉市,P1001,iPhone 15,手机,4999,1,4999,银行卡,已完成,无退款
ORD2025004066,2025-07-23 01:06:51,U00337,男,陕西省,西安市,P2002,华为 FreeBuds,数码配件,999,2,1998,银行卡,已完成,无退款
ORD2025002530,2025-08-30 21:47:49,U01535,女,湖北省,襄阳市,P2005,机械键盘,电脑配件,399,1,399,微信支付,已完成,无退款
ORD2025000020,2025-07-30 13:09:06,U01314,男,浙江省,宁波市,P4001,耐克运动鞋,服饰鞋包,599,1,599,银行卡,已完成,无退款
ORD2025000175,2025-08-10 16:54:57,U00885,男,广东省,东莞市,P1004,小米 15,手机,3999,1,3999,银行卡,已完成,无退款
ORD2025000447,2025-09-09 10:39:09,U00621,男,河南省,洛阳市,P5003,三只松鼠坚果,食品饮料,59,3,177,花呗,已完成,无退款
ORD2025000460,2025-08-24 06:03:57,U00927,女,山东省,济南市,P2001,AirPods Pro 2,数码配件,1899,1,1899,支付宝,已取消,无退款
ORD2025000356,2025-10-21 12:01:21,U00614,男,上海市,上海市,P5001,雀巢咖啡,食品饮料,89,2,178,支付宝,已完成,无退款
ORD2025001658,2025-11-06 14:31:40,U00006,男,陕西省,咸阳市,P4003,优衣库羽绒服,服饰鞋包,799,2,1598,银行卡,已完成,已退款
ORD2025000601,2025-10-05 11:29:15,U01624,女,浙江省,杭州市,P4001,耐克运动鞋,服饰鞋包,599,1,599,花呗,已完成,无退款
ORD2025002213,2025-06-12 23:49:42,U01062,男,山东省,青岛市,P4003,优衣库羽绒服,服饰鞋包,799,1,799,花呗,已完成,无退款
ORD2025003546,2025-06-26 23:44:57,U00978,男,湖北省,宜昌市,P3001,戴尔 27英寸显示器,电脑办公,1499,2,2998,支付宝,已完成,无退款
ORD2025003614,2025-01-21 13:28:22,U00779,男,四川省,德阳市,P2005,机械键盘,电脑配件,399,1,399,支付宝,已完成,无退款
ORD2025002555,2025-02-18 07:33:46,U01308,男,四川省,绵阳市,P3003,机械革命游戏本,电脑办公,6299,1,6299,银行卡,已完成,无退款
ORD2025003905,2025-10-29 00:06:56,U00444,男,河南省,洛阳市,P5001,雀巢咖啡,食品饮料,89,2,178,银行卡,已发货,无退款
ORD2025002484,2025-02-01 18:17:24,U00652,男,上海市,上海市,P2005,机械键盘,电脑配件,399,1,399,支付宝,已完成,无退款
ORD2025000005,2025-07-21 10:49:28,U01399,男,广东省,广州市,P3003,机械革命游戏本,电脑办公,6299,1,6299,微信支付,已完成,无退款
ORD2025000796,2025-07-06 08:23:14,U00439,男,陕西省,宝鸡市,P5001,雀巢咖啡,食品饮料,89,2,178,银行卡,已完成,无退款
ORD2025000156,2025-11-20 10:49:56,U01550,男,浙江省,杭州市,P3001,戴尔 27英寸显示器,电脑办公,1499,1,1499,微信支付,已完成,无退款
ORD2025004089,2025-12-04 10:12:42,U00328,男,广东省,佛山市,P5001,雀巢咖啡,食品饮料,89,2,178,微信支付,已完成,无退款
ORD2025003873,2025-04-18 08:40:14,U00566,女,河南省,南阳市,P2003,小米手环 9,数码配件,299,1,299,支付宝,已完成,无退款
ORD2025003691,2025-09-27 13:21:47,U00710,女,河南省,南阳市,P2005,机械键盘,电脑配件,399,3,1197,微信支付,已完成,无退款
ORD2025003697,2025-01-28 00:20:39,U00686,男,广东省,东莞市,P3001,戴尔 27英寸显示器,电脑办公,1499,1,1499,银行卡,已完成,无退款
ORD2025004099,2025-08-24 00:19:51,U01745,男,山东省,济南市,P1005,荣耀 Magic7,手机,4499,1,4499,微信支付,已完成,无退款
ORD2025001468,2025-05-22 03:48:56,U00420,女,河南省,洛阳市,P2002,华为 FreeBuds,数码配件,999,1,999,花呗,已完成,无退款
ORD2025002430,2025-10-21 11:58:38,U01155,女,广东省,深圳市,P2004,罗技 MX Master 3S,电脑配件,699,2,1398,花呗,已完成,无退款
ORD2025002154,2025-05-18 08:26:34,U00037,女,北京市,北京市,P4001,耐克运动鞋,服饰鞋包,599,1,599,微信支付,已完成,无退款
ORD2025003843,2025-03-26 12:51:12,U00365,女,湖北省,襄阳市,P3002,联想小新笔记本,电脑办公,4999,1,4999,支付宝,已发货,无退款
ORD2025003034,2025-03-25 10:35:32,U00586,男,山东省,烟台市,P3001,戴尔 27英寸显示器,电脑办公,1499,1,1499,微信支付,已完成,无退款
ORD2025004117,2025-08-23 06:42:48,U01393,男,浙江省,温州市,P4001,耐克运动鞋,服饰鞋包,599,1,599,支付宝,已完成,无退款
ORD2025001914,2025-02-27 13:56:07,U00427,男,陕西省,咸阳市,P2005,机械键盘,电脑配件,399,2,798,支付宝,已发货,无退款
ORD2025001753,2025-02-17 04:18:08,U00962,男,山东省,青岛市,P1005,荣耀 Magic7,手机,4499,1,4499,微信支付,已完成,无退款
ORD2025003619,2025-11-04 11:12:50,U00762,女,北京市,北京市,P5003,三只松鼠坚果,食品饮料,59,2,118,花呗,待付款,无退款
ORD2025001785,2025-12-21 04:17:11,U00388,女,四川省,绵阳市,P4002,阿迪达斯卫衣,服饰鞋包,399,1,399,银行卡,已完成,无退款
ORD2025002850,2025-05-03 23:57:04,U01318,男,广东省,东莞市,P4001,耐克运动鞋,服饰鞋包,599,2,1198,微信支付,已发货,无退款
ORD2025000891,2025-07-04 11:08:54,U01687,男,湖北省,襄阳市,P2004,罗技 MX Master 3S,电脑配件,699,1,699,花呗,已取消,无退款
ORD2025001563,2025-11-13 20:59:52,U00081,男,上海市,上海市,P1003,华为 Mate 70,手机,5499,1,5499,银行卡,已完成,无退款
ORD2025003778,2025-02-10 04:18:29,U00526,男,浙江省,杭州市,P5002,蒙牛纯牛奶,食品饮料,69,1,69,支付宝,已发货,无退款
ORD2025003698,2025-10-22 22:21:28,U00791,女,山东省,烟台市,P4001,耐克运动鞋,服饰鞋包,599,1,599,花呗,已完成,无退款
ORD2025001861,2025-04-26 17:18:55,U00369,男,广东省,深圳市,P5002,蒙牛纯牛奶,食品饮料,69,2,138,花呗,已完成,无退款
ORD2025003278,2025-03-21 07:09:25,U00695,女,北京市,北京市,P1005,荣耀 Magic7,手机,4499,2,8998,花呗,已完成,无退款
ORD2025004938,2025-08-28 16:32:46,U01397,男,北京市,北京市,P4002,阿迪达斯卫衣,服饰鞋包,399,5,1995,银行卡,待付款,无退款
ORD2025000239,2025-03-31 13:28:17,U00140,男,四川省,德阳市,P5002,蒙牛纯牛奶,食品饮料,69,1,69,花呗,待付款,无退款
ORD2025001636,2025-01-10 15:07:01,U01466,女,北京市,北京市,P3001,戴尔 27英寸显示器,电脑办公,1499,1,1499,微信支付,已完成,无退款
ORD2025000832,2025-05-01 16:03:30,U01063,男,上海市,上海市,P4002,阿迪达斯卫衣,服饰鞋包,399,2,798,支付宝,待付款,无退款
ORD2025004991,2025-05-15 07:02:21,U01542,男,北京市,北京市,P2004,罗技 MX Master 3S,电脑配件,699,1,699,支付宝,已完成,无退款
ORD2025004742,2025-12-22 03:47:36,U00216,男,河南省,郑州市,P5002,蒙牛纯牛奶,食品饮料,69,1,69,微信支付,已发货,无退款
ORD2025004265,2025-04-26 00:13:09,U00949,女,四川省,成都市,P4001,耐克运动鞋,服饰鞋包,599,1,599,银行卡,已完成,已退款 
ORD2025000691,2025-04-21 12:34:34,U00801,男,河南省,南阳市,P3001,戴尔 27英寸显示器,电脑办公,1499,5,7495,花呗,已完成,无退款
ORD2025004432,2025-07-08 11:29:35,U01114,男,江苏省,苏州市,P1002,iPhone 15 Pro,手机,6999,2,13998,花呗,已完成,无退款
ORD2025000997,2025-12-24 06:27:57,U00402,女,江苏省,苏州市,P3004,打印机,电脑办公,899,4,3596,花呗,已发货,无退款
ORD2025003794,2025-04-05 10:34:57,U00445,女,山东省,烟台市,P2002,华为 FreeBuds,数码配件,999,1,999,银行卡,已完成,无退款
ORD2025001618,2025-11-29 20:22:04,U00567,男,江苏省,无锡市,P2005,机械键盘,电脑配件,399,2,798,花呗,已完成,无退款
ORD2025002032,2025-06-20 21:34:01,U00717,女,上海市,上海市,P1002,iPhone 15 Pro,手机,6999,1,6999,银行卡,已发货,无退款
ORD2025004300,2025-03-15 14:46:08,U01664,男,山东省,济南市,P5003,三只松鼠坚果,食品饮料,59,2,118,银行卡,已取消,无退款
ORD2025004676,2025-07-11 00:02:11,U00673,男,湖北省,宜昌市,P1002,iPhone 15 Pro,手机,6999,1,6999,银行卡,已取消,无退款
ORD2025004296,2025-07-14 02:42:21,U01215,女,浙江省,杭州市,P2004,罗技 MX Master 3S,电脑配件,699,1,699,银行卡,已完成,无退款
ORD2025003773,2025-07-27 10:31:05,U00136,男,山东省,济南市,P1001,iPhone 15,手机,4999,1,4999,支付宝,已完成,无退款
ORD2025000436,2025-04-14 20:33:44,U00856,男,浙江省,杭州市,P3003,机械革命游戏本,电脑办公,6299,1,6299,支付宝,已完成,无退款
ORD2025004785,2025-03-07 11:06:05,U00109,女,山东省,青岛市,P2004,罗技 MX Master 3S,电脑配件,699,2,1398,微信支付,已完成,无退款
ORD2025001060,2025-09-14 09:19:01,U00741,男,陕西省,西安市,P2002,华为 FreeBuds,数码配件,0,1,999,银行卡,已完成,无退款
ORD2025002879,2025-10-21 02:23:22,U01794,男,浙江省,杭州市,P3004,打印机,电脑办公,899,1,899,支付宝,已完成,无退款
ORD2025001250,2025-05-22 11:31:48,U00232,男,广东省,佛山市,P4001,耐克运动鞋,服饰鞋包,599,1,599,微信支付,已完成,无退款
ORD2025001703,2025-11-05 14:56:28,U00527,女,北京市,北京市,P1004,小米 15,手机,3999,1,3999,支付宝,已完成,无退款
ORD2025003064,2025-07-05 16:05:49,U01287,男,山东省,青岛市,P5003,三只松鼠坚果,食品饮料,59,1,59,银行卡,已完成,无退款
ORD2025002783,2025-04-21 16:14:44,U00466,男,北京市,北京市,P2004,罗技 MX Master 3S,电脑配件,699,4,2796,支付宝,已完成,已退款
ORD2025003167,2025-01-25 03:55:06,U00415,女,山东省,济南市,P1004,小米 15,手机,3999,1,3999,银行卡,已完成,无退款
ORD2025000384,2025-02-04 20:10:32,U00954,男,河南省,洛阳市,P2003,小米手环 9,数码配件,299,2,598,花呗,已完成,无退款
ORD2025002682,2025-05-06 10:34:28,U01634,女,上海市,上海市,P3002,联想小新笔记本,电脑办公,4999,1,4999,支付宝,已完成,无退款
ORD2025004832,2025-12-19 21:23:57,U00341,男,河南省,洛阳市,P4002,阿迪达斯卫衣,服饰鞋包,399,2,798,花呗,退款中,退款中
ORD2025000340,2025-07-15 04:31:14,U01554,女,河南省,南阳市,P3003,机械革命游戏本,电脑办公,6299,2,12598,支付宝,已发货,无退款
ORD2025001093,2025-05-08 10:23:39,U00256,女,陕西省,宝鸡市,P5003,三只松鼠坚果,食品饮料,59,1,59,支付宝,已完成,无退款
ORD2025001698,2025-04-26 01:26:43,U01126,男,广东省,深圳市,P4003,优衣库羽绒服,服饰鞋包,799,2,1598,银行卡,已完成,无退款
ORD2025000618,2025-05-07 21:33:57,U01757,女,河南省,洛阳市,P2003,小米手环 9,数码配件,299,5,1495,花呗,已完成,无退款
ORD2025001555,2025-01-07 00:22:38,U00214,女,江苏省,南京市,P5003,三只松鼠坚果,食品饮料,59,1,59,支付宝,退款中,退款中
ORD2025004809,2025-09-16 18:38:51,U01133,男,广东省,东莞市,P2005,机械键盘,电脑配件,399,1,399,微信支付,已完成,无退款
ORD2025003958,2025-09-17 00:25:30,U01004,男,上海市,上海市,P3003,机械革命游戏本,电脑办公,6299,4,25196,花呗,已完成,无退款
ORD2025000962,2025-09-13 18:59:09,U00877,女,上海市,上海市,P2001,AirPods Pro 2,数码配件,1899,1,1899,微信支付,已完成,无退款
ORD2025000055,2025-11-18 12:54:03,U01421,男,河南省,洛阳市,P2003,小米手环 9,数码配件,299,1,299,银行卡,待付款,无退款
ORD2025000780,2025-08-16 09:48:12,U00081,男,浙江省,温州市,P4002,阿迪达斯卫衣,服饰鞋包,399,1,399,支付宝,已取消,无退款
ORD2025001187,2025-02-08 09:44:16,U01012,女,浙江省,金华市,P1001,iPhone 15,手机,4999,1,4999,银行卡,已完成,无退款
ORD2025002192,2025-04-05 02:05:16,U01554,男,北京市,北京市,P1004,小米 15,手机,3999,1,3999,微信支付,退款中,退款中
ORD2025004447,2025-06-22 04:33:06,U01763,女,江苏省,南京市,P2002,华为 FreeBuds,数码配件,999,1,999,微信支付,已完成,无退款
ORD2025000246,2025-06-09 04:01:36,U00749,女,四川省,成都市,P3003,机械革命游戏本,电脑办公,6299,2,12598,银行卡,已完成,无退款
ORD2025001201,2025-03-06 02:10:08,U01473,男,四川省,成都市,P1004,小米 15,手机,3999,1,3999,支付宝,已完成,无退款
ORD2025003976,2025-01-25 16:22:32,U00097,女,四川省,绵阳市,P1001,iPhone 15,手机,4999,1,4999,银行卡,已完成,无退款
ORD2025001890,2025-09-05 10:28:33,U00368,女,浙江省,宁波市,P4001,耐克运动鞋,服饰鞋包,599,1,599,花呗,已发货,无退款
ORD2025002782,2025-02-12 03:14:44,U00310,男,江苏省,南京市,P4001,耐克运动鞋,服饰鞋包,599,1,599,花呗,已完成,无退款
ORD2025002146,2025-09-29 20:46:11,U00692,男,湖北省,宜昌市,P3002,联想小新笔记本,电脑办公,4999,1,4999,微信支付,已完成,无退款
ORD2025004355,2025-12-25 14:46:57,U01168,男,浙江省,宁波市,P5002,蒙牛纯牛奶,食品饮料,69,1,69,银行卡,已完成,无退款
ORD2025003450,2025-03-22 20:56:15,U00797,女,广东省,广州市,P1004,小米 15,手机,3999,1,3999,微信支付,已完成,无退款
ORD2025000935,2025-11-20 04:31:11,U00028,男,四川省,绵阳市,P1005,荣耀 Magic7,手机,4499,1,4499,支付宝,已完成,无退款
ORD2025004331,2025-02-13 15:10:26,U00196,女,上海市,上海市,P5002,蒙牛纯牛奶,食品饮料,69,1,69,支付宝,已完成,无退款
ORD2025000852,2025-12-23 18:42:57,U01767,女,河南省,洛阳市,P5001,雀巢咖啡,食品饮料,89,1,89,微信支付,已发货,无退款
ORD2025002691,2025-04-11 05:39:28,U00287,男,山东省,济南市,P5003,三只松鼠坚果,食品饮料,59,3,177,银行卡,已完成,无退款
ORD2025000023,2025-04-09 18:31:03,U00179,女,河南省,郑州市,P2001,AirPods Pro 2,数码配件,1899,4,7596,银行卡,已完成,无退款
ORD2025004441,2025-06-20 20:02:24,U01180,女,山东省,青岛市,P1001,iPhone 15,手机,4999,2,9998,支付宝,已取消,无退款
ORD2025000391,2025-01-04 05:35:55,U00110,男,浙江省,金华市,P1003,华为 Mate 70,手机,5499,1,5499,花呗,已发货,无退款
ORD2025000788,2025-08-02 01:46:50,U00873,男,湖北省,武汉市,P3004,打印机,电脑办公,899,1,899,支付宝,已完成,无退款
ORD2025000043,2025-11-27 11:35:45,U00381,男,江苏省,南京市,P1004,小米 15,手机,3999,1,3999,银行卡支付,已完成,无退款
ORD2025001425,2025-02-20 19:33:53,U00408,女,四川省,德阳市,P2005,机械键盘,电脑配件,399,1,399,支付宝,已完成,无退款
ORD2025001354,2025-07-21 12:00:51,U01574,男,河南省,洛阳市,P5001,雀巢咖啡,食品饮料,89,2,178,支付宝,已完成,已退款
ORD2025000669,2025-01-25 17:15:04,U00247,女,江苏省,常州市,P2002,华为 FreeBuds,数码配件,999,1,999,微信支付,已完成,无退款
ORD2025001142,2025-03-29 00:23:37,U01032,男,北京市,北京市,P4003,优衣库羽绒服,服饰鞋包,799,1,799,花呗,已完成,无退款
ORD2025001325,2025-11-27 07:34:19,U00647,女,广东省,东莞市,P5002,蒙牛纯牛奶,食品饮料,69,4,276,银行卡,已发货,无退款
ORD2025000332,2025-06-27 07:15:26,U00517,男,北京市,北京市,P3003,机械革命游戏本,电脑办公,6299,1,6299,支付宝,已完成,无退款
ORD2025000303,2025-11-10 04:25:25,U00513,男,山东省,济南市,P2002,华为 FreeBuds,数码配件,999,2,1998,微信支付,已完成,无退款
ORD2025002371,2025-03-25 19:04:15,U00713,男,陕西省,咸阳市,P1002,iPhone 15 Pro,手机,6999,1,6999,花呗,已取消,无退款
ORD2025004808,2025-08-03 04:50:17,U00674,男,北京市,北京市,P1005,荣耀 Magic7,手机,4499,3,13497,银行卡,待付款,无退款
ORD2025002176,2025-08-23 03:58:23,U01681,男,四川省,德阳市,P3004,打印机,电脑办公,899,1,899,微信支付,已取消,无退款
ORD2025002862,2025-07-02 12:16:12,U00879,女,湖北省,宜昌市,P1003,华为 Mate 70,手机,5499,4,21996,花呗,已完成,无退款
ORD2025001466,2025-06-26 09:43:54,U00759,男,湖北省,武汉市,P1003,华为 Mate 70,手机,,1,5499,银行卡,已发货,无退款
ORD2025000617,2025-07-15 08:14:48,U00807,男,陕西省,宝鸡市,P4001,耐克运动鞋,服饰鞋包,599,1,599,花呗,已完成,无退款
ORD2025000791,2025-11-22 12:35:15,U01312,男,广东省,深圳市,P1003,华为 Mate 70,手机,5499,1,5499,银行卡,已完成,无退款
ORD2025004997,2025-10-11 15:09:44,U01583,女,北京市,北京市,P3001,戴尔 27英寸显示器,电脑办公,1499,1,1499,银行卡,已完成,无退款
ORD2025004570,2025-07-04 08:30:31,U01050,男,浙江省,金华市,P1003,华为 Mate 70,手机,5499,1,5499,银行卡,已发货,无退款
ORD2025001624,2025-12-19 11:01:41,U00360,女,河南省,洛阳市,P4001,耐克运动鞋,服饰鞋包,599,4,2396,微信支付,已完成,无退款
ORD2025003183,2025-08-02 04:48:32,U01650,男,陕西省,西安市,P1002,iPhone 15 Pro,手机,6999,1,6999,支付宝,已完成,无退款
ORD2025000540,2025-11-16 02:18:21,U01715,男,上海市,上海市,P5003,三只松鼠坚果,食品饮料,59,2,118,花呗,已完成,无退款
ORD2025002449,2025-05-29 12:01:58,U01047,女,广东省,广州市,P4002,阿迪达斯卫衣,服饰鞋包,399,1,399,支付宝,已完成,无退款
ORD2025002171,2025-07-12 23:16:20,U00307,女,陕西省,咸阳市,P3001,戴尔 27英寸显示器,电脑办公,1499,2,2998,花呗,已完成,无退款
ORD2025004843,2025-11-04 17:14:13,U01483,男,河南省,洛阳市,P2004,罗技 MX Master 3S,电脑配件,699,1,699,微信支付,已取消,无退款
ORD2025001721,2025-03-26 06:05:50,U01433,男,上海市,上海市,P1005,荣耀 Magic7,手机,4499,1,4499,花呗,已完成,无退款
ORD2025003176,2025-08-02 10:52:40,U01675,男,陕西省,咸阳市,P3004,打印机,电脑办公,899,1,899,花呗,已完成,无退款
ORD2025004326,2025-01-04 07:58:18,U00640,女,广东省,深圳市,P2003,小米手环 9,数码配件,299,1,299,微信支付,已完成,无退款
ORD2025002520,2025-03-03 16:00:24,U01166,女,北京市,北京市,P5001,雀巢咖啡,食品饮料,89,1,89,花呗,完成,无退款
ORD2025002563,2025-05-10 22:01:30,U00921,男,陕西省,宝鸡市,P4001,耐克运动鞋,服饰鞋包,599,1,599,银行卡,已发货,无退款
ORD2025001820,2025-10-09 15:23:46,U01008,男,江苏省,南京市,P2005,机械键盘,电脑配件,399,1,399,支付宝,已完成,无退款
ORD2025001486,2025-12-31 12:11:41,U00114,女,河南省,南阳市,P5001,雀巢咖啡,食品饮料,89,1,89,银行卡,已完成,无退款
ORD2025000794,2025-02-26 02:15:18,U00648,男,北京市,北京市,P3003,机械革命游戏本,电脑办公,6299,3,18897,支付宝,已完成,无退款
ORD2025004663,2025-04-21 16:02:41,U00629,男,湖北省,襄阳市,P1002,iPhone 15 Pro,手机,6999,2,13998,银行卡,已完成,无退款
ORD2025000048,2025-03-14 19:23:46,U00327,男,河南省,南阳市,P5001,雀巢咖啡,食品饮料,89,1,89,支付宝,已完成,无退款
ORD2025002390,2025-02-15 20:27:40,U01209,女,江苏省,无锡市,P2005,机械键盘,电脑配件,399,4,1596,花呗,已完成,无退款
ORD2025003902,2025-12-15 23:51:15,U00732,女,四川省,德阳市,P3002,联想小新笔记本,电脑办公,4999,1,4999,支付宝,已发货,无退款
ORD2025003874,2025-02-14 14:50:22,U01130,男,北京市,北京市,P3001,戴尔 27英寸显示器,电脑办公,1499,1,1499,银行卡,已完成,无退款
ORD2025004258,2025-12-25 14:07:27,U01713,男,山东省,烟台市,P3001,戴尔 27英寸显示器,电脑办公,1499,2,2998,微信支付,退款中,退款中
ORD2025000860,2025-06-16 04:05:22,U00479,男,湖北省,武汉市,P4002,阿迪达斯卫衣,服饰鞋包,399,1,399,银行卡,已完成,无退款
ORD2025001939,2025-07-17 02:52:52,U00038,男,上海市,上海市,P5003,三只松鼠坚果,食品饮料,59,1,59,花呗,已完成,无退款
ORD2025002598,2025-12-26 15:51:24,U00260,男,广东省,广州市,P2004,罗技 MX Master 3S,电脑配件,699,1,699,微信支付,已发货,无退款
ORD2025004909,2025-07-16 08:53:11,U00361,男,浙江省,杭州市,P1002,iPhone 15 Pro,手机,6999,1,6999,支付宝,退款中,退款中
ORD2025003724,2025-04-16 13:38:02,U01031,女,四川省,成都市,P1004,小米 15,手机,3999,1,3999,微信支付,已完成,无退款
ORD2025002947,2025-08-02 04:13:56,U01656,女,广东省,佛山市,P2001,AirPods Pro 2,数码配件,1899,2,3798,花呗,已完成,无退款
ORD2025001330,2025-10-13 03:03:50,U01635,男,北京市,北京市,P2003,小米手环 9,数码配件,299,1,299,花呗,已取消,无退款
ORD2025003414,2025-11-27 17:11:39,U00101,男,陕西省,咸阳市,P3001,戴尔 27英寸显示器,电脑办公,1499,2,2998,花呗,已取消,无退款
ORD2025000186,2025-11-13 01:40:34,U00531,女,湖北省,宜昌市,P3001,戴尔 27英寸显示器,电脑办公,1499,1,1499,银行卡,已完成,无退款
ORD2025003117,2025-01-01 23:04:39,U00961,男,湖北省,武汉市,P1003,华为 Mate 70,手机,5499,1,5499,花呗,已发货,无退款
ORD2025000150,2025-08-20 07:54:07,U01210,女,上海市,上海市,P2003,小米手环 9,数码配件,299,4,1196,花呗,已完成,无退款
ORD2025001481,2025-01-10 21:17:08,U01648,女,湖北省,宜昌市,P3002,联想小新笔记本,电脑办公,4999,1,4999,银行卡,已取消,无退款
ORD2025002508,2025-09-05 11:26:23,U00702,女,湖北省,宜昌市,P1004,小米 15,手机,3999,1,3999,花呗,已完成,无退款
ORD2025002681,2025-04-30 04:23:36,U00185,男,河南省,郑州市,P3001,戴尔 27英寸显示器,电脑办公,1499,1,1499,银行卡,已完成,无退款
ORD2025002320,2025-12-21 05:27:52,U00311,男,河南省,郑州市,P3002,联想小新笔记本,电脑办公,4999,3,14997,微信支付,已完成,无退款
ORD2025004943,2025-07-29 15:19:26,U00810,男,浙江省,金华市,P2003,小米手环 9,数码配件,299,1,299,花呗,已完成,无退款
ORD2025000705,2025-04-02 07:38:31,U00005,女,陕西省,西安市,P2004,罗技 MX Master 3S,电脑配件,699,1,699,支付宝,已取消,已退款
ORD2025000678,2025-05-28 14:17:54,U01668,女,广东省,深圳市,P2002,华为 FreeBuds,数码配件,999,1,999,微信支付,已发货,无退款
ORD2025004133,2025-09-22 21:11:55,U00114,男,湖北省,宜昌市,P4002,阿迪达斯卫衣,服饰鞋包,399,1,399,微信支付,已完成,无退款
ORD2025000989,2025-06-25 23:51:22,U01228,男,北京市,北京市,P2002,华为 FreeBuds,数码配件,999,3,2997,支付宝,已完成,无退款
ORD2025000169,2025-03-15 15:06:55,U00667,女,江苏省,常州市,P4002,阿迪达斯卫衣,服饰鞋包,399,2,798,微信支付,已完成,无退款
ORD2025000220,2025-08-14 04:08:06,U00372,男,河南省,洛阳市,P2004,罗技 MX Master 3S,电脑配件,699,1,699,支付宝,已完成,无退款
ORD2025004849,2025-06-07 03:47:43,U00854,男,北京市,北京市,P5001,雀巢咖啡,食品饮料,89,1,89,微信支付,已发货,无退款
ORD2025001568,2025-05-06 14:42:41,U01799,男,浙江省,杭州市,P4003,优衣库羽绒服,服饰鞋包,799,1,799,微信支付,已发货,无退款
ORD2025002109,2025-08-15 08:13:23,U00699,女,四川省,成都市,P1002,iPhone 15 Pro,手机,6999,1,6999,花呗,已完成,无退款
ORD2025002400,2025-09-02 16:58:18,U00363,男,四川省,绵阳市,P5002,蒙牛纯牛奶,食品饮料,69,1,69,支付宝,已完成,无退款
ORD2025003867,2025-01-31 00:37:51,U00604,女,四川省,成都市,P5002,蒙牛纯牛奶,食品饮料,69,1,69,花呗,已完成,无退款
ORD2025000377,2025-09-21 23:13:28,U01196,男,河南省,洛阳市,P4002,阿迪达斯卫衣,服饰鞋包,399,2,798,微信支付,已完成,无退款
ORD2025001571,2025-03-01 02:09:52,U00275,男,北京市,北京市,P1003,华为 Mate 70,手机,5499,1,5499,花呗,已完成,无退款
ORD2025004378,2025-06-05 12:31:03,U00040,女,北京市,北京市,P2004,罗技 MX Master 3S,电脑配件,699,2,1398,微信支付,已完成,无退款
ORD2025000862,2025-01-02 20:53:42,U00097,男,山东省,济南市,P4003,优衣库羽绒服,服饰鞋包,799,1,799,银行卡,已发货,无退款
ORD2025004498,2025-08-17 10:42:20,U00754,男,北京市,北京市,P1005,荣耀 Magic7,手机,4499,1,4499,微信支付,待付款,无退款
ORD2025002375,2025-03-26 17:46:47,U00480,男,广东省,东莞市,P1003,华为 Mate 70,手机,5499,2,10998,支付宝,已完成,已退款
ORD2025001894,2025-11-09 23:32:25,U00968,女,四川省,绵阳市,P5002,蒙牛纯牛奶,食品饮料,69,2,138,微信支付,已完成,无退款
ORD2025003307,2025-09-14 17:38:48,U01622,男,浙江省,宁波市,P5003,三只松鼠坚果,食品饮料,59,1,59,银行卡,已完成,无退款
ORD2025004962,2025-06-28 18:50:13,U00117,女,上海市,上海市,P1003,华为 Mate 70,手机,5499,1,5499,微信支付,退款中,退款中
ORD2025000051,2025-09-02 09:39:45,U00676,男,广东省,东莞市,P1005,荣耀 Magic7,手机,4499,1,4499,支付宝,已完成,无退款
ORD2025000349,2025-06-07 00:44:04,U00005,女,湖北省,襄阳市,P1002,iPhone 15 Pro,手机,6999,1,6999,支付宝,已完成,无退款
ORD2025001427,2025-09-10 15:22:45,U01775,男,上海市,上海市,P5001,雀巢咖啡,食品饮料,89,3,267,支付宝,已完成,无退款
ORD2025003043,2025-12-15 05:57:42,U01783,女,江苏省,常州市,P3001,戴尔 27英寸显示器,电脑办公,1499,1,1499,支付宝,已完成,无退款
ORD2025004310,2025-12-10 22:38:16,U01533,女,江苏省,南京市,P3003,机械革命游戏本,电脑办公,6299,2,12598,银行卡,已完成,无退款
ORD2025001804,2025-04-09 12:16:32,U00241,女,浙江省,杭州市,P3002,联想小新笔记本,电脑办公,4999,3,14997,银行卡,已取消,无退款
ORD2025003311,2025-03-22 12:53:56,U00262,男,四川省,成都市,P5001,雀巢咖啡,食品饮料,89,1,89,微信支付,已完成,无退款
ORD2025000219,2025-02-15 11:54:13,U01647,女,四川省,绵阳市,P5002,蒙牛纯牛奶,食品饮料,69,1,69,花呗,已完成,无退款
ORD2025000028,2025-07-31 04:16:44,U00480,男,江苏省,苏州市,P4002,阿迪达斯卫衣,服饰鞋包,399,1,399,银行卡,已完成,无退款
ORD2025002193,2025-07-19 21:51:04,U00607,女,江苏省,苏州市,P3004,打印机,电脑办公,899,2,1798,花呗,已完成,无退款
ORD2025004730,2025-07-14 06:35:50,U00684,男,陕西省,咸阳市,P3003,机械革命游戏本,电脑办公,6299,1,6299,支付宝,已完成,无退款
ORD2025002764,2025-10-07 01:00:20,U00881,女,陕西省,西安市,P4001,耐克运动鞋,服饰鞋包,599,1,599,银行卡,已完成,无退款
ORD2025001310,2025-03-22 10:39:01,U00113,男,江苏省,无锡市,P1002,iPhone 15 Pro,手机,6999,3,20997,支付宝,已完成,无退款
ORD2025000801,2025-09-04 22:36:13,U01464,男,广东省,东莞市,P2005,机械键盘,电脑配件,399,1,399,微信支付,已取消,无退款
ORD2025001852,2025-06-10 07:56:49,U00936,男,河南省,洛阳市,P3003,机械革命游戏本,电脑办公,6299,2,12598,微信支付,已完成,无退款
ORD2025002153,2025-07-09 19:17:04,U01335,女,河南省,洛阳市,P3003,机械革命游戏本,电脑办公,6299,1,6299,花呗,已完成,无退款
ORD2025003704,2025-04-30 05:07:40,U00243,女,上海市,上海市,P5002,蒙牛纯牛奶,食品饮料,69,1,69,微信支付,已完成,已退款
ORD2025001123,2025-12-27 17:57:04,U00208,女,河南省,郑州市,P2001,AirPods Pro 2,数码配件,1899,1,1899,微信支付,已完成,无退款
ORD2025004130,2025-03-04 23:14:58,U01517,男,四川省,绵阳市,P4001,耐克运动鞋,服饰鞋包,599,1,599,微信支付,已完成,无退款
ORD2025002141,2025-12-11 21:23:26,U01109,女,陕西省,咸阳市,P2004,罗技 MX Master 3S,电脑配件,699,1,699,支付宝,已完成,无退款
ORD2025003174,2025-04-14 23:49:57,U00735,男,河南省,郑州市,P3002,联想小新笔记本,电脑办公,4999,2,9998,支付宝,已完成,无退款
ORD2025003507,2025-06-10 14:19:41,U00947,男,浙江省,宁波市,P1003,华为 Mate 70,手机,5499,2,10998,花呗,已完成,无退款
ORD2025000196,2025-10-19 05:51:10,U00531,男,江苏省,苏州市,P4001,耐克运动鞋,服饰鞋包,599,1,599,银行卡,已完成,无退款
ORD2025001849,2025-12-02 06:11:51,U00555,男,陕西省,西安市,P5003,三只松鼠坚果,食品饮料,59,4,236,花呗,待付款,无退款
ORD2025002766,2025-04-27 22:38:13,U00207,女,湖北省,宜昌市,P5003,三只松鼠坚果,食品饮料,59,1,59,花呗,已发货,无退款
ORD2025000936,2025-03-03 08:35:52,U01603,女,江苏省,苏州市,P5002,蒙牛纯牛奶,食品饮料,69,2,138,支付宝,已发货,无退款
ORD2025003378,2025-10-03 22:09:50,U00485,女,四川省,绵阳市,P4002,阿迪达斯卫衣,服饰鞋包,399,1,399,花呗,已完成,无退款
ORD2025004727,2025-11-27 06:11:04,U00132,女,山东省,青岛市,P4002,阿迪达斯卫衣,服饰鞋包,399,2,798,支付宝,已完成,无退款
ORD2025003753,2025-08-25 13:44:00,U00949,男,江苏省,南京市,P1003,华为 Mate 70,手机,5499,1,5499,花呗,已完成,无退款
ORD2025001074,2025-09-01 19:37:04,U00881,女,北京市,北京市,P2004,罗技 MX Master 3S,电脑配件,699,1,699,花呗,已完成,无退款
ORD2025004383,2025-12-25 18:45:57,U01258,男,河南省,郑州市,P3001,戴尔 27英寸显示器,电脑办公,1499,1,1499,微信支付,已完成,无退款
ORD2025004337,2025-10-31 03:49:35,U01408,男,四川省,成都市,P2004,罗技 MX Master 3S,电脑配件,699,1,699,银行卡,已完成,无退款
ORD2025002807,2025-04-02 02:05:56,U00736,女,广东省,东莞市,P1004,小米 15,手机,3999,1,3999,花呗,已完成,无退款
ORD2025003947,2025-06-11 08:38:04,U01529,女,上海市,上海市,P3002,联想小新笔记本,电脑办公,4999,1,4999,银行卡,已完成,无退款
ORD2025002257,2025-11-22 00:23:54,U01184,女,江苏省,苏州市,P2002,华为 FreeBuds,数码配件,999,1,999,支付宝,已完成,无退款
ORD2025002785,2025-06-28 22:10:33,U00389,男,河南省,郑州市,P4003,优衣库羽绒服,服饰鞋包,799,2,1598,银行卡,退款中,退款中
ORD2025002708,2025-02-01 16:38:52,U00342,男,北京市,北京市,P1001,iPhone 15,手机,4999,4,19996,支付宝,待付款,无退款
ORD2025000806,2025-09-14 10:39:01,U01143,男,湖北省,宜昌市,P2003,小米手环 9,数码配件,299,1,299,银行卡,已发货,无退款
ORD2025004011,2025-10-24 00:00:37,U00161,男,陕西省,西安市,P3004,打印机,电脑办公,899,4,3596,支付宝,已发货,无退款
ORD2025001415,2025-10-08 01:03:53,U01426,男,广东省,东莞市,P3001,戴尔 27英寸显示器,电脑办公,1499,2,2998,银行卡,已完成,无退款
ORD2025001777,2025-02-13 22:53:45,U01048,男,上海市,上海市,P1003,华为 Mate 70,手机,5499,4,21996,银行卡,已完成,无退款
ORD2025003160,2025-02-06 06:22:54,U00312,男,上海市,上海市,P1004,小米 15,手机,3999,3,11997,支付宝,已完成,无退款
ORD2025000651,2025-07-26 14:14:14,U01251,男,北京市,北京市,P5003,三只松鼠坚果,食品饮料,59,4,236,微信支付,已完成,无退款
ORD2025003127,2025-11-23 22:39:43,U01340,男,陕西省,宝鸡市,P5003,三只松鼠坚果,食品饮料,59,1,59,微信支付,已完成,无退款
ORD2025003464,2025-11-09 00:30:14,U01459,男,北京市,北京市,P3001,戴尔 27英寸显示器,电脑办公,1499,3,4497,微信支付,已完成,无退款
ORD2025001958,2025-10-26 10:30:17,U01702,男,湖北省,襄阳市,P1003,华为 Mate 70,手机,5499,1,5499,银行卡,已完成,无退款
ORD2025001321,2025-02-21 10:38:56,U01408,女,陕西省,咸阳市,P2004,罗技 MX Master 3S,电脑配件,699,3,2097,花呗,已发货,无退款
ORD2025003792,2025-03-14 16:43:03,U01504,女,陕西省,宝鸡市,P4002,阿迪达斯卫衣,服饰鞋包,399,1,399,支付宝,已发货,无退款
ORD2025002919,2025-11-18 00:15:48,U00562,女,江苏省,常州市,P2003,小米手环 9,数码配件,299,1,299,银行卡,已完成,无退款
ORD2025002399,2025-09-20 16:15:28,U01439,男,江苏省,苏州市,P1005,荣耀 Magic7,手机,4499,1,4499,支付宝,已发货,无退款
ORD2025000330,2025-08-24 11:45:57,U01733,女,上海市,上海市,P4003,优衣库羽绒服,服饰鞋包,799,2,1598,微信支付,已发货,无退款
ORD2025002053,2025-11-05 11:45:41,U01414,男,山东省,济南市,P2003,小米手环 9,数码配件,299,2,598,花呗,已发货,无退款
ORD2025000946,2025-11-04 02:01:54,U01281,男,广东省,东莞市,P5003,三只松鼠坚果,食品饮料,59,1,59,银行卡,已完成,无退款
ORD2025004996,2025-10-09 04:29:07,U01600,女,山东省,青岛市,P1005,荣耀 Magic7,手机,4499,2,8998,支付宝,已完成,无退款
ORD2025003833,2025-01-05 10:26:48,U01518,女,北京市,北京市,P1005,荣耀 Magic7,手机,4499,1,4499,支付宝,已完成,无退款
ORD2025004587,2025-04-16 05:06:42,U00744,男,江苏省,苏州市,P1002,iPhone 15 Pro,手机,6999,3,20997,花呗,已完成,无退款
ORD2025000521,2025-10-06 16:12:58,U00255,女,河南省,南阳市,P1005,荣耀 Magic7,手机,4499,1,4499,银行卡,已完成,无退款
ORD2025004838,2025-05-07 07:47:30,U01332,女,上海市,上海市,P5003,三只松鼠坚果,食品饮料,59,1,59,花呗,已完成,无退款
ORD2025000789,2025-10-06 20:59:11,U01088,女,河南省,南阳市,P3002,联想小新笔记本,电脑办公,4999,2,9998,微信支付,已完成,无退款
ORD2025000726,2025-03-03 10:08:20,U00361,女,四川省,成都市,P4002,阿迪达斯卫衣,服饰鞋包,399,1,399,花呗,已完成,无退款
ORD2025003267,2025-07-17 13:40:48,U01288,男,广东省,广州市,P5002,蒙牛纯牛奶,食品饮料,69,1,69,支付宝,已完成,无退款
ORD2025004773,2025-08-26 04:54:49,U00223,女,山东省,济南市,P2001,AirPods Pro 2,数码配件,1899,2,3798,银行卡,已完成,已退款
ORD2025001443,2025-11-04 21:24:32,U00845,男,浙江省,宁波市,P1005,荣耀 Magic7,手机,4499,1,4499,银行卡,已完成,无退款
ORD2025004174,2025-12-22 00:54:26,U01699,女,江苏省,常州市,P3003,机械革命游戏本,电脑办公,6299,2,12598,支付宝,已发货,无退款
ORD2025002812,2025-07-18 14:14:37,U01529,男,湖北省,襄阳市,P5002,蒙牛纯牛奶,食品饮料,69,2,138,花呗,已完成,无退款
ORD2025002519,2025-06-29 06:47:28,U00639,女,北京市,北京市,P4002,阿迪达斯卫衣,服饰鞋包,399,1,399,银行卡,已完成,无退款
ORD2025000775,2025-02-17 13:27:48,U01364,女,浙江省,金华市,P2003,小米手环 9,数码配件,299,2,598,花呗,已完成,无退款
ORD2025003037,2025-10-13 11:46:22,U00282,女,江苏省,南京市,P2005,机械键盘,电脑配件,399,1,399,花呗,已完成,无退款
ORD2025000569,2025-01-26 11:26:59,U01174,男,上海市,上海市,P1001,iPhone 15,手机,4999,1,4999,支付宝,已发货,无退款
ORD2025001685,2025-04-09 11:03:35,U01739,女,北京市,北京市,P3002,联想小新笔记本,电脑办公,4999,1,4999,银行卡,已取消,无退款
ORD2025004931,2025-01-29 09:45:24,U00921,女,上海市,上海市,P1003,华为 Mate 70,手机,5499,3,16497,花呗,已完成,无退款
ORD2025001229,2025-12-30 14:57:47,U00106,男,北京市,北京市,P2003,小米手环 9,数码配件,299,1,299,银行卡,已完成,无退款
ORD2025003099,2025-10-09 23:03:08,U01340,男,江苏省,南京市,P3003,机械革命游戏本,电脑办公,6299,1,6299,银行卡,已完成,无退款
ORD2025004020,2025-03-27 02:02:51,U01750,男,江苏省,常州市,P2004,罗技 MX Master 3S,电脑配件,699,1,699,支付宝,已完成,无退款
ORD2025002602,2025-01-03 04:40:30,U00139,女,广东省,深圳市,P1002,iPhone 15 Pro,手机,6999,1,6999,花呗,已完成,无退款
ORD2025004807,2025-09-11 04:17:26,U01598,女,四川省,绵阳市,P1003,华为 Mate 70,手机,5499,2,10998,花呗,已取消,无退款
ORD2025002230,2025-07-16 14:03:28,U01533,男,四川省,德阳市,P2002,华为 FreeBuds,数码配件,999,2,1998,微信支付,已完成,无退款
ORD2025003281,2025-11-02 11:28:26,U00655,女,浙江省,宁波市,P1005,荣耀 Magic7,手机,4499,1,4499,支付宝,待付款,无退款
ORD2025003186,2025-08-17 23:45:50,U01779,女,四川省,绵阳市,P1001,iPhone 15,手机,4999,4,19996,花呗,已完成,无退款
ORD2025001046,2025-01-13 17:53:29,U00717,男,山东省,青岛市,P3002,联想小新笔记本,电脑办公,4999,1,4999,银行卡,已完成,无退款
ORD2025003246,2025-02-18 21:27:13,U00966,女,四川省,绵阳市,P1001,iPhone 15,手机,4999,1,4999,银行卡,已完成,无退款
ORD2025003688,2025-07-28 01:38:17,U00578,女,上海市,上海市,P4002,阿迪达斯卫衣,服饰鞋包,399,1,399,银行卡,已完成,无退款
ORD2025001440,2025-04-10 14:09:33,U01684,男,河南省,洛阳市,P4001,耐克运动鞋,服饰鞋包,599,3,1797,银行卡,待付款,无退款
ORD2025000440,2025-02-12 11:00:17,U00287,男,湖北省,宜昌市,P1002,iPhone 15 Pro,手机,6999,1,6999,银行卡,已完成,无退款
ORD2025001663,2025-08-28 18:15:46,U00950,女,浙江省,杭州市,P3004,打印机,电脑办公,899,2,1798,支付宝,已完成,无退款
ORD2025004271,2025-12-29 11:20:35,U00346,男,四川省,绵阳市,P1004,小米 15,手机,3999,1,3999,银行卡,退款中,退款中
ORD2025002348,2025-10-09 01:41:04,U00064,女,四川省,德阳市,P1001,iPhone 15,手机,4999,1,4999,花呗,已完成,无退款
ORD2025004244,2025-02-24 13:14:09,U01034,女,陕西省,西安市,P4002,阿迪达斯卫衣,服饰鞋包,399,1,399,银行卡,已完成,无退款
ORD2025000596,2025-12-10 07:44:54,U00294,男,河南省,南阳市,P3004,打印机,电脑办公,899,1,899,微信支付,已完成,无退款
ORD2025001626,2025-09-21 17:46:46,U01606,男,广东省,东莞市,P3001,戴尔 27英寸显示器,电脑办公,1499,1,1499,微信支付,已完成,无退款
ORD2025000450,2025-09-07 06:07:43,U01585,女,陕西省,宝鸡市,P3001,戴尔 27英寸显示器,电脑办公,1499,3,4497,微信支付,已完成,无退款
ORD2025000556,2025-11-07 06:13:19,U00620,男,湖北省,武汉市,P2003,小米手环 9,数码配件,299,1,299,支付宝,已完成,无退款
ORD2025003069,2025-04-24 10:26:03,U00358,男,上海市,上海市,P4001,耐克运动鞋,服饰鞋包,599,3,1797,微信支付,已完成,无退款
ORD2025002378,2025-01-22 02:12:46,U01569,女,湖北省,襄阳市,P4001,耐克运动鞋,服饰鞋包,599,1,599,银行卡,已发货,无退款
ORD2025000765,2025-05-03 01:16:48,U01670,女,四川省,德阳市,P3003,机械革命游戏本,电脑办公,6299,1,6299,微信支付,已完成,无退款
ORD2025003274,2025-08-29 17:52:20,U01269,女,四川省,德阳市,P5003,三只松鼠坚果,食品饮料,59,1,59,花呗,已完成,无退款
ORD2025002169,2025-07-25 02:19:39,U01124,男,上海市,上海市,P2001,AirPods Pro 2,数码配件,1899,3,5697,银行卡,已完成,无退款
ORD2025003392,2025-06-02 18:34:18,U01255,男,浙江省,金华市,P2005,机械键盘,电脑配件,399,1,399,花呗,已完成,无退款
ORD2025002621,2025-03-25 16:51:43,U01041,女,山东省,烟台市,P1005,荣耀 Magic7,手机,4499,1,4499,花呗,已完成,无退款
ORD2025001370,2025-06-02 10:51:14,U00137,男,北京市,北京市,P2002,华为 FreeBuds,数码配件,999,3,2997,微信支付,已完成,无退款
ORD2025004799,2025-04-11 22:02:03,U01053,男,浙江省,宁波市,P3004,打印机,电脑办公,899,4,3596,微信支付,待付款,无退款
ORD2025002117,2025-08-12 21:47:30,U01639,男,山东省,济南市,P3004,打印机,电脑办公,899,1,899,花呗,已完成,无退款
ORD2025002108,2025-07-15 11:42:38,U00357,男,陕西省,咸阳市,P3002,联想小新笔记本,电脑办公,4999,2,9998,花呗,已完成,无退款
ORD2025000087,2025-11-27 21:00:33,U00178,女,北京市,北京市,P2005,机械键盘,电脑配件,399,1,399,花呗,已完成,无退款
ORD2025001312,2025-08-21 03:48:43,U01099,女,上海市,上海市,P2005,机械键盘,电脑配件,399,1,399,支付宝,已完成,无退款
ORD2025001723,2025-06-24 12:23:33,U00925,男,广东省,佛山市,P2004,罗技 MX Master 3S,电脑配件,699,2,1398,花呗,已完成,无退款
ORD2025003924,2025-01-07 00:35:32,U01152,女,湖北省,襄阳市,P3003,机械革命游戏本,电脑办公,6299,1,6299,花呗,已完成,无退款
ORD2025001620,2025-02-16 18:15:54,U01232,女,河南省,南阳市,P5003,三只松鼠坚果,食品饮料,59,1,59,微信支付,已发货,无退款
ORD2025004194,2025-04-18 13:30:18,U00216,男,陕西省,宝鸡市,P5002,蒙牛纯牛奶,食品饮料,69,2,138,银行卡,已完成,无退款
ORD2025003963,2025-05-31 14:00:34,U01678,女,陕西省,宝鸡市,P3004,打印机,电脑办公,899,2,1798,支付宝,已发货,无退款
ORD2025002648,2025-12-31 14:26:40,U00417,男,江苏省,常州市,P4001,耐克运动鞋,服饰鞋包,599,1,599,微信支付,已完成,无退款
ORD2025002303,2025-04-07 15:36:27,U01281,男,上海市,上海市,P2002,华为 FreeBuds,数码配件,999,1,999,支付宝,已完成,无退款
ORD2025004649,2025-08-17 14:19:08,U01627,男,湖北省,襄阳市,P2001,AirPods Pro 2,数码配件,1899,1,1899,支付宝,已完成,无退款
ORD2025003747,2025-11-23 15:06:44,U00757,男,上海市,上海市,P4003,优衣库羽绒服,服饰鞋包,799,1,799,微信支付,已发货,无退款
ORD2025004605,2025-09-18 08:11:42,U00660,男,上海市,上海市,P2003,小米手环 9,数码配件,299,1,299,支付宝,已完成,无退款
ORD2025001517,2025-08-25 00:44:56,U01181,男,湖北省,襄阳市,P4001,耐克运动鞋,服饰鞋包,599,2,1198,花呗,待付款,无退款
ORD2025000457,2025-02-08 06:25:48,U01355,男,浙江省,温州市,P3002,联想小新笔记本,电脑办公,4999,3,14997,银行卡,已完成,无退款
ORD2025000560,2025-10-12 20:45:47,U00441,女,陕西省,西安市,P1002,iPhone 15 Pro,手机,6999,1,6999,支付宝,已发货,无退款
ORD2025001979,2025-10-14 23:48:36,U01510,男,广东省,东莞市,P2005,机械键盘,电脑配件,399,2,798,银行卡,已完成,无退款
ORD2025003130,2025-11-17 15:06:22,U00600,男,河南省,郑州市,P5002,蒙牛纯牛奶,食品饮料,69,1,69,支付宝,已完成,无退款
ORD2025004858,2025-09-12 11:17:37,U01606,女,河南省,南阳市,P2005,机械键盘,电脑配件,399,1,399,花呗,已完成,无退款
ORD2025002887,2025-10-11 17:47:32,U00587,女,江苏省,无锡市,P2004,罗技 MX Master 3S,电脑配件,699,3,2097,微信支付,已发货,无退款
ORD2025001634,2025-07-27 11:22:02,U00203,男,山东省,烟台市,P1004,小米 15,手机,3999,1,3999,银行卡,待付款,无退款
ORD2025004545,2025-01-15 13:06:54,U01018,男,四川省,绵阳市,P5003,三只松鼠坚果,食品饮料,59,1,59,支付宝,已完成,无退款
ORD2025004558,2025-01-21 08:28:23,U00385,男,河南省,洛阳市,P5003,三只松鼠坚果,食品饮料,59,4,236,银行卡,已完成,无退款
ORD2025002323,2025-05-07 11:36:57,U00014,男,广东省,东莞市,P3002,联想小新笔记本,电脑办公,4999,1,4999,银行卡,已完成,无退款
ORD2025000302,2025-09-10 20:33:53,U01757,女,广东省,深圳市,P1003,华为 Mate 70,手机,5499,1,5499,花呗,已完成,无退款
ORD2025002679,2025-02-09 20:22:08,U00201,女,北京市,北京市,P3001,戴尔 27英寸显示器,电脑办公,1499,1,1499,花呗,已完成,无退款
ORD2025001188,2025-01-26 20:50:48,U01141,男,湖北省,宜昌市,P1002,iPhone 15 Pro,手机,6999,1,6999,支付宝,已完成,已退款
ORD2025000375,2025-06-26 19:10:07,U00591,男,湖北省,襄阳市,P1003,华为 Mate 70,手机,5499,1,5499,花呗,已取消,无退款
ORD2025004504,2025-03-06 14:34:16,U00361,女,河南省,郑州市,P1005,荣耀 Magic7,手机,4499,3,13497,支付宝,已完成,无退款
ORD2025003682,2025-02-04 10:07:39,U00063,男,上海市,上海市,P5001,雀巢咖啡,食品饮料,89,1,89,银行卡,已发货,无退款
ORD2025001151,2025-03-08 01:08:06,U00994,女,湖北省,武汉市,P3003,机械革命游戏本,电脑办公,6299,2,12598,银行卡,已完成,无退款
ORD2025002636,2025-10-01 23:33:01,U01529,男,四川省,绵阳市,P2004,罗技 MX Master 3S,电脑配件,699,3,2097,支付宝,已完成,无退款
ORD2025001757,2025-10-22 00:27:06,U00119,男,广东省,深圳市,P3003,机械革命游戏本,电脑办公,6299,1,6299,支付宝,已完成,无退款
ORD2025004794,2025-03-29 07:36:41,U01790,男,广东省,广州市,P2005,机械键盘,电脑配件,399,1,399,微信支付,已完成,无退款
ORD2025002158,2025-05-16 00:56:34,U01442,女,河南省,洛阳市,P3002,联想小新笔记本,电脑办公,4999,3,14997,花呗,退款中,退款中
ORD2025000519,2025-04-21 06:10:10,U00681,男,上海市,上海市,P3003,机械革命游戏本,电脑办公,6299,1,6299,花呗,已取消,无退款
ORD2025000637,2025-11-19 22:05:06,U01488,女,河南省,郑州市,P3001,戴尔 27英寸显示器,电脑办公,1499,1,1499,支付宝,已完成,无退款
ORD2025004238,2025-01-24 23:44:20,U00587,男,浙江省,宁波市,P3001,戴尔 27英寸显示器,电脑办公,1499,1,1499,银行卡,已发货,无退款
ORD2025004816,2025-01-09 00:36:10,U00601,男,江苏省,南京市,P3004,打印机,电脑办公,899,1,899,银行卡,已完成,无退款
ORD2025003156,2025-06-26 11:38:29,U01626,男,湖北省,襄阳市,P1003,华为 Mate 70,手机,5499,1,5499,微信支付,已完成,无退款
ORD2025000768,2025-05-01 18:32:11,U00175,男,广东省,广州市,P5001,雀巢咖啡,食品饮料,89,3,267,支付宝,已完成,无退款
ORD2025000634,2025-04-10 19:12:05,U00750,男,四川省,成都市,P5001,雀巢咖啡,食品饮料,89,2,178,银行卡,已完成,无退款
ORD2025003680,2025-09-19 00:13:23,U00499,男,浙江省,宁波市,P3002,联想小新笔记本,电脑办公,4999,2,9998,花呗,已发货,无退款
ORD2025000399,2025-08-10 07:15:49,U01257,女,陕西省,西安市,P4003,优衣库羽绒服,服饰鞋包,799,2,1598,微信支付,已取消,无退款
ORD2025004138,2025-01-10 11:20:13,U00466,女,广东省,广州市,P5003,三只松鼠坚果,食品饮料,59,4,236,银行卡,已完成,无退款
ORD2025004291,2025-06-23 12:37:48,U01715,男,浙江省,金华市,P5002,蒙牛纯牛奶,食品饮料,69,4,276,微信支付,已完成,无退款
ORD2025001649,2025-06-05 23:11:26,U00316,女,河南省,洛阳市,P1003,华为 Mate 70,手机,5499,2,10998,支付宝,已完成,无退款
ORD2025000586,2025-09-26 21:16:19,U01778,男,四川省,德阳市,P1002,iPhone 15 Pro,手机,6999,-1,6999,支付宝,已完成,无退款
ORD2025001097,2025-11-19 13:46:54,U00330,女,上海市,上海市,P5001,雀巢咖啡,食品饮料,89,1,89,微信支付,已完成,无退款
ORD2025002933,2025-03-12 16:59:44,U00884,女,浙江省,温州市,P1002,iPhone 15 Pro,手机,6999,3,20997,花呗,已完成,无退款
ORD2025001090,2025-09-10 15:53:27,U00228,女,山东省,青岛市,P1001,iPhone 15,手机,4999,1,4999,微信支付,待付款,无退款
ORD2025001144,2025-09-11 04:35:48,U01249,男,河南省,郑州市,P1003,华为 Mate 70,手机,5499,2,10998,花呗,已完成,无退款
ORD2025002707,2025-05-03 07:27:24,U00282,男,北京市,北京市,P1005,荣耀 Magic7,手机,4499,1,4499,花呗,已发货,无退款
ORD2025004608,2025-10-09 18:24:20,U01550,女,四川省,绵阳市,P3004,打印机,电脑办公,899,1,899,花呗,已完成,无退款
ORD2025001343,2025-09-27 12:55:05,U01598,男,四川省,德阳市,P1004,小米 15,手机,3999,1,3999,银行卡,已完成,无退款
ORD2025004699,2025-04-23 06:20:37,U01298,男,四川省,成都市,P2004,罗技 MX Master 3S,电脑配件,699,3,2097,花呗,已完成,无退款
ORD2025004658,2025-08-14 21:31:11,U01271,女,陕西省,西安市,P1002,iPhone 15 Pro,手机,6999,1,6999,微信支付,已完成,无退款
ORD2025000767,2025-11-03 12:17:30,U00979,女,北京市,北京市,P5001,雀巢咖啡,食品饮料,89,1,89,微信支付,已完成,无退款
ORD2025002791,2025-06-27 06:28:30,U01511,男,河南省,洛阳市,P3003,机械革命游戏本,电脑办公,6299,1,6299,花呗,已完成,无退款
ORD2025003364,2025-12-11 03:48:32,U00157,女,浙江省,温州市,P5003,三只松鼠坚果,食品饮料,59,1,59,银行卡,已完成,无退款
ORD2025000362,2025-12-05 10:53:21,U00842,男,北京市,北京市,P1003,华为 Mate 70,手机,5499,3,16497,银行卡,已完成,无退款
ORD2025002089,2025-02-05 22:36:42,U01259,女,浙江省,杭州市,P1003,华为 Mate 70,手机,5499,1,5499,微信支付,已完成,无退款
ORD2025004536,2025-12-03 05:03:08,U01256,女,四川省,德阳市,P1005,荣耀 Magic7,手机,4499,1,4499,银行卡,已完成,无退款
ORD2025000649,2025-12-15 08:58:35,U00418,女,江苏省,南京市,P5003,三只松鼠坚果,食品饮料,59,2,118,支付宝,已完成,无退款
ORD2025004921,2025-12-15 22:35:34,U00357,男,山东省,济南市,P4001,耐克运动鞋,服饰鞋包,599,1,599,支付宝,已完成,无退款
ORD2025000567,2025-03-29 17:23:06,U01325,男,四川省,德阳市,P1005,荣耀 Magic7,手机,4499,2,8998,支付宝,已完成,无退款
ORD2025000192,2025-09-27 12:09:04,U00546,男,江苏省,无锡市,P2003,小米手环 9,数码配件,299,4,1196,微信支付,已完成,无退款
ORD2025000081,2025-12-13 10:59:05,U01039,男,山东省,烟台市,P3001,戴尔 27英寸显示器,电脑办公,1499,1,1499,银行卡,已完成,无退款
ORD2025004984,2025-04-22 01:23:29,U01608,女,上海市,上海市,P1005,荣耀 Magic7,手机,4499,1,4499,支付宝,已完成,无退款
ORD2025000046,2025-05-01 11:48:20,U00045,男,陕西省,咸阳市,P4002,阿迪达斯卫衣,服饰鞋包,399,2,798,花呗,已取消,无退款
ORD2025003998,2025-08-16 06:51:18,U01300,男,湖北省,襄阳市,P1003,华为 Mate 70,手机,5499,2,10998,微信支付,已完成,无退款
ORD2025003005,2025-04-07 14:35:53,U01270,女,河南省,洛阳市,P2005,机械键盘,电脑配件,399,1,399,花呗,已完成,无退款
ORD2025003493,2025-01-01 20:03:46,U01758,男,广东省,佛山市,P1001,iPhone 15,手机,4999,1,4999,支付宝,已发货,无退款
ORD2025004505,2025-09-09 19:47:11,U00548,男,四川省,成都市,P3001,戴尔 27英寸显示器,电脑办公,1499,3,4497,花呗,已完成,无退款
ORD2025002611,2025-06-30 03:05:33,U01020,男,山东省,济南市,P2003,小米手环 9,数码配件,299,3,897,银行卡,已完成,已退款
ORD2025003104,2025-10-28 22:09:10,U00175,男,上海市,上海市,P3001,戴尔 27英寸显示器,电脑办公,1499,1,1499,微信支付,已完成,无退款
ORD2025003977,2025-07-03 19:06:51,U00196,男,江苏省,常州市,P1003,华为 Mate 70,手机,5499,1,5499,微信支付,已完成,无退款
ORD2025000907,2025-12-14 23:49:41,U00027,男,北京市,北京市,P2001,AirPods Pro 2,数码配件,1899,1,1899,花呗,已发货,无退款
ORD2025003964,2025-10-08 22:17:58,U00254,男,上海市,上海市,P5003,三只松鼠坚果,食品饮料,59,1,59,银行卡,已完成,无退款
ORD2025004353,2025-03-11 17:00:26,U00509,男,上海市,上海市,P3003,机械革命游戏本,电脑办公,6299,2,12598,支付宝,已完成,无退款
ORD2025001843,2025-09-02 20:27:06,U00637,男,北京市,北京市,P5003,三只松鼠坚果,食品饮料,59,2,118,微信支付,退款中,退款中
ORD2025004230,2025-06-12 04:42:25,U00118,男,北京市,北京市,P1004,小米 15,手机,3999,1,3999,支付宝,已完成,无退款
ORD2025002559,2025-05-18 03:34:42,U01031,女,四川省,成都市,P4001,耐克运动鞋,服饰鞋包,599,1,599,花呗,已完成,无退款
ORD2025000918,2025-07-25 15:37:20,U00590,男,上海市,上海市,P1001,iPhone 15,手机,4999,1,4999,银行卡,已完成,无退款
ORD2025002804,2025-07-11 20:46:47,U01405,男,浙江省,温州市,P2002,华为 FreeBuds,数码配件,999,1,999,银行卡,已完成,无退款
ORD2025001766,2025-06-05 21:42:30,U01492,女,山东省,青岛市,P2003,小米手环 9,数码配件,299,2,598,银行卡,已完成,无退款
ORD2025000565,2025-11-06 21:15:17,U00817,女,北京市,北京市,P5002,蒙牛纯牛奶,食品饮料,69,1,69,银行卡,已完成,无退款
ORD2025003429,2025-04-14 01:18:32,U00014,女,江苏省,常州市,P1003,华为 Mate 70,手机,5499,1,5499,微信支付,已发货,无退款
ORD2025002359,2025-01-21 04:22:38,U01228,女,陕西省,宝鸡市,P3003,机械革命游戏本,电脑办公,6299,2,12598,微信支付,已完成,无退款
ORD2025001816,2025-09-25 10:37:42,U01325,女,浙江省,金华市,P3003,机械革命游戏本,电脑办公,6299,1,6299,花呗,已取消,无退款
ORD2025001598,2025-01-19 11:07:01,U00045,男,河南省,郑州市,P3003,机械革命游戏本,电脑办公,6299,1,6299,花呗,已完成,无退款
ORD2025001489,2025-06-26 02:43:17,U00541,女,浙江省,宁波市,P5003,三只松鼠坚果,食品饮料,59,1,59,花呗,已完成,无退款
ORD2025003525,2025-09-12 15:33:58,U00282,男,江苏省,常州市,P2005,机械键盘,电脑配件,399,2,798,微信支付,已完成,无退款
ORD2025001304,2025-05-07 21:24:44,U00484,女,山东省,青岛市,P1001,iPhone 15,手机,4999,1,4999,微信支付,已完成,无退款
ORD2025004425,2025-11-15 07:30:11,U00777,女,广东省,东莞市,P2004,罗技 MX Master 3S,电脑配件,699,2,1398,花呗,已取消,无退款
ORD2025002616,2025-08-06 04:22:26,U01409,女,山东省,济南市,P5003,三只松鼠坚果,食品饮料,59,1,59,支付宝,已完成,无退款
ORD2025001549,2025-12-20 09:26:07,U00619,女,江苏省,常州市,P2005,机械键盘,电脑配件,399,1,399,支付宝,已完成,无退款
ORD2025003091,2025-07-26 15:47:05,U00460,女,山东省,烟台市,P5003,三只松鼠坚果,食品饮料,59,1,59,支付宝,已完成,无退款
ORD2025002020,2025-05-07 14:02:13,U00625,男,上海市,上海市,P5003,三只松鼠坚果,食品饮料,59,4,236,花呗,退款中,退款中
ORD2025001291,2025-10-16 07:48:24,U00952,男,山东省,烟台市,P1002,iPhone 15 Pro,手机,6999,1,6999,支付宝,已发货,无退款
ORD2025003189,2025-10-12 18:19:16,U00523,男,湖北省,宜昌市,P4003,优衣库羽绒服,服饰鞋包,799,1,799,支付宝,已完成,已退款
ORD2025002980,2025-07-06 10:47:21,U00356,女,河南省,南阳市,P2004,罗技 MX Master 3S,电脑配件,699,2,1398,银行卡,已完成,无退款
ORD2025004760,2025-01-27 12:20:22,U00126,女,浙江省,宁波市,P2002,华为 FreeBuds,数码配件,999,2,1998,微信支付,已完成,无退款
ORD2025001101,2025-06-21 20:41:02,U00648,男,山东省,青岛市,P2005,机械键盘,电脑配件,399,1,399,银行卡,已发货,无退款
ORD2025003516,2025-03-17 02:44:02,U00919,女,湖北省,武汉市,P3002,联想小新笔记本,电脑办公,4999,1,4999,微信支付,已完成,无
ORD2025002043,2025-11-23 08:19:24,U00278,男,陕西省,宝鸡市,P3004,打印机,电脑办公,899,1,899,银行卡,已完成,无退款
ORD2025002226,2025-02-08 05:03:33,U00148,男,湖北省,襄阳市,P4003,优衣库羽绒服,服饰鞋包,799,2,1598,银行卡,已完成,无退款
ORD2025001238,2025-01-09 14:28:56,U01527,女,广东省,广州市,P2002,华为 FreeBuds,数码配件,999,1,999,花呗,已完成,无退款
ORD2025003036,2025-08-13 06:12:34,U01406,男,广东省,深圳市,P3001,戴尔 27英寸显示器,电脑办公,1499,2,2998,微信支付,退款中,退款中
ORD2025000324,2025-07-23 12:18:09,U00444,男,河南省,郑州市,P3003,机械革命游戏本,电脑办公,6299,1,6299,银行卡,已完成,无退款
ORD2025002536,2025-08-27 05:41:11,U01567,男,浙江省,金华市,P3003,机械革命游戏本,电脑办公,6299,1,6299,支付宝,已完成,无退款
ORD2025000451,2025-04-04 22:05:10,U01723,男,广东省,深圳市,P4003,优衣库羽绒服,服饰鞋包,799,1,799,支付宝,已完成,无退款
ORD2025004895,2025-02-24 05:12:35,U00668,女,上海市,上海市,P3002,联想小新笔记本,电脑办公,4999,1,4999,银行卡,已完成,无退款
ORD2025003202,2025-06-13 13:54:56,U00503,男,上海市,上海市,P1002,iPhone 15 Pro,手机,6999,1,6999,银行卡,已完成,无退款
ORD2025000148,2025-08-11 22:08:53,U00331,男,广东省,东莞市,P4003,优衣库羽绒服,服饰鞋包,799,2,1598,花呗,已完成,无退款
ORD2025000558,2025-10-20 09:22:25,U00466,女,湖北省,襄阳市,P2003,小米手环 9,数码配件,299,3,897,银行卡,退款中,退款中
ORD2025000919,2025-10-27 19:02:50,U01611,女,北京市,北京市,P1003,华为 Mate 70,手机,5499,4,21996,微信支付,已完成,无退款
ORD2025003693,2025-03-27 10:22:22,U01426,女,浙江省,杭州市,P1002,iPhone 15 Pro,手机,6999,1,6999,花呗,已发货,无退款
ORD2025002056,2025-01-29 10:10:02,U00978,女,四川省,绵阳市,P2005,机械键盘,电脑配件,399,2,798,支付宝,已完成,无退款
ORD2025004985,2025-05-28 05:57:30,U01153,男,四川省,德阳市,P2002,华为 FreeBuds,数码配件,999,1,999,银行卡,已完成,无退款
ORD2025002631,2025-03-31 23:50:34,U01196,女,北京市,北京市,P4003,优衣库羽绒服,服饰鞋包,799,2,1598,银行卡,已完成,无退款
ORD2025004277,2025-05-21 01:36:51,U01375,男,陕西省,宝鸡市,P5002,蒙牛纯牛奶,食品饮料,69,2,138,支付宝,已取消,无退款
ORD2025004567,2025-03-29 10:53:04,U01684,男,北京市,北京市,P5003,三只松鼠坚果,食品饮料,59,2,118,支付宝,已完成,无退款
ORD2025000059,2025-11-09 07:08:30,U01587,女,陕西省,咸阳市,P1001,iPhone 15,手机,4999,1,4999,支付宝,已发货,无退款
ORD2025001053,2025-12-11 22:16:30,U00639,女,陕西省,西安市,P1003,华为 Mate 70,手机,5499,2,10998,微信支付,已完成,无退款
ORD2025000882,2025-05-16 20:41:12,U00953,女,江苏省,无锡市,P2001,AirPods Pro 2,数码配件,1899,3,5697,支付宝,已完成,无退款
ORD2025000480,2025-10-11 06:05:26,U01359,女,河南省,南阳市,P3001,戴尔 27英寸显示器,电脑办公,1499,4,5996,微信支付,已发货,无退款
ORD2025004527,2025-05-13 00:20:30,U00368,男,北京市,北京市,P5001,雀巢咖啡,食品饮料,89,1,89,银行卡,已完成,无退款
ORD2025000524,2025-09-22 21:56:12,U01740,女,上海市,上海市,P3002,联想小新笔记本,电脑办公,4999,1,4999,花呗,已完成,
ORD2025003492,2025-06-04 19:02:48,U01298,女,陕西省,宝鸡市,P5002,蒙牛纯牛奶,食品饮料,69,1,69,微信支付,已完成,无退款
ORD2025004738,2025-05-29 05:45:57,U00995,女,四川省,绵阳市,P4002,阿迪达斯卫衣,服饰鞋包,399,1,399,微信支付,已完成,无退款
ORD2025000355,2025-06-05 18:40:25,U00917,男,湖北省,宜昌市,P3003,机械革命游戏本,电脑办公,6299,4,25196,花呗,已完成,无退款
ORD2025004231,2025-05-12 19:10:49,U00928,女,四川省,德阳市,P3004,打印机,电脑办公,899,1,899,微信支付,已完成,无退款
ORD2025002909,2025-07-17 16:49:48,U00992,女,四川省,绵阳市,P5001,雀巢咖啡,食品饮料,89,3,267,支付宝,已完成,无退款
ORD2025003330,2025-03-01 04:37:09,U00003,男,北京市,北京市,P3001,戴尔 27英寸显示器,电脑办公,1499,1,1499,微信支付,已发货,无退款
ORD2025001746,2025-05-29 20:56:24,U00117,男,河南省,郑州市,P4003,优衣库羽绒服,服饰鞋包,799,1,799,微信支付,已发货,无退款
ORD2025000090,2025-01-11 20:35:11,U01001,女,上海市,上海市,P1003,华为 Mate 70,手机,5499,3,16497,支付宝,已完成,无退款
ORD2025003082,2025-03-17 07:26:55,U01556,女,陕西省,宝鸡市,P1001,iPhone 15,手机,4999,1,4999,微信支付,已完成,无退款
ORD2025004672,2025-07-26 14:03:37,U00065,女,浙江省,宁波市,P4001,耐克运动鞋,服饰鞋包,599,1,599,花呗,已完成,无退款
ORD2025002181,2025-02-07 14:34:39,U00633,男,广东省,东莞市,P3002,联想小新笔记本,电脑办公,4999,2,9998,微信支付,已发货,无退款
ORD2025003891,2025-07-31 04:05:16,U00201,男,河南省,郑州市,P1002,iPhone 15 Pro,手机,6999,1,6999,微信支付,已完成,无退款
ORD2025000760,2025-09-15 04:30:48,U00276,女,湖北省,武汉市,P1004,小米 15,手机,3999,1,3999,银行卡,已完成,无退款
ORD2025004125,2025-02-06 21:19:57,U01368,女,湖北省,襄阳市,P5002,蒙牛纯牛奶,食品饮料,69,1,69,银行卡,已完成,无退款
ORD2025000982,2025-07-24 12:31:38,U00758,男,湖北省,襄阳市,P3003,机械革命游戏本,电脑办公,6299,1,6299,支付宝,已完成,无退款
ORD2025003834,2025-08-26 20:19:10,U01596,男,浙江省,宁波市,P1005,荣耀 Magic7,手机,4499,2,8998,微信支付,完成,无退款
ORD2025002571,2025-09-07 20:55:17,U00741,女,上海市,上海市,P1002,iPhone 15 Pro,手机,6999,1,6999,花呗,已完成,无退款
ORD2025000735,2025-05-27 22:16:29,U01579,男,湖北省,宜昌市,P3004,打印机,电脑办公,899,1,899,银行卡,已完成,无退款
ORD2025003893,2025-05-31 01:43:15,U00830,女,江苏省,无锡市,P1002,iPhone 15 Pro,手机,6999,1,6999,支付宝,已完成,无退款
ORD2025000661,2025-09-16 10:17:04,U01130,男,陕西省,西安市,P1002,iPhone 15 Pro,手机,6999,1,6999,支付宝,已发货,无退款
ORD2025001040,2025-11-29 17:15:43,U01516,女,山东省,烟台市,P1001,iPhone 15,手机,4999,1,4999,花呗,已完成,无退款
ORD2025003851,2025-03-17 16:44:08,U00922,女,河南省,郑州市,P1002,iPhone 15 Pro,手机,6999,1,6999,花呗,已完成,无退款
ORD2025004669,2025-03-17 15:46:52,U01569,女,湖北省,襄阳市,P4003,优衣库羽绒服,服饰鞋包,799,1,799,支付宝,已完成,已退款
ORD2025000645,2025-12-30 21:47:05,U00638,男,河南省,洛阳市,P3002,联想小新笔记本,电脑办公,4999,1,4999,微信支付,已完成,无退款
ORD2025003386,2025-04-05 11:22:30,U00794,女,江苏省,苏州市,P4003,优衣库羽绒服,服饰鞋包,799,2,1598,微信支付,已完成,无退款
ORD2025004434,2025-08-08 17:36:44,U01310,男,浙江省,金华市,P4001,耐克运动鞋,服饰鞋包,599,1,599,支付宝,已发货,无退款
ORD2025003737,2025-11-05 14:50:32,U01105,女,广东省,广州市,P3002,联想小新笔记本,电脑办公,4999,1,4999,花呗,已完成,无退款
ORD2025001608,2025-03-05 22:25:58,U00924,女,湖北省,襄阳市,P2001,AirPods Pro 2,数码配件,1899,1,1899,支付宝,已完成,无退款
ORD2025003258,2025-12-06 06:55:34,U01602,男,上海市,上海市,P3001,戴尔 27英寸显示器,电脑办公,1499,2,2998,微信支付,已完成,无退款
ORD2025002261,2025-12-11 07:55:26,U00274,女,四川省,绵阳市,P4001,耐克运动鞋,服饰鞋包,599,1,599,微信支付,已完成,无退款
ORD2025002874,2025-02-22 12:35:56,U01417,女,陕西省,西安市,P2005,机械键盘,电脑配件,399,1,399,支付宝,已完成,无退款
ORD2025004998,2025-02-28 21:42:46,U00326,女,湖北省,宜昌市,P5003,三只松鼠坚果,食品饮料,59,2,118,支付宝,已完成,无退款
ORD2025001770,2025-10-09 00:01:38,U01668,男,广东省,深圳市,P2001,AirPods Pro 2,数码配件,1899,1,1899,花呗,已完成,无退款
ORD2025001953,2025-01-30 12:33:37,U00051,女,四川省,德阳市,P2002,华为 FreeBuds,数码配件,999,2,1998,银行卡,已取消,无退款
ORD2025004524,2025-11-20 05:33:05,U01021,男,河南省,郑州市,P4002,阿迪达斯卫衣,服饰鞋包,399,1,399,银行卡,已完成,无退款
ORD2025000571,2025-05-03 15:33:36,U00596,女,上海市,上海市,P1002,iPhone 15 Pro,手机,6999,2,13998,花呗,已完成,无退款
ORD2025004560,2025-10-01 02:22:59,U00011,女,江苏省,常州市,P1004,小米 15,手机,3999,4,15996,支付宝,已完成,无退款
ORD2025000125,2025-10-18 23:45:50,U01704,男,北京市,北京市,P3002,联想小新笔记本,电脑办公,4999,1,4999,花呗,已完成,无退款
ORD2025002155,2025-09-18 13:20:42,U00236,男,陕西省,西安市,P3002,联想小新笔记本,电脑办公,4999,4,19996,银行卡,已发货,无退款
ORD2025001523,2025-05-27 15:21:14,U01162,男,陕西省,宝鸡市,P5003,三只松鼠坚果,食品饮料,59,1,59,支付宝,待付款,无退款
ORD2025000295,2025-10-30 21:49:43,U00669,女,浙江省,杭州市,P5003,三只松鼠坚果,食品饮料,59,2,118,支付宝,已发货,无退款
ORD2025003647,2025-05-23 23:40:24,U01219,男,陕西省,咸阳市,P2002,华为 FreeBuds,数码配件,999,1,999,花呗,已完成,无退款
ORD2025000398,2025-07-28 13:42:24,U01592,女,陕西省,宝鸡市,P2001,AirPods Pro 2,数码配件,1899,1,1899,花呗,已完成,无退款
ORD2025002632,2025-05-24 08:37:09,U01657,女,河南省,洛阳市,P4002,阿迪达斯卫衣,服饰鞋包,399,1,399,支付宝,已完成,无退款
ORD2025004912,2025-09-17 21:30:56,U01363,男,广东省,广州市,P1002,iPhone 15 Pro,手机,6999,1,6999,微信支付,已发货,无退款
ORD2025000659,2025-09-15 13:56:55,U01683,女,北京市,北京市,P1003,华为 Mate 70,手机,5499,1,5499,银行卡,已取消,无退款
ORD2025001011,2025-01-01 01:20:11,U00892,男,广东省,广州市,P1005,荣耀 Magic7,手机,4499,1,4499,花呗,已完成,无退款
ORD2025003355,2025-10-18 13:38:45,U01230,女,河南省,南阳市,P1001,iPhone 15,手机,4999,2,9998,微信支付,已完成,无退款
ORD2025003077,2025-01-05 05:37:28,U01753,女,河南省,南阳市,P1003,华为 Mate 70,手机,5499,1,5499,微信支付,已完成,无退款
ORD2025000479,2025-07-06 06:29:33,U00727,男,上海市,上海市,P5003,三只松鼠坚果,食品饮料,59,1,59,支付宝,已发货,无退款
ORD2025002642,2025-05-16 23:04:32,U01269,男,江苏省,常州市,P2001,AirPods Pro 2,数码配件,1899,1,1899,支付宝,已发货,无退款
ORD2025002503,2025-10-20 17:20:02,U00940,女,北京市,北京市,P4002,阿迪达斯卫衣,服饰鞋包,399,4,1596,微信支付,退款中,退款中
ORD2025004221,2025-02-19 09:22:19,U01140,男,上海市,上海市,P2003,小米手环 9,数码配件,299,2,598,微信支付,已完成,无退款
ORD2025003859,2025-12-13 14:09:04,U01066,女,上海市,上海市,P1003,华为 Mate 70,手机,5499,2,10998,支付宝,已完成,无退款
ORD2025002849,2025-02-01 06:23:07,U01180,男,山东省,青岛市,P1002,iPhone 15 Pro,手机,6999,1,6999,花呗,已发货,无退款
ORD2025001395,2025-06-01 16:03:58,U00589,男,陕西省,咸阳市,P2005,机械键盘,电脑配件,399,1,399,银行卡,已取消,已退款
ORD2025003779,2025-08-10 00:00:07,U01733,女,浙江省,温州市,P1003,华为 Mate 70,手机,5499,1,5499,银行卡,已取消,无退款
ORD2025000455,2025-05-10 17:23:00,U01690,女,上海市,上海市,P4003,优衣库羽绒服,服饰鞋包,799,1,799,支付宝,已完成,无退款
ORD2025004392,2025-11-24 04:00:42,U00165,女,湖北省,宜昌市,P3002,联想小新笔记本,电脑办公,4999,1,4999,微信支付,退款中,退款中
ORD2025000037,2025-11-05 21:38:41,U01688,女,北京市,北京市,P3004,打印机,电脑办公,899,1,-899,支付宝,已完成,已退款
ORD2025003235,2025-09-07 23:05:47,U01313,女,北京市,北京市,P4001,耐克运动鞋,服饰鞋包,599,1,599,花呗,已完成,无退款
ORD2025003019,2025-12-07 04:01:12,U00076,男,湖北省,襄阳市,P1004,小米 15,手机,3999,2,7998,银行卡,已完成,无退款
ORD2025000412,2025-02-08 16:13:18,U00921,女,广东省,深圳市,P1003,华为 Mate 70,手机,5499,1,5499,支付宝,已完成,无退款
ORD2025000435,2025-10-20 00:37:51,U01679,女,广东省,佛山市,P4003,优衣库羽绒服,服饰鞋包,799,1,799,支付宝,已完成,无退款
ORD2025004030,2025-02-03 21:35:38,U01189,女,四川省,德阳市,P4002,阿迪达斯卫衣,服饰鞋包,399,1,399,花呗,已完成,无退款
ORD2025001969,2025-12-10 00:32:33,U01285,男,北京市,北京市,P1001,iPhone 15,手机,4999,1,4999,微信支付,已完成,无退款
ORD2025002267,2025-11-24 05:39:46,U00256,女,四川省,绵阳市,P1001,iPhone 15,手机,4999,2,9998,银行卡,已完成,无退款
ORD2025001873,2025-09-07 12:40:01,U00153,女,河南省,郑州市,P2002,华为 FreeBuds,数码配件,999,2,1998,花呗,已完成,无退款
ORD2025000666,2025-07-09 00:38:02,U00911,男,广东省,东莞市,P1004,小米 15,手机,3999,1,3999,支付宝,已完成,无退款
ORD2025002209,2025-10-31 00:35:05,U00243,女,湖北省,武汉市,P5002,蒙牛纯牛奶,食品饮料,69,1,69,银行卡,已发货,无退款
ORD2025003758,2025-02-02 05:55:49,U01365,女,陕西省,咸阳市,P3004,打印机,电脑办公,899,2,1798,微信支付,已完成,无退款
ORD2025000300,2025-08-21 12:45:44,U01082,男,四川省,绵阳市,P1001,iPhone 15,手机,4999,1,4999,微信支付,待付款,无退款
ORD2025004656,2025-12-01 05:58:37,U00361,女,浙江省,金华市,P5002,蒙牛纯牛奶,食品饮料,69,1,69,微信支付,已取消,无退款
ORD2025004377,2025-08-03 07:59:15,U01284,女,广东省,广州市,P1002,iPhone 15 Pro,手机,6999,2,13998,银行卡,已取消,无退款
ORD2025004365,2025-09-22 09:26:57,U00988,男,湖北省,武汉市,P1004,小米 15,手机,3999,1,3999,银行卡,已完成,无退款
ORD2025002900,2025-11-20 03:37:39,U00256,女,山东省,济南市,P1002,iPhone 15 Pro,手机,6999,1,6999,微信支付,待付款,无退款
ORD2025002131,2025-12-07 09:00:37,U01509,女,浙江省,宁波,P1003,华为 Mate 70,手机,5499,2,10998,支付宝,已发货,无退款
ORD2025000604,2025-03-25 08:01:42,U01035,男,北京市,北京市,P2002,华为 FreeBuds,数码配件,999,2,1998,银行卡,已完成,无退款
ORD2025002675,2025-08-30 08:55:29,U00124,男,上海市,上海市,P2001,AirPods Pro 2,数码配件,1899,2,3798,支付宝,已完成,无退款
ORD2025003839,2025-03-12 20:13:01,U00877,男,江苏省,无锡市,P5001,雀巢咖啡,食品饮料,89,1,89,花呗,已取消,无退款
ORD2025001164,2025-10-27 09:45:11,U00787,女,四川省,成都市,P1003,华为 Mate 70,手机,5499,2,10998,支付宝,已完成,无退款
ORD2025003214,2025-06-06 00:49:14,U01097,男,上海市,上海市,P2003,小米手环 9,数码配件,299,1,299,银行卡,已完成,无退款
ORD2025000477,2025-10-25 01:09:30,U01742,男,河南省,郑州市,P3004,打印机,电脑办公,899,1,899,微信支付,已完成,无退款
ORD2025004886,2025-12-16 03:28:08,U01236,女,湖北省,武汉市,P5002,蒙牛纯牛奶,食品饮料,69,1,69,花呗,已完成,无退款
ORD2025004592,2025-12-06 07:27:19,U01353,女,北京市,北京市,P3004,打印机,电脑办公,899,1,899,花呗,已完成,已退款
ORD2025003795,2025-11-30 02:20:14,U00607,男,江苏省,苏州市,P3003,机械革命游戏本,电脑办公,6299,2,12598,支付宝,已完成,无退款
ORD2025000179,2025-11-07 02:41:41,U00357,女,北京市,北京市,P2001,AirPods Pro 2,数码配件,1899,2,3798,花呗,已发货,无退款
ORD2025000871,2025-08-18 21:28:21,U01550,女,广东省,佛山市,P3001,戴尔 27英寸显示器,电脑办公,1499,1,1499,银行卡,已取消,无退款
ORD2025001737,2025-08-25 06:22:05,U01555,女,陕西省,宝鸡市,P1002,iPhone 15 Pro,手机,6999,2,13998,支付宝,已完成,无退款
ORD2025003233,2025-09-12 23:20:44,U01129,男,湖北省,襄阳市,P1002,iPhone 15 Pro,手机,6999,4,27996,花呗,已发货,无退款
ORD2025001041,2025-03-13 06:09:36,U00117,女,陕西省,西安市,P4002,阿迪达斯卫衣,服饰鞋包,399,1,399,银行卡,已完成,无退款
ORD2025000630,2025-01-24 07:01:42,U00351,男,上海市,上海市,P1002,iPhone 15 Pro,手机,6999,1,6999,花呗,已完成,无退款
ORD2025003712,2025-09-27 15:30:59,U01533,男,湖北省,武汉市,P3002,联想小新笔记本,电脑办公,4999,1,4999,支付宝,已取消,无退款
ORD2025004602,2025-08-30 22:27:26,U00765,男,湖北省,宜昌市,P2005,机械键盘,电脑配件,399,2,798,微信支付,已完成,无退款
ORD2025003210,2025-02-04 22:43:21,U00325,男,北京市,北京市,P5003,三只松鼠坚果,食品饮料,59,1,59,支付宝,已完成,无退款
ORD2025001246,2025-12-20 01:42:56,U00237,男,广东省,广州市,P3004,打印机,电脑办公,899,1,899,支付宝,已取消,无退款
ORD2025002475,2025-01-30 13:35:41,U00527,女,四川省,绵阳市,P1003,华为 Mate 70,手机,5499,1,5499,微信支付,待付款,无退款
ORD2025001490,2025-02-03 02:06:07,U00775,女,江苏省,无锡市,P2003,小米手环 9,数码配件,299,1,299,银行卡,已取消,无退款
ORD2025003124,2025-02-04 09:36:08,U00103,女,四川省,成都市,P5001,雀巢咖啡,食品饮料,89,1,89,微信支付,已完成,无退款
ORD2025001504,2025-10-12 04:49:06,U00978,女,上海市,上海市,P4002,阿迪达斯卫衣,服饰鞋包,399,1,399,支付宝,已完成,无退款
ORD2025000025,2025-04-07 21:03:47,U00569,男,江苏省,南京市,P1001,iPhone 15,手机,4999,1,4999,花呗,已完成,无退款
ORD2025001381,2025-03-05 00:35:22,U00349,男,江苏省,无锡市,P2005,机械键盘,电脑配件,399,3,1197,微信支付,退款中,退款中
ORD2025001217,2025-09-02 22:01:04,U00798,男,上海市,上海市,P4003,优衣库羽绒服,服饰鞋包,799,1,799,支付宝,已完成,无退款
ORD2025001991,2025-10-28 15:44:43,U01456,女,山东省,青岛市,P3002,联想小新笔记本,电脑办公,4999,1,4999,银行卡,已完成,无退款
ORD2025003617,2025-12-22 18:20:15,U00263,女,四川省,成都市,P1001,iPhone 15,手机,4999,1,4999,支付宝,已完成,无退款
ORD2025000809,2025-01-14 19:46:03,U01654,男,浙江省,宁波市,P5002,蒙牛纯牛奶,食品饮料,69,1,69,支付宝,已完成,无退款
ORD2025002567,2025-09-08 07:33:17,U00182,男,陕西省,西安市,P1005,荣耀 Magic7,手机,4499,2,8998,花呗,已完成,无退款
ORD2025004542,2025-03-28 16:42:28,U01030,女,广东省,东莞市,P2005,机械键盘,电脑配件,399,1,399,花呗,已完成,无退款
ORD2025000983,2025-06-21 13:13:48,U00304,男,四川省,德阳市,P1004,小米 15,手机,3999,1,3999,微信支付,已完成,无退款
ORD2025004357,2025-12-10 14:11:26,U00453,女,上海市,上海市,P2002,华为 FreeBuds,数码配件,999,2,1998,支付宝,已完成,无退款
ORD2025003333,2025-10-31 04:17:50,U00102,男,河南省,郑州市,P3001,戴尔 27英寸显示器,电脑办公,1499,2,2998,微信支付,已完成,无退款
ORD2025001754,2025-03-29 05:58:17,U00861,男,广东省,东莞市,P1002,iPhone 15 Pro,手机,6999,1,6999,花呗,已发货,无退款
ORD2025002363,2025-08-27 00:59:34,U01429,男,陕西省,西安市,P2005,机械键盘,电脑配件,399,4,1596,银行卡,已完成,无退款
ORD2025000835,2025-10-01 13:07:52,U00852,女,广东省,广州市,P3001,戴尔 27英寸显示器,电脑办公,1499,1,1499,支付宝,已取消,无退款
ORD2025004630,2025-09-23 20:08:12,U01589,男,四川省,成都市,P5002,蒙牛纯牛奶,食品饮料,69,1,69,支付宝,已完成,无退款
ORD2025004613,2025-08-01 23:13:23,U00736,女,广东省,广州市,P5003,三只松鼠坚果,食品饮料,59,1,59,微信支付,已完成,无退款
ORD2025000822,2025-10-24 16:36:45,U00750,女,陕西省,西安市,P1002,iPhone 15 Pro,手机,6999,1,6999,银行卡,已发货,无退款
ORD2025001342,2025-04-30 15:23:17,U00175,男,广东省,佛山市,P3003,机械革命游戏本,电脑办公,6299,3,18897,银行卡,已完成,无退款
ORD2025004155,2025-10-16 04:22:50,U00746,女,广东省,佛山市,P2005,机械键盘,电脑配件,399,1,399,微信支付,已完成,无退款
ORD2025002651,2025-08-29 21:30:12,U00852,男,江苏省,无锡市,P4002,阿迪达斯卫衣,服饰鞋包,399,1,399,银行卡,已完成,无退款
ORD2025000030,2025-07-22 09:16:54,U01520,男,湖北省,宜昌市,P3002,联想小新笔记本,电脑办公,4999,3,14997,微信支付,已完成,无退款
ORD2025000516,2025-05-28 16:41:34,U00782,男,陕西省,宝鸡市,P3004,打印机,电脑办公,899,1,899,支付宝,退款中,退款中
ORD2025001423,2025-12-09 10:48:29,U00530,女,四川省,绵阳市,P5003,三只松鼠坚果,食品饮料,59,1,59,银行卡,已完成,无退款
ORD2025001245,2025-05-15 17:33:27,U01095,男,四川省,绵阳市,P3002,联想小新笔记本,电脑办公,4999,1,4999,支付宝,已取消,无退款
ORD2025002354,2025-13-45 25:61:00,U00711,女,山东省,青岛市,P4003,优衣库羽绒服,服饰鞋包,799,3,2397,支付宝,已发货,无退款
ORD2025001531,2025-11-16 06:24:48,U00964,男,山东省,济南市,P5002,蒙牛纯牛奶,食品饮料,69,5,345,支付宝,已完成,无退款
ORD2025004798,2025-07-06 21:30:38,U01725,男,上海市,上海市,P3001,戴尔 27英寸显示器,电脑办公,1499,1,1499,花呗,已完成,无退款
ORD2025001226,2025-09-18 12:24:52,U01091,男,河南省,洛阳市,P1003,华为 Mate 70,手机,5499,1,5499,微信支付,已取消,无退款
ORD2025001955,2025-11-08 05:51:14,U01732,男,河南省,郑州市,P5003,三只松鼠坚果,食品饮料,59,2,118,微信支付,已完成,无退款
ORD2025004373,2025-03-08 04:02:56,U01756,男,北京市,北京市,P2002,华为 FreeBuds,数码配件,999,1,999,银行卡,已发货,无退款
ORD2025004443,2025-06-15 09:06:56,U01461,男,北京市,北京市,P2002,华为 FreeBuds,数码配件,999,2,1998,微信支付,已完成,无退款
ORD2025000068,2025-01-20 14:10:43,U00044,女,广东省,深圳市,P1002,iPhone 15 Pro,手机,6999,1,6999,银行卡,已完成,无退款
ORD2025002124,2025-05-24 18:03:56,U00538,男,山东省,烟台市,P3004,打印机,电脑办公,899,3,2697,银行卡,已完成,无退款
ORD2025001825,2025-09-10 05:52:58,U01592,女,上海市,上海市,P1004,小米 15,手机,3999,3,11997,银行卡,已完成,无退款
ORD2025001050,2025-12-20 11:12:22,U00563,女,上海市,上海市,P2005,机械键盘,电脑配件,399,1,399,银行卡,已发货,无退款
ORD2025003692,2025-09-01 01:43:53,U00069,女,广东省,佛山市,P2005,机械键盘,电脑配件,399,2,798,支付宝,已完成,无退款
ORD2025002337,2025-10-01 13:32:47,U01121,男,四川省,绵阳市,P2001,AirPods Pro 2,数码配件,1899,1,1899,花呗,待付款,无退款
ORD2025002731,2025-07-20 07:27:55,U01696,女,北京市,北京市,P4002,阿迪达斯卫衣,服饰鞋包,399,2,798,银行卡,已发货,无退款
ORD2025003880,2025-07-10 21:37:29,U01743,女,四川省,绵阳市,P2005,机械键盘,电脑配件,399,1,399,微信支付,已完成,无退款
ORD2025004465,2025-04-12 14:42:33,U01463,男,浙江省,杭州市,P2001,AirPods Pro 2,数码配件,1899,1,1899,花呗,已发货,无退款
ORD2025000351,2025-07-20 17:24:30,U01381,女,上海市,上海市,P3003,机械革命游戏本,电脑办公,6299,1,6299,花呗,已完成,无退款
ORD2025001907,2025-02-04 09:28:27,U00984,男,湖北省,襄阳市,P2003,小米手环 9,数码配件,299,5,1495,银行卡,已完成,无退款
ORD2025000204,2025-04-01 05:28:25,U01050,女,江苏省,无锡市,P5001,雀巢咖啡,食品饮料,89,1,89,支付宝,已完成,无退款
ORD2025002511,2025-08-09 10:50:05,U01425,男,山东省,济南市,P5002,蒙牛纯牛奶,食品饮料,69,1,69,银行卡,已发货,无退款
ORD2025001856,2025-02-21 17:32:27,U01279,男,山东省,烟台市,P3004,打印机,电脑办公,899,1,899,支付宝,已完成,无退款
ORD2025002868,2025-10-04 21:31:21,U01274,男,陕西省,宝鸡市,P3002,联想小新笔记本,电脑办公,4999,1,4999,支付宝,已完成,无退款
ORD2025004290,2025-04-06 13:40:57,U00571,女,浙江省,宁波市,P5002,蒙牛纯牛奶,食品饮料,69,1,69,银行卡,已完成,无退款
ORD2025002719,2025-12-01 21:54:10,U01798,男,陕西省,西安市,P2005,机械键盘,电脑配件,399,3,1197,花呗,退款中,退款中
ORD2025002767,2025-10-10 19:22:17,U00759,女,浙江省,杭州市,P4002,阿迪达斯卫衣,服饰鞋包,399,1,399,支付宝,已完成,无退款
ORD2025001448,2025-09-18 19:42:16,U01431,女,山东省,青岛市,P3003,机械革命游戏本,电脑办公,6299,1,6299,支付宝,已完成,无退款
ORD2025000084,2025-09-16 15:23:58,U00445,男,四川省,绵阳市,P3001,戴尔 27英寸显示器,电脑办公,1499,1,1499,花呗,已完成,无退款
ORD2025000240,2025-11-21 19:05:51,U01451,男,北京市,北京市,P2002,华为 FreeBuds,数码配件,999,1,999,花呗,已完成,无退款
ORD2025004368,2025-04-03 13:03:05,U00547,女,江苏省,苏州市,P2003,小米手环 9,数码配件,299,1,299,银行卡,已完成,无退款
ORD2025002006,2025-06-22 05:50:34,U01460,男,四川省,绵阳市,P2002,华为 FreeBuds,数码配件,999,2,1998,支付宝,已完成,无退款
ORD2025003248,2025-10-23 16:21:40,U00057,男,北京市,北京市,P4003,优衣库羽绒服,服饰鞋包,799,1,799,花呗,已完成,已退款
ORD2025004595,2025-09-26 06:33:05,U01220,男,河南省,洛阳市,P5001,雀巢咖啡,食品饮料,89,2,178,微信支付,已发货,无退款
ORD2025002890,2025-04-18 04:24:30,U00736,男,陕西省,西安市,P5003,三只松鼠坚果,食品饮料,59,1,59,支付宝,已完成,无退款
ORD2025000528,2025-05-11 19:42:12,U01500,男,浙江省,杭州市,P4002,阿迪达斯卫衣,服饰鞋包,399,1,399,支付宝,待付款,无退款
ORD2025004639,2025-12-28 02:10:20,U01013,女,浙江省,温州市,P5002,蒙牛纯牛奶,食品饮料,69,3,207,银行卡,已完成,无退款
ORD2025000778,2025-07-10 23:19:04,U01742,男,广东省,广州市,P1002,iPhone 15 Pro,手机,6999,1,6999,花呗,已完成,无退款
ORD2025001068,2025-05-02 09:56:41,U00013,男,北京市,北京市,P2002,华为 FreeBuds,数码配件,999,1,999,银行卡,已完成,无退款
ORD2025001318,2025-10-10 21:00:44,U00702,女,北京市,北京市,P5003,三只松鼠坚果,食品饮料,59,3,177,微信支付,已完成,无退款
ORD2025000344,2025-06-06 02:56:41,U01698,男,山东省,青岛市,P1003,华为 Mate 70,手机,5499,1,5499,支付宝,已发货,无退款
ORD2025002552,2025-05-16 12:18:59,U00647,女,广东省,东莞市,P1003,华为 Mate 70,手机,5499,1,5499,微信支付,已完成,无退款
ORD2025004414,2025-02-10 15:50:17,U00500,女,湖北省,宜昌市,P1004,小米 15,手机,3999,1,3999,支付宝,已完成,无退款
ORD2025003956,2025-02-09 20:29:09,U01001,男,陕西省,咸阳市,P5001,雀巢咖啡,食品饮料,89,1,89,支付宝,已完成,无退款
ORD2025002264,2025-10-15 08:24:31,U01019,女,浙江省,杭州市,P2001,AirPods Pro 2,数码配件,1899,1,1899,支付宝,已完成,已退款
ORD2025004803,2025-06-06 13:13:42,U00357,女,浙江省,杭州市,P1005,荣耀 Magic7,手机,4499,2,8998,花呗,已完成,无退款
ORD2025001807,2025-09-27 15:28:58,U01034,男,浙江省,金华市,P1002,iPhone 15 Pro,手机,6999,2,13998,微信支付,已发货,无退款
ORD2025002678,2025-02-09 17:46:15,U01015,女,河南省,南阳市,P2001,AirPods Pro 2,数码配件,1899,2,3798,微信支付,已完成,无退款
ORD2025003571,2025-12-26 21:40:03,U00956,男,湖北省,武汉市,P2002,华为 FreeBuds,数码配件,999,1,999,支付宝,已发货,无退款
ORD2025001512,2025-10-24 04:06:27,U00507,男,上海市,上海市,P4002,阿迪达斯卫衣,服饰鞋包,399,1,399,微信支付,已完成,无退款
ORD2025003877,2025-07-02 20:34:32,U00036,女,湖北省,襄阳市,P1001,iPhone 15,手机,4999,5,24995,微信支付,已完成,无退款
ORD2025003637,2025-09-25 20:06:47,U00899,男,广东省,深圳市,P2001,AirPods Pro 2,数码配件,1899,1,1899,银行卡,已完成,无退款
ORD2025004017,2025-09-22 19:36:21,U01193,男,江苏省,常州市,P2001,AirPods Pro 2,数码配件,1899,1,1899,花呗,已发货,无退款
ORD2025001904,2025-03-04 15:48:22,U01037,男,河南省,洛阳市,P3003,机械革命游戏本,电脑办公,6299,1,6299,银行卡,已完成,无退款
ORD2025003358,2025-02-03 05:02:34,U01303,女,江苏省,苏州市,P3001,戴尔 27英寸显示器,电脑办公,1499,1,1499,支付宝,已完成,无退款
ORD2025004128,2025-02-02 20:18:13,U00288,女,陕西省,西安市,P2003,小米手环 9,数码配件,299,2,598,微信支付,已完成,无退款
ORD2025000258,2025-07-12 03:47:58,U01685,女,山东省,济南市,P2005,机械键盘,电脑配件,399,1,399,支付宝,已完成,无退款
ORD2025001847,2025-10-20 11:16:19,U00348,男,四川省,成都市,P1001,iPhone 15,手机,4999,1,4999,花呗,已完成,无退款
ORD2025004399,2025-12-17 12:00:20,U00908,男,北京市,北京市,P3001,戴尔 27英寸显示器,电脑办公,1499,2,2998,微信支付,已完成,无退款
ORD2025001812,2025-01-07 14:27:10,U01178,男,河南省,洛阳市,P2002,华为 FreeBuds,数码配件,999,1,999,银行卡,已完成,无退款
ORD2025000887,2025-09-04 12:40:37,U01018,女,广东省,东莞市,P1003,华为 Mate 70,手机,5499,1,5499,银行卡,退款中,退款中
ORD2025001351,2025-02-24 12:23:17,U00044,女,河南省,郑州市,P2002,华为 FreeBuds,数码配件,999,2,1998,微信支付,已完成,无退款
ORD2025003073,2025-11-20 03:32:44,U00150,女,浙江省,金华市,P1005,荣耀 Magic7,手机,4499,2,8998,支付宝,已完成,无退款
ORD2025004104,2025-04-24 07:34:02,U01165,男,广东省,佛山市,P4003,优衣库羽绒服,服饰鞋包,799,1,799,支付宝,已发货,无退款
ORD2025000875,2025-11-06 08:45:50,U00790,男,浙江省,温州市,P3003,机械革命游戏本,电脑办公,6299,3,18897,花呗,待付款,无退款
ORD2025002198,2025-12-14 04:58:38,U01261,男,北京市,北京市,P3004,打印机,电脑办公,899,1,899,花呗,已完成,无退款
ORD2025001057,2025-04-29 04:15:17,U01621,男,四川省,德阳市,P1002,iPhone 15 Pro,手机,6999,1,6999,支付宝,已完成,无退款
ORD2025001676,2025-04-18 08:35:01,U00356,男,河南省,南阳市,P2001,AirPods Pro 2,数码配件,1899,1,1899,支付宝,待付款,无退款
ORD2025000803,2025-06-30 21:31:01,U01343,男,湖北省,武汉市,P3003,机械革命游戏本,电脑办公,6299,1,6299,微信支付,已完成,无退款
ORD2025002310,2025-11-28 01:37:09,U00870,女,湖北省,宜昌市,P2002,华为 FreeBuds,数码配件,999,4,3996,微信支付,已发货,无退款
ORD2025003714,2025-08-22 14:28:57,U00499,男,山东省,烟台市,P2002,华为 FreeBuds,数码配件,999,1,999,银行卡,已完成,无退款
ORD2025004824,2025-07-25 11:53:17,U00843,男,广东省,广州市,P3003,机械革命游戏本,电脑办公,6299,3,18897,微信支付,已取消,无退款
ORD2025002100,2025-12-26 16:46:22,U01286,男,河南省,洛阳市,P1005,荣耀 Magic7,手机,4499,1,4499,微信支付,已完成,无退款
ORD2025001520,2025-01-18 21:47:21,U00654,女,河南省,洛阳市,P1001,iPhone 15,手机,4999,1,4999,支付宝,已发货,无退款
ORD2025003700,2025-02-02 05:21:38,U01509,女,陕西省,宝鸡市,P2003,小米手环 9,数码配件,299,1,299,银行卡,已发货,无退款
ORD2025002044,2025-11-29 10:36:48,U01390,男,四川省,德阳市,P3004,打印机,电脑办公,899,1,899,支付宝,已完成,无退款
ORD2025000763,2025-07-26 00:31:29,U00537,女,上海市,上海市,P5003,三只松鼠坚果,食品饮料,59,1,59,支付宝,已发货,无退款
ORD2025001892,2025-01-07 00:59:55,U00877,男,四川省,成都市,P1003,华为 Mate 70,手机,5499,1,5499,支付宝,已取消,无退款
ORD2025002748,2025-12-11 11:15:43,U01404,男,陕西省,宝鸡市,P3003,机械革命游戏本,电脑办公,6299,1,6299,花呗,待付款,无退款
ORD2025004936,2025-08-04 13:27:28,U00785,女,上海市,上海市,P3001,戴尔 27英寸显示器,电脑办公,1499,2,2998,微信支付,已完成,无退款
ORD2025001858,2025-09-14 15:15:09,U01219,女,四川省,绵阳市,P2005,机械键盘,电脑配件,399,3,1197,花呗,已完成,无退款
ORD2025004135,2025-05-26 11:24:39,U00454,女,陕西省,咸阳市,P3001,戴尔 27英寸显示器,电脑办公,1499,1,1499,花呗,已取消,已退款
ORD2025003636,2025-12-02 03:36:09,U00743,女,湖北省,武汉市,P2001,AirPods Pro 2,数码配件,1899,1,1899,花呗,已完成,无退款
ORD2025001171,2025-10-12 06:28:05,U01278,女,陕西省,咸阳市,P3003,机械革命游戏本,电脑办公,6299,1,6299,花呗,已完成,无退款
ORD2025001509,2025-02-27 13:05:23,U00995,女,四川省,德阳市,P4003,优衣库羽绒服,服饰鞋包,799,1,799,银行卡,已完成,无退款
ORD2025002050,2025-06-14 23:31:59,U00671,男,北京市,北京市,P1002,iPhone 15 Pro,手机,6999,1,6999,支付宝,已完成,无退款
ORD2025003338,2025-06-20 06:59:03,U00112,男,山东省,济南市,P5001,雀巢咖啡,食品饮料,89,3,267,支付宝,已取消,无退款
ORD2025003250,2025-06-25 11:46:42,U01616,男,河南省,郑州市,P3001,戴尔 27英寸显示器,电脑办公,1499,1,1499,花呗,已完成,无退款
ORD2025003204,2025-11-08 23:53:14,U00644,女,陕西省,宝鸡市,P2004,罗技 MX Master 3S,电脑配件,699,1,699,支付宝,已发货,无退款
ORD2025000711,2025-10-07 01:49:15,U00902,女,四川省,绵阳市,P4001,耐克运动鞋,服饰鞋包,599,1,599,微信支付,已发货,无退款
ORD2025001244,2025-03-21 12:58:06,U01713,女,陕西省,宝鸡市,P4003,优衣库羽绒服,服饰鞋包,799,1,799,花呗,已完成,无退款
ORD2025002692,2025-05-07 23:27:43,U00055,男,河南省,郑州市,P5001,雀巢咖啡,食品饮料,89,1,89,支付宝,已完成,无退款
ORD2025004739,2025-10-31 06:44:35,U01515,男,上海市,上海市,P2004,罗技 MX Master 3S,电脑配件,699,2,1398,花呗,已完成,无退款
ORD2025000530,2025-04-08 22:46:17,U00826,女,山东省,青岛市,P1003,华为 Mate 70,手机,5499,1,5499,微信支付,已完成,无退款
ORD2025001975,2025-11-09 19:10:31,U00296,女,北京市,北京市,P1005,荣耀 Magic7,手机,4499,2,8998,支付宝,退款中,退款中
ORD2025001024,2025-12-18 05:16:30,U01238,男,上海市,上海市,P3003,机械革命游戏本,电脑办公,6299,1,6299,花呗,已完成,无退款
ORD2025004268,2025-02-05 06:36:57,U00466,女,陕西省,宝鸡市,P3001,戴尔 27英寸显示器,电脑办公,1499,1,1499,微信支付,已完成,无退款
ORD2025001314,2025-02-03 04:10:24,U01486,男,上海市,上海市,P2003,小米手环 9,数码配件,299,4,1196,支付宝,已完成,无退款
ORD2025002369,2025-06-26 01:27:30,U01678,男,上海市,上海市,P4003,优衣库羽绒服,服饰鞋包,799,1,799,银行卡,已取消,无退款
ORD2025000748,2025-11-19 11:37:56,U01765,女,湖北省,武汉市,P2001,AirPods Pro 2,数码配件,1899,1,1899,支付宝,已完成,无退款
ORD2025001462,2025-12-17 03:41:54,U01659,男,江苏省,无锡市,P1003,华为 Mate 70,手机,5499,1,5499,银行卡,退款中,退款中
ORD2025001813,2025-09-06 04:26:59,U00182,女,江苏省,无锡市,P1002,iPhone 15 Pro,手机,6999,3,20997,支付宝,已完成,已退款
ORD2025002398,2025-06-27 08:29:02,U00315,男,北京市,北京市,P2004,罗技 MX Master 3S,电脑配件,699,1,699,支付宝,已发货,无退款
ORD2025003245,2025-11-26 09:47:44,U00748,男,上海市,上海市,P1001,iPhone 15,手机,4999,1,4999,银行卡,退款中,退款中
ORD2025004463,2025-03-17 19:43:43,U00870,女,湖北省,襄阳市,P2004,罗技 MX Master 3S,电脑配件,699,1,699,花呗,已完成,无退款
ORD2025002472,2025-06-04 13:32:34, ,,北京市,北京市,P1005,荣耀 Magic7,手机,4499,1,4499,花呗,已完成,已退款
ORD2025000827,2025-06-01 16:55:12,U01322,男,江苏省,常州市,P2005,机械键盘,电脑配件,399,1,399,花呗,已取消,无退款
ORD2025003741,2025-03-27 17:50:26,U01764,男,四川省,德阳市,P1005,荣耀 Magic7,手机,4499,1,4499,支付宝,已完成,无退款
ORD2025003028,2025-02-04 14:42:51,U00291,男,江苏省,苏州市,P4002,阿迪达斯卫衣,服饰鞋包,399,1,399,花呗,已完成,无退款
ORD2025004584,2025-05-30 08:42:07,U01537,女,陕西省,咸阳市,P3004,打印机,电脑办公,899,2,1798,银行卡,已完成,无退款
ORD2025003379,2025-12-30 03:07:22,U00779,男,江苏省,南京市,P4001,耐克运动鞋,服饰鞋包,599,1,599,支付宝,已发货,无退款
ORD2025002843,2025-01-04 07:18:56,U00994,女,河南省,郑州市,P3001,戴尔 27英寸显示器,电脑办公,1499,3,4497,支付宝,已发货,无退款
ORD2025002418,2025-11-12 22:10:23,U00901,男,北京市,北京市,P3001,戴尔 27英寸显示器,电脑办公,1499,1,1499,银行卡,已完成,无退款
ORD2025001107,2025-01-28 23:08:02,U00523,女,陕西省,宝鸡市,P1001,iPhone 15,手机,4999,4,19996,微信支付,已发货,无退款
ORD2025000431,2025-09-01 03:25:15,U01344,女,广东省,深圳市,P5001,雀巢咖啡,食品饮料,89,1,89,微信支付,已完成,无退款
ORD2025004903,2025-10-23 06:39:34,U01214,女,陕西省,西安市,P3001,戴尔 27英寸显示器,电脑办公,1499,2,2998,花呗,已完成,无退款
ORD2025003825,2025-10-12 02:39:19,U01123,男,山东省,烟台市,P3003,机械革命游戏本,电脑办公,6299,1,6299,微信支付,退款中,退款中
ORD2025003518,2025-09-15 10:53:54,U00637,女,广东省,佛山市,P5002,蒙牛纯牛奶,食品饮料,69,1,69,银行卡,已完成,无退款
ORD2025000976,2025-10-29 09:21:59,U00545,男,山东省,烟台市,P2003,小米手环 9,数码配件,299,4,1196,花呗,已完成,无退款
ORD2025002266,2025-10-03 09:09:51,U00892,女,浙江省,杭州市,P2001,AirPods Pro 2,3C数码,1899,1,1899,花呗,,无退款
ORD2025004351,2025-07-30 10:18:31,U01545,男,河南省,洛阳市,P4003,优衣库羽绒服,服饰鞋包,799,2,1598,支付宝,已完成,无退款
ORD2025004573,2025-06-21 04:45:18,U01573,男,山东省,青岛市,P2004,罗技 MX Master 3S,电脑配件,699,4,2796,微信支付,已完成,无退款
ORD2025003799,2025-07-11 04:27:32,U00219,男,江苏省,南京市,P2004,罗技 MX Master 3S,电脑配件,699,2,1398,支付宝,已完成,无退款
ORD2025001503,2025-11-13 02:21:23,U01036,男,山东省,青岛市,P5002,蒙牛纯牛奶,食品饮料,69,2,138,支付宝,已完成,已退款
ORD2025003175,2025-12-28 03:40:47,U01385,女,上海市,上海市,P2005,机械键盘,电脑配件,399,1,399,微信支付,已完成,无退款
ORD2025000693,2025-01-04 06:48:39,U01574,女,广东省,佛山市,P4002,阿迪达斯卫衣,服饰鞋包,399,1,399,支付宝,已完成,无退款
ORD2025001963,2025-03-19 06:32:41,U00354,男,山东省,烟台市,P1003,华为 Mate 70,手机,5499,2,10998,支付宝,已取消,无退款
ORD2025002961,2025-10-26 19:59:49,U01414,女,山东省,济南市,P3004,打印机,电脑办公,899,1,899,花呗,已完成,无退款
ORD2025000655,2025-07-03 12:49:21,U00647,男,浙江省,宁波市,P1003,华为 Mate 70,手机,5499,1,5499,支付宝,退款中,退款中
ORD2025003847,2025-10-26 18:48:56,U01092,男,浙江省,温州市,P1005,荣耀 Magic7,手机,4499,3,13497,银行卡,已取消,无退款
ORD2025001430,2025-06-26 06:13:53,U00908,男,浙江省,杭州市,P4003,优衣库羽绒服,服饰鞋包,799,3,2397,微信支付,已完成,无退款
ORD2025001741,2025-01-15 14:14:03,U00582,女,北京市,北京市,P3003,机械革命游戏本,电脑办公,6299,4,25196,微信支付,已完成,无退款
ORD2025003793,2025-11-07 22:59:05,U01029,女,四川省,成都市,P1004,小米 15,手机,3999,2,7998,支付宝,已发货,无退款
ORD2025003946,2025-04-13 02:02:45,U00534,男,河南省,郑州市,P3002,联想小新笔记本,电脑办公,4999,1,4999,银行卡,已完成,无退款
ORD2025004507,2025-10-12 13:58:12,U00910,男,湖北省,宜昌市,P5002,蒙牛纯牛奶,食品饮料,69,3,207,微信支付,已完成,无退款
ORD2025000546,2025-10-22 12:10:42,U00227,女,浙江省,杭州市,P1005,荣耀 Magic7,手机,4499,4,17996,银行卡,已完成,无退款
ORD2025004190,2025-01-22 00:51:03,U01241,女,四川省,绵阳市,P2003,小米手环 9,数码配件,299,1,299,微信支付,已完成,无退款
ORD2025003352,2025-05-22 23:00:06,U00332,男,河南省,洛阳市,P5001,雀巢咖啡,食品饮料,89,2,178,银行卡,待付款,无退款
ORD2025001170,2025-04-30 07:49:51,U01614,男,广东省,东莞市,P4001,耐克运动鞋,服饰鞋包,599,2,1198,银行卡,已完成,无退款
ORD2025003930,2025-01-19 11:02:46,U01089,男,山东省,青岛市,P2005,机械键盘,电脑配件,399,1,399,银行卡,已发货,无退款
ORD2025003400,2025-07-22 10:59:58,U01695,女,江苏省,南京市,P3001,戴尔 27英寸显示器,电脑办公,1499,2,2998,银行卡,已完成,无退款
ORD2025000052,2025-06-29 07:37:29,U00728,女,河南省,郑州市,P5003,三只松鼠坚果,食品饮料,59,2,118,花呗,已完成,无退款
ORD2025001216,2025-01-19 15:57:02,U00177,男,广东省,广州市,P5003,三只松鼠坚果,食品饮料,59,3,177,微信支付,已完成,无退款
ORD2025004371,2025-08-26 06:33:03,U01697,女,河南省,洛阳市,P2003,小米手环 9,数码配件,299,1,299,支付宝,已取消,无退款
ORD2025003783,2025-11-14 10:46:04,U00232,男,浙江省,金华市,P2003,小米手环 9,数码配件,299,1,299,支付宝,已完成,无退款
ORD2025001222,2025-09-22 14:57:29,U01568,女,广东省,深圳市,P2003,小米手环 9,数码配件,299,2,598,花呗,已完成,无退款
ORD2025002407,2025-02-04 15:51:44,U00311,男,四川省,德阳市,P2004,罗技 MX Master 3S,电脑配件,699,2,1398,银行卡,已完成,无退款
ORD2025002809,2025-12-17 06:04:48,U01472,女,广东省,广州市,P1002,iPhone 15 Pro,手机,6999,3,20997,银行卡,已完成,无退款
ORD2025002072,2025-11-03 07:28:21,U01141,女,江苏省,无锡市,P1004,小米 15,手机,3999,2,7998,银行卡,已完成,无退款
ORD2025003906,2025-02-05 10:47:46,U01126,男,上海市,上海市,P2002,华为 FreeBuds,数码配件,999,2,1998,花呗,已取消,无退款
ORD2025001475,2025-10-24 04:42:23,U00441,男,广东省,东莞市,P5001,雀巢咖啡,食品饮料,89,1,89,花呗,已发货,无退款
ORD2025004390,2025-07-13 06:00:09,U00201,男,广东省,东莞市,P3001,戴尔 27英寸显示器,电脑办公,1499,1,1499,支付宝,已发货,无退款
ORD2025000903,2025-05-11 00:53:50,U01701,男,北京市,北京市,P2004,罗技 MX Master 3S,电脑配件,699,1,699,支付宝,已发货,无退款
ORD2025001163,2025-03-21 08:24:23,U00626,女,山东省,青岛市,P2005,机械键盘,电脑配件,399,2,798,微信支付,已完成,无退款
ORD2025003377,2025-09-06 16:13:31,U00760,女,山东省,青岛市,P5002,蒙牛纯牛奶,食品饮料,69,4,276,支付宝,已完成,无退款
ORD2025003814,2025-08-19 16:53:50,U01739,女,上海市,上海市,P2003,小米手环 9,数码配件,299,1,299,支付宝,已完成,无退款
ORD2025001819,2025-01-02 20:13:00,U00990,女,山东省,烟台市,P4002,阿迪达斯卫衣,服饰鞋包,399,1,399,花呗,已完成,无退款
ORD2025004428,2025-06-03 15:28:14,U01379,男,四川省,德阳市,P1002,iPhone 15 Pro,手机,6999,1,6999,支付宝,已完成,无退款
ORD2025001935,2025-11-20 22:28:28,U00158,男,北京市,北京市,P1002,iPhone 15 Pro,手机,6999,1,6999,花呗,已取消,无退款
ORD2025003980,2025-03-04 12:36:34,U01390,女,湖北省,襄阳市,P5003,三只松鼠坚果,食品饮料,59,1,59,支付宝,已发货,无退款
ORD2025003049,2025-04-27 11:34:42,U01480,男,北京市,北京市,P4002,阿迪达斯卫衣,服饰鞋包,399,1,399,银行卡,已完成,无退款
ORD2025004420,2025-02-14 18:36:26,U01299,女,广东省,广州市 ,P2005,机械键盘,电脑配件,399,1,399,银行卡,已完成,无退款
ORD2025000199,2025-09-05 08:00:48,U01715,男,浙江省,温州市,P5003,三只松鼠坚果,食品饮料,59,1,59,银行卡,已完成,无退款
ORD2025000490,2025-07-24 13:55:47,U01571,女,河南省,洛阳市,P3001,戴尔 27英寸显示器,电脑办公,1499,2,2998,支付宝,已完成,已退款
ORD2025001023,2025-04-29 02:56:21,U01394,女,浙江,北京市,P5002,蒙牛纯牛奶,食品饮料,-6299,1,69,花呗,待付款,无退款
ORD2025001355,2025-05-18 12:58:50,U00800,女,江苏省,南京市,P1005,荣耀 Magic7,手机,4499,2,8998,花呗,已发货,无退款
ORD2025003188,2025-09-08 02:43:30,U00156,女,陕西省,西安市,P3002,联想小新笔记本,电脑办公,4999,1,4999,银行卡,已发货,无退款
ORD2025000369,2025-09-30 07:46:35,U01677,女,河南省,洛阳市,P1001,iPhone 15,手机,4999,2,9998,银行卡,已取消,无退款
ORD2025002885,2025-12-11,U01602,男,陕西省,咸阳市,P5002,蒙牛纯牛奶,食品饮料,69,1,69,银行卡,已完成,无退款
ORD2025000316,2025-03-05 20:00:49,U01680,男,山东省,青岛市,P3001,戴尔 27英寸显示器,电脑办公,1499,2,2998,花呗,已发货,无退款
ORD2025002912,2025-06-03 18:07:38,U01610,女,广东省,广州市,P2005,机械键盘,电脑配件,399,1,399,银行卡,已完成,无退款
ORD2025004514,2025-02-13 13:17:11,U00886,女,湖北省,襄阳市,P2004,罗技 MX Master 3S,电脑配件,699,1,699,微信支付,退款中,退款中
ORD2025004939,2025-04-26 04:16:06,U00997,女,湖北省,宜昌市,P5003,三只松鼠坚果,食品饮料,59,1,59,微信支付,退款中,退款中
ORD2025003918,2025-01-18 08:02:40,U01471,男,山东省,烟台市,P3002,联想小新笔记本,电脑办公,4999,1,4999,花呗,已发货,无退款
ORD2025001519,2025-06-15 03:38:29,U00230,女,上海市,上海市,P4002,阿迪达斯卫衣,服饰鞋包,399,2,798,银行卡,已完成,无退款
ORD2025003828,2025-10-11 01:34:07,U00378,男,陕西省,西安市,P4002,阿迪达斯卫衣,服饰鞋包,399,1,399,支付宝,已完成,无退款
ORD2025002689,2025-12-06 23:37:46,U01715,男,河南省,南阳市,P4003,优衣库羽绒服,服饰鞋包,799,1,799,微信支付,待付款,无退款
ORD2025002877,2025-10-09 16:09:26,U00260,男,浙江省,杭州市,P1002,iPhone 15 Pro,手机,6999,1,6999,微信支付,已完成,无退款
ORD2025000158,2025-11-28 21:52:22,U00817,女,山东省,青岛市,P5002,蒙牛纯牛奶,食品饮料,69,1,69,花呗,已完成,无退款
ORD2025004118,2025-10-26 17:31:38,U00432,男,陕西省,宝鸡市,P2003,小米手环 9,数码配件,299,3,897,支付宝,已完成,无退款
ORD2025000728,2025-11-14 17:50:54,U01291,男,上海市,上海市,P1005,荣耀 Magic7,手机,4499,1,4499,支付宝,已完成,无退款
ORD2025001793,2025-04-15 06:08:54,U01636,女,河南省,南阳市,P2002,华为 FreeBuds,数码配件,999,3,2997,银行卡,已完成,无退款
ORD2025001913,2025-04-20 04:41:04,U01711,男,湖北省,襄阳市,P5002,蒙牛纯牛奶,食品饮料,69,1,69,支付宝,已取消,无退款
ORD2025001834,2025-06-08 19:38:02,U01018,男,广东省,广州市,P5001,雀巢咖啡,食品饮料,89,1,89,银行卡,已完成,无退款
ORD2025001522,2025-02-16 23:48:07,U01112,女,广东省,深圳市,P4001,耐克运动鞋,服饰鞋包,599,2,1198,花呗,已完成,无退款
ORD2025004724,2025-07-25 08:56:51,U01791,男,山东省,青岛市,P2005,机械键盘,电脑配件,399,1,399,支付宝,已完成,无退款
ORD2025001109,2025-10-29 07:15:46,U01653,男,上海市,上海市,P1002,iPhone 15 Pro,手机,6999,1,6999,微信支付,已发货,无退款
ORD2025004870,2025-03-24 06:08:43,U01241,男,浙江省,金华市,P2003,小米手环 9,数码配件,299,1,299,花呗,已取消,无退款
ORD2025003596,2025-07-30 13:31:58,U00279,女,江苏省,无锡市,P1003,华为 Mate 70,手机,5499,1,5499,微信支付,已完成,无退款
ORD2025001671,2025-02-09 22:22:12,U00626,女,上海市,上海市,P3003,机械革命游戏本,电脑办公,6299,2,12598,花呗,已完成,无退款
ORD2025001500,2025-05-27 08:26:14,U00744,女,河南省,南阳市,P3002,联想小新笔记本,电脑办公,4999,1,4999,支付宝,已完成,无退款
ORD2025003059,2025-02-23 06:50:51,U01020,男,山东省,烟台市,P1001,iPhone 15,手机,4999,1,4999,微信支付,已完成,无退款
ORD2025002663,2025-05-11 16:06:21,U00312,男,浙江省,温州市,P3004,打印机,电脑办公,899,1,899,微信支付,已完成,无退款
ORD2025000511,2025-10-15 23:56:30,U01660,男,北京市,北京市,P1002,iPhone 15 Pro,手机,6999,1,6999,支付宝,已完成,无退款
ORD2025002190,2025-05-21 21:24:09,U00318,女,上海市,上海市,P1001,iPhone 15,手机,4999,1,4999,微信支付,已完成,无退款
ORD2025001840,2025-06-08 08:23:27,U01330,女,江苏省,常州市,P5003,三只松鼠坚果,食品饮料,59,2,118,微信支付,已完成,无退款
ORD2025000248,2025-03-03 20:17:24,U01378,女,山东省,济南市,P4003,优衣库羽绒服,服饰鞋包,799,1,799,支付宝,已完成,无退款
ORD2025002685,2025-07-24 15:16:56,U00642,女,江苏省,苏州市,P5002,蒙牛纯牛奶,食品饮料,69,1,69,花呗,已完成,无退款
ORD2025003234,2025-01-02 14:12:27,U01372,女,北京市,北京市,P3003,机械革命游戏本,电脑办公,6299,1,6299,支付宝,已完成,无退款
ORD2025002853,2025-07-29 19:57:27,U01473,女,山东省,烟台市,P1002,iPhone 15 Pro,手机,6999,1,6999,花呗,已发货,无退款
ORD2025001191,2025-09-23 05:35:00,U01751,女,上海市,上海市,P4001,耐克运动鞋,服饰鞋包,599,1,599,银行卡,已完成,无退款
ORD2025003970,2025-11-16 15:23:12,U01136,女,广东省,东莞市,P4001,耐克运动鞋,服饰鞋包,599,1,599,微信支付,已完成,无退款
ORD2025000884,2025-06-17 02:22:36,U00464,女,江苏省,南京市,P1005,荣耀 Magic7,手机,4499,1,4499,银行卡,已完成,无退款
ORD2025003193,2025-12-02 09:03:22,U01265,男,广东省,东莞市,P2001,AirPods Pro 2,数码配件,1899,1,1899,花呗,已完成,无退款
ORD2025002202,2025-07-22 14:04:26,U00601,男,广东省,佛山市,P3001,戴尔 27英寸显示器,电脑办公,1499,1,1499,支付宝,已完成,已退款
ORD2025001580,2025-02-18 11:55:00,U00081,女,四川省,绵阳市,P3001,戴尔 27英寸显示器,电脑办公,1499,1,1499,银行卡,已完成,无退款
ORD2025000010,2025-09-17 13:22:27,U01146,男,北京市,北京市,P4002,阿迪达斯卫衣,服饰鞋包,399,1,399,支付宝,已取消,无退款
ORD2025003541,2025-02-02 23:04:14,U00902,男,江苏省,无锡市,P2001,AirPods Pro 2,数码配件,1899,1,1899,微信支付,已完成,无退款
ORD2025003885,2025-04-30 20:43:55,U01513,女,广东省,佛山市,P2003,小米手环 9,数码配件,299,2,598,微信支付,已完成,无退款
ORD2025000483,2025-03-15 04:57:00,U00426,男,北京市,北京市,P1002,iPhone 15 Pro,手机,6999,2,13998,微信支付,已完成,已退款
ORD2025002000,2025-01-09 01:16:52,U00394,女,四川省,成都市,P2002,华为 FreeBuds,数码配件,999,1,999,微信支付,已完成,已退款
ORD2025002656,2025-02-09 17:04:37,U01695,男,江苏省,苏州市,P1003,华为 Mate 70,手机,5499,2,10998,花呗,已完成,无退款
ORD2025002149,2025-01-08 14:23:54,U01428 ,男,山东省,烟台市,P2004,罗技 MX Master 3S,电脑配件,699,1,699,银行卡,已完成,无退款
ORD2025002302,2025-01-06 19:47:45,U00149,女,湖北省,宜昌市,P4003,优衣库羽绒服,服饰鞋包,799,1,799,微信支付,已完成,无退款
ORD2025001751,2025-02-21 02:03:32,U01676,女,湖北省,武汉市,P3001,戴尔 27英寸显示器,电脑办公,1499,3,4497,银行卡,已完成,无退款
ORD2025000039,2025-10-15 23:46:24,U00261,男,江苏省,南京市,P2001,AirPods Pro 2,数码配件,1899,1,1899,支付宝,已完成,无退款
ORD2025000284,2025-09-12 08:33:10,U01118,男,陕西省,咸阳市,P1003,华为 Mate 70,手机,5499,2,10998,花呗,退款中,退款中
ORD2025004486,2025-07-18 22:14:59,U01688,女,广东省,佛山市,P1005,荣耀 Magic7,手机,4499,1,4499,花呗,待付款,无退款
ORD2025002099,2025-07-14 18:09:29,U01753,男,湖北省,襄阳市,P3001,戴尔 27英寸显示器,电脑办公,1499,3,4497,银行卡,已完成,无退款
ORD2025004629,2025-10-21 10:31:38,U00861,女,浙江省,宁波市,P2005,机械键盘,电脑配件,399,3,1197,支付宝,已完成,无退款
ORD2025000260,2025-07-26 18:36:26,U00049,男,浙江省,宁波市,P3004,打印机,电脑办公,899,1,899,银行卡,已完成,无退款
ORD2025002620,2025-01-04 07:09:10,U01761,女,上海市,上海市,P1001,iPhone 15,手机,4999,1,4999,花呗,已完成,无退款
ORD2025000352,2025-04-17 12:20:17,U00208,男,北京市,北京市,P4003,优衣库羽绒服,服饰鞋包,799,1,799,银行卡,已完成,无退款
ORD2025004183,2025-06-09 20:05:59,U01595,男,河南省,郑州市,P2005,机械键盘,电脑配件,399,3,1197,微信支付,已取消,无退款
ORD2025001009,2025-02-24 05:12:18,U01679,女,四川省,绵阳市,P1004,小米 15,手机,3999,1,3999,花呗,已完成,无退款
ORD2025001971,2025-07-28 08:45:51,U01384,男,浙江省,杭州市,P3003,机械革命游戏本,电脑办公,6299,1,6299,微信支付,已完成,无退款
ORD2025004346,2025-11-23 10:51:15,U01233,女,山东省,烟台市,P1005,荣耀 Magic7,手机,4499,3,13497,微信支付,已完成,无退款
ORD2025004273,2025-09-24 01:27:01,U01795,男,广东省,广州市,P2003,小米手环 9,数码配件,299,1,299,微信支付,待付款,无退款
ORD2025004137,2025-04-08 01:21:27,U01429,男,湖北省,武汉市,P1005,荣耀 Magic7,手机,4499,1,4499,支付宝,已完成,无退款
ORD2025001712,2025-05-23 03:28:59,U01478,男,江苏省,无锡市,P4001,耐克运动鞋,服饰鞋包,599,2,1198,花呗,已完成,无退款
ORD2025000230,2025-06-26 18:39:48,U00617,男,上海市,上海市,P5003,三只松鼠坚果,食品饮料,59,2,118,支付宝,待付款,无退款
ORD2025000587,2025-11-28 20:40:49,U00125,女,江苏省,苏州市,P3004,打印机,电脑办公,899,1,899,花呗,已发货,无退款
ORD2025001335,2025-02-13 01:40:47,U00203,男,陕西省,宝鸡市,P4002,阿迪达斯卫衣,服饰鞋包,399,1,399,银行卡,已完成,无退款
ORD2025001637,2025-07-18 19:05:07,U00944,男,江苏省,常州市,P1004,小米 15,手机,3999,1,3999,银行卡,已完成,无退款
ORD2025004471,2025-07-08 16:26:19,U00654,女,上海市,上海市,P1004,小米 15,手机,3999,1,3999,花呗,退款中,退款中
ORD2025001974,2025-04-07 00:01:00,U01015,女,江苏省,南京市,P5002,蒙牛纯牛奶,食品饮料,69,3,207,支付宝,已发货,无退款
ORD2025003806,2025-08-25 08:08:52,U00974,男,江苏省,无锡市,P4002,阿迪达斯卫衣,服饰鞋包,399,1,399,支付宝,已完成,无退款
ORD2025002167,2025-09-09 23:31:43,U00378,男,广东省,佛山市,P4001,耐克运动鞋,服饰鞋包,599,1,599,支付宝,已完成,无退款
ORD2025004490,2025-10-07 12:10:39,U00452,女,陕西省,宝鸡市,P2004,罗技 MX Master 3S,电脑配件,699,1,699,银行卡,已发货,无退款
ORD2025002735,2025-05-05 03:55:14,U01434,女,浙江省,宁波市,P2002,华为 FreeBuds,数码配件,999,1,999,微信支付,已取消,无退款
ORD2025003742,2025-06-25 13:57:54,U01621,女,浙江省,温州市,P1005,荣耀 Magic7,手机,4499,1,4499,微信支付,已发货,无退款
ORD2025001386,2025-10-12 14:52:05,U01353,女,山东省,青岛市,P2004,罗技 MX Master 3S,电脑配件,699,3,2097,微信支付,已完成,无退款
ORD2025004642,2025-10-15 18:21:04,U01767,男,江苏省,苏州市,P1002,iPhone 15 Pro,手机,6999,2,13998,花呗,已发货,无退款
ORD2025002136,2025-05-16 20:33:40,U00678,女,上海市,上海市,P5001,雀巢咖啡,食品饮料,89,2,178,支付宝,已完成,无退款
ORD2025004329,2025-07-23 04:35:01,U00206,男,江苏省,苏州市,P1001,iPhone 15,手机,4999,1,4999,支付宝,已完成,无退款
ORD2025002926,2025-03-06 18:00:12,U00573,女,河南省,洛阳市,P2003,小米手环 9,数码配件,299,2,598,银行卡,已完成,无退款
ORD2025004270,2025-01-18 22:47:44,U01582,女,上海市,上海市,P2002,华为 FreeBuds,数码配件,999,2,1998,银行卡,已发货,无退款
ORD2025004815,2025-12-28 11:16:59,U01024,女,河南省,郑州市,P3002,联想小新笔记本,电脑办公,4999,2,9998,银行卡,已完成,无退款
ORD2025004675,2025-09-05 09:42:13,U00611,女,上海市,上海市,P3001,戴尔 27英寸显示器,电脑办公,1499,1,1499,支付宝,已取消,无退款
ORD2025001358,2025-08-25 13:01:17,U01360,女,上海市,上海市,P3004,打印机,电脑办公,899,1,899,微信支付,已完成,无退款
ORD2025000724,2025-12-31 18:09:08,U00100,男,河南省,洛阳市,P3004,打印机,电脑办公,899,2,1798,花呗,已发货,无退款
ORD2025000695,2025-03-19 22:42:47,U00921,男,浙江省,杭州市,P2001,AirPods Pro 2,数码配件,1899,1,1899,花呗,已完成,无退款
ORD2025002013,2025-05-14 15:01:56,U00870,男,广东省,深圳市,P2003,小米手环 9,数码配件,299,1,299,支付宝,已完成,无退款
ORD2025000129,2025-06-10 16:42:32,U00924,女,上海市,上海市,P3003,机械革命游戏本,电脑办公,6299,1,6299,支付宝,已完成,无退款
ORD2025002923,2025-05-06 21:12:49,U01713,女,陕西省,宝鸡市,P3004,打印机,电脑办公,899,2,1798,微信支付,已发货,无退款
ORD2025001170,2025-04-30 07:49:51,U01614,男,广东省,东莞市,P4001,耐克运动鞋,服饰鞋包,599,2,1198,银行卡,已完成,无退款
ORD2025003096,2025-01-31 12:47:01,U00076,男,陕西省,西安市,P5003,三只松鼠坚果,食品饮料,59,1,59,银行卡,已完成,无退款
ORD2025003594,2025-01-29 06:56:13,U01755,男,山东省,济南市,P5003,三只松鼠坚果,食品饮料,59,1,59,支付宝,已完成,无退款
ORD2025003265,2025-05-17 16:42:02,U00539,女,上海市,上海市,P4003,优衣库羽绒服,服饰鞋包,799,2,1598,支付宝,已完成,无退款
ORD2025004755,2025-09-22 05:46:11,U00377,女,湖北省,武汉市,P1001,iPhone 15,手机,4999,1,4999,支付宝,已完成,无退款
ORD2025002637,2025-01-10 08:58:37,U00993,男,四川省,绵阳市,P2005,机械键盘,电脑配件,399,1,399,花呗,已完成,无退款
ORD2025000353,2025-12-04 11:08:25,U01759,男,北京市,北京市,P2002,华为 FreeBuds,数码配件,999,1,999,花呗,已完成,无退款
ORD2025001476,2025-08-10 18:25:00,U01774,女,四川省,德阳市,P2001,AirPods Pro 2,数码配件,1899,1,1899,微信支付,待付款,无退款
ORD2025004754,2025-03-10 06:16:09,U01150,女,广东省,佛山市,P1004,小米 15,手机,3999,1,3999,银行卡,已完成,无退款
ORD2025001085,2025-08-21 22:56:53,U00482,男,湖北省,宜昌市,P3002,联想小新笔记本,电脑办公,4999,1,4999,支付宝,已完成,无退款
ORD2025004550,2025-01-28 19:51:44,U01413,女,河南省,南阳市,P2003,小米手环 9,数码配件,299,2,598,微信支付,已完成,无退款
ORD2025002127,2025-09-21 17:41:33,,女,上海市,上海市,P1005,荣耀 Magic7,手机,4499,1,4499,银行卡,已取消,无退款
ORD2025001086,2025-01-16 06:57:13,U00060,男,江苏省,无锡市,P1003,华为 Mate 70,手机,5499,1,5499,支付宝,已完成,无退款
ORD2025003031,2025-01-05 11:36:30,U00505,男,上海市,上海市,P2001,AirPods Pro 2,数码配件,1899,2,3798,微信支付,已完成,无退款
ORD2025001711,2025-04-16 08:46:10,U00541,男,江苏省,常州市,P5003,三只松鼠坚果,食品饮料,59,1,59,微信支付,已发货,无退款
ORD2025001035,2025-12-19 00:48:02,U00482,男,陕西省,西安市,P5002,蒙牛纯牛奶,食品饮料,69,1,69,微信支付,已完成,无退款
ORD2025002641,2025-10-19 17:08:07,U00146,男,河南省,郑州市,P2005,机械键盘,电脑配件,399,2,798,花呗,已完成,无退款
ORD2025000452,2025-08-29 03:49:33,U01675,男,河南省,郑州市,P2001,AirPods Pro 2,数码配件,1899,1,1899,微信支付,已发货,无退款
ORD2025002344,2025-10-08 11:31:19,U00888,女,四川省,德阳市,P3001,戴尔 27英寸显示器,电脑办公,1499,2,2998,微信支付,已完成,无退款
ORD2025004667,2025-02-15 08:58:59,U00708,男,河南省,郑州市,P3001,戴尔 27英寸显示器,电脑办公,1499,2,2998,微信支付,已完成,无退款
ORD2025004948,2025-11-23 08:23:49,U00584,女,湖北省,宜昌市,P1002,iPhone 15 Pro,手机,6999,1,6999,微信支付,已完成,无退款
ORD2025000754,2025-12-01 16:20:28,U00974,女,山东省,济南市,P1005,荣耀 Magic7,手机,4499,2,8998,支付宝,已完成,无退款
ORD2025000218,2025-11-27 12:35:50,U01504,男,上海市,上海市,P1004,小米 15,手机,3999,1,3999,花呗,已完成,无退款
ORD2025001803,2025-06-14 23:15:50,U01111,男,广东省,东莞市,P5003,三只松鼠坚果,食品饮料,59,2,118,微信支付,退款中,退款中
ORD2025004657,2025-12-27 17:46:49,U00587,男,广东省,广州市,P2004,罗技 MX Master 3S,电脑配件,699,1,699,微信支付,已完成,无退款
ORD2025003207,2025-08-25 17:59:49,U01459,男,广东省,深圳市,P3003,机械革命游戏本,电脑办公,6299,1,6299,花呗,已完成,无退款
ORD2025003883,2025-02-01 02:05:15,U00449,女,四川省,绵阳市,P1005,荣耀 Magic7,手机,4499,1,4499,银行卡,已完成,无退款
ORD2025001540,2025-12-18 21:32:58,U01326,男,北京市,北京市,P3001,戴尔 27英寸显示器,电脑办公,1499,4,5996,支付宝,已完成,无退款
ORD2025003675,2025-08-10 07:55:42,U00191,男,江苏省,无锡,P3001,戴尔 27英寸显示器,电脑办公,1499,2,2998,银行卡,已发货,无退款
ORD2025003444,2025-07-14 13:24:49,U01187,女,山东省,济南市,P5002,蒙牛纯牛奶,食品饮料,69,1,69,支付宝,已完成,已退款
ORD2025000171,2025-02-11 04:35:43,U00247,男,浙江省,温州市,P3001,戴尔 27英寸显示器,电脑办公,1499,2,2998,支付宝,已取消,无退款
ORD2025000234,2025-05-28 11:50:15,U01109,女,浙江省,金华市,P1003,华为 Mate 70,手机,5499,2,10998,银行卡,退款中,退款中
ORD2025003739,2025-03-04 17:04:31,U01570,男,北京市,北京市,P1003,华为 Mate 70,手机,5499,3,16497,银行卡,已发货,无退款
ORD2025001428,2025-09-07 09:36:20,U00222,男,四川省,德阳市,P2002,华为 FreeBuds,数码配件,999,1,999,银行卡,退款中,退款中
ORD2025001718,2025-11-02 18:27:32,U01189,男,湖北省,宜昌市,P4002,阿迪达斯卫衣,服饰鞋包,399,1,399,银行卡,待付款,无退款
ORD2025002936,2025-03-04 21:40:41,U01684,女,上海市,上海市,P4003,优衣库羽绒服,服饰鞋包,799,1,799,银行卡,已完成,无退款
ORD2025001507,2025-08-14 13:18:26,U01617,女,湖北省,宜昌市,P1001,iPhone 15,手机,4999,3,14997,花呗,已完成,无退款
ORD2025000271,2025-04-30 02:27:16,U00316,男,江苏省,南京市,P3001,戴尔 27英寸显示器,电脑办公,1499,2,2998,支付宝 ,已完成,无退款
ORD2025003480,2025-10-28 02:38:18,U01465,男,湖北省,宜昌市,P1002,iPhone 15 Pro,手机,6999,1,6999,银行卡,已完成,无退款
ORD2025000138,2025-04-09 04:04:47,U00477,男,江苏省,常州市,P3002,联想小新笔记本,电脑办公,4999,1,4999,花呗,已发货,无退款
ORD2025004748,2025-01-01 19:25:39,U01694,男,湖北省,宜昌市,P3001,戴尔 27英寸显示器,电脑办公,1499,1,1499,微信支付,已取消,无退款
ORD2025004922,2025-06-26 10:36:36,U00860,男,浙江省,温州市,P3001,戴尔 27英寸显示器,电脑办公,1499,3,4497,支付宝,已发货,无退款
ORD2025000503,2025-11-20 23:34:58,U00026,女,四川省,成都市,P5001,雀巢咖啡,食品饮料,89,1,89,微信支付,退款中,退款中
ORD2025002272,2025-09-05 15:35:06,U01685,女,陕西省,咸阳市,P4003,优衣库羽绒服,服饰鞋包,799,1,799,花呗,已发货,无退款
ORD2025004412,2025-08-07 18:59:38,U01404,女,四川省,成都市,P5001,雀巢咖啡,食品饮料,89,1,89,支付宝,已发货,无退款
ORD2025004814,2025-10-25 16:29:06,U01010,男,四川省,绵阳市,P1005,荣耀 Magic7,手机,4499,1,4499,花呗,已发货,无退款
ORD2025000223,2025-06-27 13:01:03,U01576,男,上海市,上海市,P1003,华为 Mate 70,手机,5499,2,10998,微信支付,已完成,无退款
ORD2025000278,2025-04-07 02:34:27,U01267,女,湖北省,襄阳市,P4001,耐克运动鞋,服饰鞋包,599,1,599,花呗,已完成,无退款
ORD2025004751,2025-12-07 15:37:51,U00922,男,上海市,上海市,P3004,打印机,电脑办公,899,2,1798,花呗,已完成,无退款
ORD2025004106,2025-12-14 11:11:28,U00415,男,浙江省,杭州市,P3004,打印机,电脑办公,899,1,899,银行卡,已完成,无退款
ORD2025001228,2025-07-01 07:09:39,U01616,女,江苏省,常州市,P2001,AirPods Pro 2,数码配件,1899,1,1899,微信支付,待付款,无退款
ORD2025002875,2025-10-02 22:12:56,U00249,男,广东省,广州市,P1004,小米 15,手机,3999,1,3999,微信支付,已完成,无退款
ORD2025003733,2025-01-05 02:09:52,U01132,女,四川省,绵阳市,P2001,AirPods Pro 2,数码配件,1899,1,1899,微信支付,退款中,退款中
ORD2025003841,2025-07-01 16:37:28,U01538,男,江苏省,常州市,P2004,罗技 MX Master 3S,电脑配件,699,2,1398,支付宝,待付款,无退款
ORD2025002441,2025-12-17 06:20:44,U01124,女,陕西省,西安市,P2004,罗技 MX Master 3S,电脑配件,699,1,699,花呗,已取消,无退款
ORD2025001742,2025-04-18 22:56:06,U00028,女,江苏省,苏州,P3001,戴尔 27英寸显示器,电脑办公,1499,1,1499,微信支付,已完成,无退款
ORD2025001311,2025-05-27 18:12:23,U01156,男,北京市,北京市,P2004,罗技 MX Master 3S,电脑配件,699,3,2097,花呗,已发货,无退款
ORD2025001326,2025-12-01 13:46:13,U01588,男,江苏省,常州市,P4001,耐克运动鞋,服饰鞋包,599,3,1797,花呗,已完成,无退款
ORD2025002387,2025-03-11 12:03:13,U01721,女,河南省,洛阳市,P3003,机械革命游戏本,电脑办公,6299,2,12598,支付宝,已发货,无退款
ORD2025002414,2025-11-05 07:20:12,U01750,男,四川省,德阳市,P3004,打印机,电脑办公,899,1,899,支付宝,待付款,无退款
ORD2025003083,2025-04-22 09:43:06,U01725,男,上海市,上海市,P5003,三只松鼠坚果,食品饮料,59,2,118,支付宝,已完成,无退款
ORD2025002956,2025-09-02 23:11:03,U00330,女,四川省,成都市,P2002,华为 FreeBuds,数码配件,999,2,1998,微信支付,已完成,无退款
ORD2025001524,2025-11-18 05:43:04,U01656,女,北京市,北京市,P5003,三只松鼠坚果,食品饮料,59,1,59,微信支付,已完成,无退款
ORD2025004492,2025-06-11 05:04:12,U01538,男,河南省,南阳市,P1001,iPhone 15,手机,4999,1,4999,支付宝,已完成,无退款
ORD2025004391,2025-06-03 08:36:09,U00226,女,陕西省,咸阳市,P4001,耐克运动鞋,服饰鞋包,599,2,1198,花呗,已完成,无退款
ORD2025002924,2025-07-17 10:22:43,U00492,男,广东省,广州市,P1003,华为 Mate 70,手机,5499,1,5499,支付宝,已完成,无退款
ORD2025001980,2025-12-22 23:34:18,U00894,男,湖北省,武汉市,P5003,三只松鼠坚果,食品饮料,59,1,59,微信支付,已完成,无退款
ORD2025004535,2025-06-17 15:48:24,U00935,男,河南省,洛阳市,P1002,iPhone 15 Pro,手机,6999,1,6999,支付宝,已完成,无退款
ORD2025001659,2025-07-23 04:58:26,U01081,男,上海市,上海市,P1003,华为 Mate 70,手机,5499,1,5499,花呗,已完成,无退款
ORD2025002148,2025-06-03 04:46:02,U00779,女,浙江省,宁波市,P1002,iPhone 15 Pro,手机,6999,1,6999,银行卡,已发货,无退款
ORD2025004954,2025-05-19 05:42:01,U00080,女,浙江省,杭州市,P5002,蒙牛纯牛奶,食品饮料,69,5,345,支付宝,已取消,无退款
ORD2025004529,2025-02-13 08:52:45,U00622,男,四川省,绵阳市,P2001,AirPods Pro 2,数码配件,1899,2,3798,银行卡,已完成,无退款
ORD2025004279,2025-06-21 09:08:52,U00470,女,广东,北京市,P2003,小米手环 9,数码配件,299,1,299,支付宝 ,已完成,无退款
ORD2025001815,2025-08-07 06:14:50,U00855,女,浙江省,金华市,P2003,小米手环 9,数码配件,299,1,299,微信支付,待付款,无退款
ORD2025000504,2025-12-10 09:03:13,U00233,女,陕西省,西安市,P3003,机械革命游戏本,电脑办公,6299,1,6299,银行卡,已完成,无退款
ORD2025004259,2025-03-16 03:54:31,U01075,男,山东省,青岛市,P1005,荣耀 Magic7,手机,4499,1,4499,微信支付,已完成,无退款
ORD2025002737,2025-12-17 20:57:34,U00691,女,河南省,南阳市,P2005,机械键盘,电脑配件,399,4,1596,花呗,已发货,无退款
ORD2025004199,2025-05-05 17:22:09,U00181,男,河南省,郑州市,P4001,耐克运动鞋,服饰鞋包,599,2,1198,支付宝,已完成,无退款
ORD2025000113,2025-05-03 02:18:49,U01524,女,上海市,上海市,P2004,罗技 MX Master 3S,电脑配件,699,2,1398,微信支付,已完成,无退款
ORD2025004768,2025-02-26 10:32:17,U01753,男,陕西省,宝鸡市,P2004,罗技 MX Master 3S,电脑配件,699,4,2796,微信支付,已完成,无退款
ORD2025000554,2025-02-07 12:27:52,U00050,男,河南省,南阳市,P2005,机械键盘,电脑配件,399,1,399,微信支付,已完成,无退款
ORD2025002341,2025-06-09 00:55:21,U00559,男,北京市,北京市,P3002,联想小新笔记本,电脑办公,4999,1,4999,花呗,已发货,无退款
ORD2025003319,2025-11-18 14:24:54,U00859,男,陕西省,宝鸡市,P1005,荣耀 Magic7,手机,4499,1,4499,花呗,已完成,无退款
ORD2025004599,2025-05-09 19:50:34,U00647,女,北京市,北京市,P1004,小米 15,手机,3999,2,7998,银行卡,已完成,无退款
ORD2025004162,2025-05-25 17:10:52,U01266,男,广东省,东莞市,P2004,罗技 MX Master 3S,电脑配件,699,2,1398,支付宝,退款中,退款中
ORD2025003557,2025-01-23 09:28:10,U00307,男,北京市,北京市,P1002,iPhone 15 Pro,手机,6999,1,6999,支付宝,已发货,无退款
ORD2025001662,2025-08-06 14:35:55,U00376,男,江苏省,常州市,P5003,三只松鼠坚果,食品饮料,59,2,118,支付宝,已发货,无退款
ORD2025000826,2025-07-15 04:30:50,U00240,男,江苏省,常州市,P5002,蒙牛纯牛奶,食品饮料,69,1,69,微信支付,已完成,无退款
ORD2025001884,2025-04-14 15:12:46,U01679,女,北京市,北京市,P4003,优衣库羽绒服,服饰鞋包,799,2,1598,微信支付,退款中,退款中
ORD2025002891,2025-08-08 16:00:49,U00945,男,河南省,郑州市,P1001,iPhone 15,手机,4999,1,4999,银行卡,已取消,已退款
ORD2025000595,2025-10-20 02:44:16,U00232,女,四川省,绵阳市,P4001,耐克运动鞋,服饰鞋包,599,1,599,银行卡,已完成,无退款
ORD2025002361,2025-04-02 17:16:34,U00073,男,陕西省,西安市,P4002,阿迪达斯卫衣,服饰鞋包,399,2,798,银行卡,已完成,无退款
ORD2025002445,2025-11-15 23:17:04,U00771,男,江苏省,苏州市,P4001,耐克运动鞋,服饰鞋包,599,1,599,银行卡,已完成,无退款
ORD2025001077,2025-09-08 09:15:09,U00445,女,湖北省,襄阳市,P4001,耐克运动鞋,服饰鞋包,599,1,599,微信支付,已发货,无退款
ORD2025002424,2025-08-11 17:20:24,U01188,男,四川省,德阳市,P2002,华为 FreeBuds,数码配件,999,2,1998,支付宝,已完成,无退款
ORD2025004671,2025-08-09 08:43:12,U01401,女,广东省,广州市,P3004,打印机,电脑办公,899,1,899,花呗,退款中,退款中
ORD2025004160,2025-08-04 18:11:52,U00629,男,浙江省,杭州市,P2001,AirPods Pro 2,数码配件,1899,1,1899,银行卡,已完成,无退款
ORD2025001442,2025-10-25 15:30:19,U01024,男,四川省,德阳市,P5002,蒙牛纯牛奶,食品饮料,69,2,138,微信支付,已完成,无退款
ORD2025004937,2025-06-04 08:18:03,U01520,男,上海市,上海市,P1003,华为 Mate 70,手机,5499,1,5499,微信支付,已完成,无退款
ORD2025003586,2025-07-03 08:10:16,U01251,女,四川省,成都市,P2002,华为 FreeBuds,数码配件,999,1,999,花呗,已发货,无退款
ORD2025004876,2025-03-28 23:02:29,U00893,男,浙江省,温州市,P1004,小米 15,手机,3999,1,3999,微信支付,已完成,无退款
ORD2025001680,2025-09-14 19:37:21,U01717,男,北京市,北京市,P5002,蒙牛纯牛奶,食品饮料,69,1,69,微信支付,已完成,无退款
ORD2025001983,2025-10-23 09:04:12,U01507,女,陕西省,西安市,P5003,三只松鼠坚果,食品饮料,59,1,59,支付宝,已取消,无退款
ORD2025001805,2025-03-02 12:43:35,U01757,男,陕西省,宝鸡市,P2001,AirPods Pro 2,数码配件,1899,2,3798,支付宝,已发货,无退款
ORD2025001394,2025-11-24 17:36:19,U01109,男,浙江省,杭州市,P3003,机械革命游戏本,电脑办公,6299,1,6299,支付宝,退款中,退款中
ORD2025001159,2025-10-24 03:33:58,U00702,男,江苏省,苏州市,P1002,iPhone 15 Pro,手机,6999,1,6999,微信支付,已完成,无退款
ORD2025003397,2025-08-17 13:25:04,U01694,男,山东省,济南市,P9999,戴尔 27英寸显示器,电脑办公,1499,1,1499,支付宝,已完成,
ORD2025002164,2025-07-07 19:07:45,U01463,男,河南省,洛阳市,P2001,AirPods Pro 2,数码配件,1899,1,1899,支付宝,已完成,无退款
ORD2025001782,2025-02-27 19:21:21,U00228,女,北京市,北京市,P2004,罗技 MX Master 3S,电脑配件,699,1,699,微信支付,已完成,无退款
ORD2025001434,2025-10-04 08:36:03,U00041,男,湖北省,武汉市,P4001,耐克运动鞋,服饰鞋包,599,2,1198,花呗,已发货,无退款
ORD2025000114,2025-10-06 13:31:26,U00784,男,陕西省,咸阳市,P3003,机械革命游戏本,电脑办公,6299,1,6299,微信支付,已发货,无退款
ORD2025004320,2025-02-03 08:54:22,U00944,女,陕西省,西安市,P3001,戴尔 27英寸显示器,电脑办公,1499,1,1499,微信支付,已完成,无退款
ORD2025000077,2025-12-25 23:43:37,U00302,女,湖北省,襄阳市,P2005,机械键盘,电脑配件,399,1,399,银行卡,已发货,无退款
ORD2025004421,2025-01-30 03:04:14,U01520,女,江苏省,无锡市,P1002,iPhone 15 Pro,手机,6999,2,13998,银行卡,已完成,无退款
ORD2025003025,2025-07-14 01:57:27,U00171,女,陕西省,西安市,P2005,机械键盘,电脑配件,399,1,399,微信支付,退款中,退款中
ORD2025000142,2025-11-02 09:23:25,U00745,女,湖北省,武汉市,P3003,机械革命游戏本,电脑办公,6299,2,12598,花呗,已取消,无退款
ORD2025004084,2025-10-12 22:30:20,U01524,女,山东省,青岛市,P5002,蒙牛纯牛奶,食品饮料,69,1,69,微信支付,已完成,无退款
ORD2025000312,2025-10-29 20:22:17,U01061,男,广东省,东莞市,P5001,雀巢咖啡,食品饮料,89,2,178,花呗,已发货,无退款
ORD2025000968,2025-02-21 13:05:15,U00309,男,河南省,洛阳市,P3002,联想小新笔记本,电脑办公,4999,1,4999,支付宝,已完成,已退款
ORD2025002161,2025-09-03 15:47:14,U01337,男,江苏省,苏州市,P1001,iPhone 15,手机,4999,1,4999,微信支付,已完成,无退款
ORD2025000008,2025-11-09 17:38:29,U01068,男,河南省,洛阳市,P3001,戴尔 27英寸显示器,电脑办公,1499,1,1499,微信支付,已完成,无退款
ORD2025003749,2025-06-01 14:06:01,U01350,男,北京市,北京市,P1003,华为 Mate 70,手机,5499,1,5499,银行卡,已完成,无退款
ORD2025001106,2025-08-12 21:51:59,U00305,男,湖北省,襄阳市,P4001,耐克运动鞋,服饰鞋包,599,1,599,银行卡,已取消,无退款
ORD2025002506,2025-02-17 06:26:14,U01106,男,陕西省,宝鸡市,P4002,阿迪达斯卫衣,服饰鞋包,399,1,399,微信支付,待付款,无退款
ORD2025003201,2025-12-30 21:48:03,U01183,女,湖北省,襄阳市,P4003,优衣库羽绒服,服饰鞋包,799,3,2397,支付宝,已取消,无退款
ORD2025001740,2025-02-26 04:15:45,U00490,女,山东省,青岛市,P3002,联想小新笔记本,电脑办公,4999,4,19996,花呗,已取消,无退款
ORD2025004406,2025-09-18 13:50:18,U00550,女,江苏省,苏州市,P5003,三只松鼠坚果,食品饮料,59,1,59,支付宝,已完成,无退款
ORD2025000737,2025-05-04 06:19:29,U01212,女,陕西省,宝鸡市,P2001,AirPods Pro 2,数码配件,1899,1,1899,花呗,已完成,无退款
ORD2025003501,2025-12-25 22:43:12,U01043,男,广东省,深圳市,P5001,雀巢咖啡,食品饮料,89,1,89,微信支付,已完成,无退款
ORD2025004777,2025-02-06 06:35:37,U01140,男,江苏省,南京市,P2001,AirPods Pro 2,数码配件,1899,2,3798,微信支付,已完成,无退款
ORD2025000677,2025-02-27 06:41:28,U00909,男,江苏省,常州市,P2002,华为 FreeBuds,数码配件,999,1,999,银行卡,已完成,无退款
ORD2025003606,2025-07-19 20:28:03,U01639,女,四川省,成都市,P3004,打印机,电脑办公,899,1,899,银行卡,已完成,无退款
ORD2025004823,2025-08-31 22:01:55,U01328,男,湖北省,宜昌市,P5002,蒙牛纯牛奶,食品饮料,69,1,69,支付宝,待付款,无退款
ORD2025000941,2025-02-06 20:14:24,U01123,女,四川省,绵阳市,P2005,机械键盘,电脑配件,399,1,399,银行卡,已发货,无退款
ORD2025002548,2025-09-10 14:48:03,U00718,女,陕西省,咸阳市,P1001,iPhone 15,手机,4999,3,14997,支付宝,已完成,无退款
ORD2025003440,2025-01-25 20:16:08,U01513,男,江苏省,无锡市,P3002,联想小新笔记本,电脑办公,4999,4,19996,微信支付,待付款,无退款
ORD2025003551,2025-06-06 09:46:58,U00944,男,浙江省,金华市,P5001,雀巢咖啡,食品饮料,89,2,178,微信支付,已发货,无退款
ORD2025004387,2025-07-29 00:00:02,U01145,女,上海市,上海市,P2003,小米手环 9,数码配件,299,1,299,花呗,待付款,无退款
ORD2025002307,2025-10-20 14:37:53,U01152,女,湖北省,武汉市,P5002,蒙牛纯牛奶,食品饮料,69,1,69,支付宝,待付款,无退款
ORD2025002745,2025-08-13 06:19:01,U00689,男,上海市,上海市,P2003,小米手环 9,数码配件,299,2,598,银行卡,已发货,无退款
ORD2025003231,2025-02-11 01:28:37,U01097,女,江苏省,苏州市,P5001,雀巢咖啡,食品饮料,89,3,267,支付宝,已完成,无退款
ORD2025002139,2025-11-23 19:10:55,U01554,女,湖北省,武汉市,P2003,小米手环 9,数码配件,299,2,598,支付宝,已完成,无退款
ORD2025003483,2025-02-15 02:58:12,U01086,男,河南省,洛阳市,P5002,蒙牛纯牛奶,食品饮料,69,4,276,支付宝,已取消,无退款
ORD2025004744,2025-02-04 07:14:23,U00010,女,上海市,上海市,P5003,三只松鼠坚果,食品饮料,59,1,59,花呗,已发货,无退款
ORD2025000343,2025-09-02 15:01:27,U01566,女,上海市,上海市,P5003,三只松鼠坚果,食品饮料,59,1,59,支付宝,已取消,无退款
ORD2025001900,2025-09-21 09:43:23,U00087,女,河南省,洛阳市,P5001,雀巢咖啡,食品饮料,89,2,178,微信支付,已完成,无退款
ORD2025003523,2025-02-02 23:04:16,U01099,男,陕西省,宝鸡市,P2003,小米手环 9,数码配件,299,1,299,花呗,已完成,无退款
ORD2025002545,2025-08-05 16:20:28,U01024,男,上海市,上海市,P4002,阿迪达斯卫衣,服饰鞋包,399,1,399,银行卡,已完成,无退款
ORD2025002711,2025-04-03 04:39:30,U01184,男,陕西省,宝鸡市,P5003,三只松鼠坚果,食品饮料,59,1,59,花呗,待付款,无退款
ORD2025001196,2025-11-26 07:47:28,U01066,男,湖北省,宜昌市,P2001,AirPods Pro 2,数码配件,1899,1,1899,银行卡,已完成,无退款
ORD2025000766,2025-08-17 16:47:13,U01761,男,河南省,洛阳市,P1002,iPhone 15 Pro,手机,6999,1,6999,花呗,已完成,无退款
ORD2025003425,2025-04-01 04:03:12,U01229,女,上海市,上海市,P2004,罗技 MX Master 3S,电脑配件,699,2,1398,支付宝,已完成,无退款
ORD2025001320,2025-08-03 14:56:48,U01024,男,四川省,绵阳市,P5002,蒙牛纯牛奶,食品饮料,69,1,69,银行卡,已完成,无退款
ORD2025003895,2025-12-04 23:50:02,U00923,女,广东省,佛山市,P4001,耐克运动鞋,服饰鞋包,599,1,599,银行卡,已完成,无退款
ORD2025002624,2025-03-21 17:38:43,U00924,女,山东省,青岛市,P1002,iPhone 15 Pro,手机,6999,2,13998,微信支付,已完成,无退款
ORD2025003858,2025-05-04 07:02:37,U01124,女,湖北省,襄阳市,P5002,蒙牛纯牛奶,食品饮料,69,1,69,微信支付,已完成,无退款
ORD2025004127,2025-08-29 14:31:10,U01181,男,四川省,绵阳市,P1002,iPhone 15 Pro,手机,6999,1,6999,花呗,已完成,无退款
ORD2025003545,2025-01-11 11:43:22,U00813,男,广东省,东莞市,P3001,戴尔 27英寸显示器,电脑办公,1499,1,1499,微信支付,已发货,无退款
ORD2025000285,2025-08-07 19:33:08,U01272,男,浙江省,金华市,P2005,机械键盘,电脑配件,399,5,1995,银行卡,已完成,无退款
ORD2025004062,2025-09-16 09:23:53,U00675,女,广东省,东莞市,P3002,联想小新笔记本,电脑办公,4999,4,19996,花呗,已完成,无退款
ORD2025000379,2025-06-10 21:26:29,U01099,男,江苏省,无锡市,P4003,优衣库羽绒服,服饰鞋包,799,4,3196,银行卡,已完成,无退款
ORD2025002029,2025-06-10 07:13:53,U01230,女,湖北省,襄阳市,P5003,三只松鼠坚果,食品饮料,59,1,59,支付宝,已完成,无退款
ORD2025002421,2025-09-25 06:52:48,U01538,男,上海市,上海市,P2004,罗技 MX Master 3S,电脑配件,699,1,699,花呗,已完成,无退款
ORD2025004109,2025-05-21 08:27:03,U01440,男,陕西省,宝鸡市,P1003,华为 Mate 70,手机,5499,1,5499,微信支付,已完成,无退款
ORD2025001992,2025-05-30 14:51:12,U01332,女,山东省,烟台市,P5001,雀巢咖啡,食品饮料,89,1,89,微信支付,已完成,无退款
ORD2025004758,2025-06-03 18:08:14,U01531,女,山东省,青岛市,P4002,阿迪达斯卫衣,服饰鞋包,399,2,798,支付宝,已完成,无退款
ORD2025001208,2025-07-31 21:01:40,U01373,男,广东省,广州市,P5002,蒙牛纯牛奶,食品饮料,69,1,69,银行卡,已发货,无退款
ORD2025000494,2025-11-18 11:09:16,U00912,男,四川省,成都市,P4001,耐克运动鞋,服饰鞋包,599,1,599,微信支付,待付款,无退款
ORD2025001283,2025-05-05 21:52:58,U00300,男,四川省,绵阳市,P2003,小米手环 9,数码配件,299,2,598,支付宝,已发货,无退款
ORD2025004620,2025-03-09 09:27:07,U00790,男,江苏省,常州市,P1003,华为 Mate 70,手机,5499,1,5499,微信支付,已完成,无退款
ORD2025001694,2025-05-10 16:56:50,U01153,女,上海市,上海市,P2004,罗技 MX Master 3S,电脑配件,699,1,699,支付宝,已发货,无退款
ORD2025002063,2025-02-06 20:21:22,U00611,女,上海市,上海市,P1002,iPhone 15 Pro,手机,6999,1,6999,支付宝,已完成,无退款
ORD2025000229,2025-04-15 23:39:09,U01614,女,四川省,德阳市,P2001,AirPods Pro 2,数码配件,1899,1,1899,银行卡,已完成,无退款
ORD2025004078,2025-06-07 04:53:52,U00376,男,湖北省,武汉市,P1001,iPhone 15,手机,4999,1,4999,银行卡,已取消,无退款
ORD2025004646,2025-11-11 01:51:09,U00255,女,上海市,上海市,P2002,华为 FreeBuds,数码配件,999,1,999,支付宝,已发货,无退款
ORD2025001227,2025-11-06 08:08:00,U00891,男,四川省,成都市,P3002,联想小新笔记本,电脑办公,4999,1,4999,银行卡,已发货,无退款
ORD2025000904,2025-04-02 08:52:42,U00555,男,山东省,济南市,P4002,阿迪达斯卫衣,服饰鞋包,399,1,399,微信支付,已完成,无退款
ORD2025001113,2025-03-22 12:38:37,U00525,女,湖北省,襄阳市,P2005,机械键盘,电脑配件,399,4,1596,支付宝,已完成,无退款
ORD2025000381,2025-09-12 08:00:31,U01675,男,上海市,上海市,P5002,蒙牛纯牛奶,食品饮料,69,1,69,支付宝,已完成,无退款
ORD2025001396,2025-02-28 14:43:42,U00544,女,江苏省,无锡市,P2002,华为 FreeBuds,数码配件,999,1,999,支付宝,已完成,无退款
ORD2025004372,2025-05-08 09:42:32,U00570,女,浙江省,温州市,P5002,蒙牛纯牛奶,食品饮料,69,1,69,支付宝,已发货,无退款
ORD2025004925,2025-12-09 00:17:44,U01620,女,广东省,广州市,P3003,机械革命游戏本,电脑办公,6299,1,6299,花呗,已完成,无退款
ORD2025004954,2025-05-19 05:42:01,U00080,女,浙江省,杭州市,P5002,蒙牛纯牛奶,食品饮料,69,5,345,支付宝,已取消,无退款
ORD2025003122,2025-01-29 01:37:26,U00273,女,陕西省,宝鸡市,P1003,华为 Mate 70,手机,5499,2,10998,花呗,已完成,无退款
ORD2025001881,2025-12-17 23:56:14,U00286,男,浙江省,宁波市,P1003,华为 Mate 70,手机,5499,1,5499,银行卡,已完成,无退款
ORD2025004007,2025-11-21 10:11:38,U01623,男,湖北省,襄阳市,P2004,罗技 MX Master 3S,电脑配件,699,2,1398,花呗,已发货,无退款
ORD2025002352,2025-12-11 18:23:54,U00326,男,山东省,青岛市,P4001,耐克运动鞋,服饰鞋包,599,1,599,花呗,已发货,无退款
ORD2025003199,2025-08-20 23:46:49,U00226,男,四川省,德阳市,P2001,AirPods Pro 2,数码配件,1899,1,1899,花呗,退款中,退款中
ORD2025002801,2025-09-07 13:37:54,U01319,女,河南省,南阳市,P1003,华为 Mate 70,手机,5499,1,5499,微信支付,已完成,无退款
ORD2025002466,2025-01-11 15:25:06,U00563,男,湖北省,武汉市,P2003,小米手环 9,数码配件,299,3,897,微信支付,待付款,无退款
ORD2025000714,2025-12-23 12:29:37,U01228,女,山东省,济南市,P1002,iPhone 15 Pro,手机,6999,1,6999,花呗,已完成,无退款
ORD2025001152,2025-05-13 00:59:52,U01389,女,陕西省,西安市,P2004,罗技 MX Master 3S,电脑配件,699,1,699,银行卡,已完成,无退款
ORD2025000275,2025-11-27 04:34:17,U01211,女,上海市,上海市,P3004,打印机,电脑办公,899,2,1798,花呗,已完成,无退款
ORD2025002207,2025-07-19 18:49:32,U00401,女,北京市,北京市,P5002,蒙牛纯牛奶,食品饮料,69,2,138,花呗,已完成,无退款
ORD2025001584,2025-11-22 02:33:49,U01614,男,四川省,绵阳市,P3004,打印机,电脑办公,899,1,899,花呗,已完成,无退款
ORD2025002840,2025-08-31 20:10:48,U01089,男,浙江省,金华市,P1002,iPhone 15 Pro,手机,6999,1,6999,微信支付,已取消,无退款
ORD2025004516,2025-02-01 05:51:22,U00414,女,四川省,绵阳市,P2001,AirPods Pro 2,数码配件,1899,1,1899,微信支付,已完成,无退款
ORD2025002574,2025-05-04 12:45:38,U00151,女,江苏省,南京市,P3003,机械革命游戏本,电脑办公,6299,1,6299,花呗,已完成,无退款
ORD2025002770,2025-06-22 15:30:46,U00830,女,山东省,青岛市,P1002,iPhone 15 Pro,手机,6999,2,13998,花呗,已完成,无退款
ORD2025000166,2025-12-16 09:47:44,U00255,男,河南省,郑州市,P5003,三只松鼠坚果,食品饮料,59,1,59,花呗,已完成,无退款
ORD2025002370,2025-08-28 11:16:15,U00387,女,湖北省,武汉市,P5003,三只松鼠坚果,食品饮料,59,3,177,微信支付,已取消,已退款
ORD2025003759,2025-07-17 14:09:57,U00190,女,陕西省,宝鸡市,P1004,小米 15,手机,3999,1,3999,微信支付,已完成,无退款
ORD2025003932,2025-01-23 05:14:09,U01454,男,浙江省,杭州市,P5002,蒙牛纯牛奶,食品饮料,69,1,69,支付宝,已完成,无退款
ORD2025002756,2025-04-01 20:57:53,U01647,男,广东省,深圳市,P5002,蒙牛纯牛奶,食品饮料,69,1,69,花呗,已完成,无退款
ORD2025000885,2025-01-06 18:55:00,U01190,男,江苏省,无锡市,P1004,小米 15,手机,3999,1,3999,微信支付,已完成,无退款
ORD2025000793,2025-02-16 07:09:39,U01752,男,湖北省,武汉市,P1001,iPhone 15,手机,4999,1,4999,支付宝,已完成,已退款
ORD2025003702,2025-10-29 11:30:30,U01158,女,四川省,成都市,P4003,优衣库羽绒服,服饰鞋包,799,1,799,支付宝,已完成,无退款
ORD2025002617,2025-07-04 20:03:39,U01691,女,江苏省,无锡市,P4001,耐克运动鞋,服饰鞋包,599,2,1198,微信支付,已取消,无退款
ORD2025003812,2025-02-15 18:44:01,U00209,男,四川省,成都市,P4002,阿迪达斯卫衣,服饰鞋包,399,1,399,银行卡,已完成,无退款
ORD2025000873,2025-09-18 09:25:29,U01360,男,四川省,绵阳市,P2004,罗技 MX Master 3S,电脑配件,699,1,699,支付宝,已完成,无退款
ORD2025003738,2025-02-01 03:42:22,U01610,女,北京市,北京市,P5001,雀巢咖啡,食品饮料,89,1,89,支付宝,已完成,无退款
ORD2025004770,2025-11-13 11:58:12,U00209,女,四川省,成都市,P4003,优衣库羽绒服,服饰鞋包,799,1,799,花呗,已完成,无退款
ORD2025003098,2025-01-27 05:17:04,U00645,男,陕西省,咸阳市,P2001,AirPods Pro 2,数码配件,1899,1,1899,微信支付,已完成,无退款
ORD2025001015,2025-11-22 14:18:28,U00911,男,河南省,郑州市,P2003,小米手环 9,数码配件,299,1,299,银行卡,已完成,无退款
ORD2025003815,2025-07-11 19:28:43,U01249,男,北京市,北京市,P1004,小米 15,手机,3999,2,7998,银行卡,已取消,无退款
ORD2025000076,2025-11-03 12:35:46,U00286,男,江苏省,无锡市,P1002,iPhone 15 Pro,手机,6999,1,6999,花呗,已取消,无退款
ORD2025003648,2025-12-03 01:10:21,U00511,男,广东省,东莞市,P2003,小米手环 9,数码配件,299,3,897,银行卡,已完成,无退款
ORD2025001874,2025-08-13 23:15:55,U01468,男,广东省,广州市,P5002,蒙牛纯牛奶,食品饮料,69,2,138,支付宝,已完成,无退款
ORD2025004973,2025-05-02 01:57:28,U01343,男,上海市,上海市,P2005,机械键盘,电脑配件,399,1,399,花呗,已发货,无退款
ORD2025000676,2025-09-13 12:40:08,U00411,女,浙江省,杭州市,P2003,小米手环 9,数码配件,299,4,1196,微信支付,已取消,无退款
ORD2025000937,2025-07-19 04:54:43,U00489,女,四川省,成都市,P3004,打印机,电脑办公,899,2,1798,银行卡,已完成,无退款
ORD2025001768,2025-09-21 17:28:36,U00129,女,广东省,深圳市,P1002,iPhone 15 Pro,手机,6999,1,6999,微信支付,已完成,无退款
ORD2025001984,2025-06-26 01:02:26,U00374,男,河南省,洛阳市,P2005,机械键盘,电脑配件,399,1,399,花呗,已完成,无退款
ORD2025004574,2025-12-29 08:44:34,U00260,女,山东省,烟台市,P4001,耐克运动鞋,服饰鞋包,599,2,1198,银行卡,退款中,退款中
ORD2025001213,2025-03-21 16:12:12,U01084,女,河南省,洛阳市,P4003,优衣库羽绒服,服饰鞋包,799,1,799,微信支付,已完成,已退款
ORD2025000393,2025-10-27 21:17:07,U00274,男,四川省,绵阳市,P3001,戴尔 27英寸显示器,电脑办公,1499,1,1499,微信支付,已完成,无退款
ORD2025002501,2025-02-14 21:17:28,U01366,男,广东省,东莞市,P5002,蒙牛纯牛奶,食品饮料,69,1,69,支付宝,已完成,无退款
ORD2025004975,2025-03-13 09:49:08,U01096,男,陕西省,西安市,P2004,罗技 MX Master 3S,电脑配件,699,3,2097,支付宝,已发货,无退款
ORD2025001182,2025-07-10 16:49:43,U00888,男,上海市,上海市,P1002,iPhone 15 Pro,手机,6999,1,6999,支付宝,已取消,无退款
ORD2025003544,2025-08-10 11:38:22,U00891,男,陕西省,咸阳市,P1001,iPhone 15,手机,4999,2,9998,银行卡,已完成,无退款
ORD2025000244,2025-04-02 10:56:38,U01423,男,山东省,青岛市,P3002,联想小新笔记本,电脑办公,4999,2,9998,银行卡,已发货,无退款
ORD2025004526,2025-08-03 01:07:49,U01718,男,浙江省,宁波市,P1004,小米 15,手机,3999,1,3999,花呗,已完成,无退款
ORD2025000409,2025-07-02 16:43:56,U00966,男,上海市,上海市,P2002,华为 FreeBuds,数码配件,999,1,999,微信支付,已发货,无退款
ORD2025000934,2025-11-13 06:54:33,U01283,女,山东省,青岛市,P5001,雀巢咖啡,食品饮料,89,1,89,微信支付,已完成,无退款
ORD2025004299,2025-09-29 04:57:31,U01245,女,四川省,绵阳市,P5002,蒙牛纯牛奶,食品饮料,69,2,138,银行卡,已完成,无退款
ORD2025002539,2025-09-06 16:09:28,U00784,男,河南省,洛阳市,P4003,优衣库羽绒服,服饰鞋包,799,1,799,支付宝,已完成,无退款
ORD2025000704,2025-02-12 12:13:54,U00618,女,湖北省,武汉市,P2004,罗技 MX Master 3S,电脑配件,699,2,1398,银行卡,待付款,无退款
ORD2025002603,2025-02-16 23:30:00,U00070,男,浙江省,温州市,P3002,联想小新笔记本,电脑办公,4999,1,4999,微信支付,已完成,无退款
ORD2025003388,2025-03-15 13:07:07,U00548,男,陕西省,宝鸡市,P3001,戴尔 27英寸显示器,电脑办公,1499,1,1499,支付宝,退款中,退款中
ORD2025001526,2025-01-04 23:13:43,U01069,女,北京市,北京市,P4003,优衣库羽绒服,服饰鞋包,799,1,799,银行卡,已完成,无退款
ORD2025000036,2025-10-12 06:09:21,U01779,男,广东省,佛山市,P5003,三只松鼠坚果,食品饮料,59,1,59,微信支付,已完成,无退款
ORD2025004018,2025-04-01 21:30:21,U01670,男,四川省,德阳市,P5001,雀巢咖啡,食品饮料,89,1,89,花呗,退款中,退款中
ORD2025001066,2025-04-15 07:12:02,U01479,男,四川省,成都市,P3003,机械革命游戏本,电脑办公,6299,1,6299,花呗,待付款,无退款
ORD2025000079,2025-10-28 00:38:01,U01717,女,上海市,上海市,P5003,三只松鼠坚果,食品饮料,59,1,59,花呗,已完成,无退款
ORD2025000049,2025-08-25 04:09:11,U00568,男,北京市,北京市,P3003,机械革命游戏本,电脑办公,6299,1,6299,支付宝,已完成,无退款
ORD2025003588,2025-05-21 22:59:48,U00897,男,北京市,北京市,P1005,荣耀 Magic7,手机,4499,1,4499,支付宝,已发货,无退款
ORD2025004829,2025-04-29 17:48:09,U00012,男,陕西省,咸阳市,P4001,耐克运动鞋,服饰鞋包,599,1,599,微信支付,已发货,无退款
ORD2025001255,2025-05-23 16:30:25,U01164,女,四川省,成都市,P1005,荣耀 Magic7,手机,4499,1,4499,微信支付,已完成,无退款
ORD2025001231,2025-05-24 08:27:32,U01518,男,河南省,南阳市,P1002,iPhone 15 Pro,手机,6999,3,20997,支付宝,已取消,无退款
ORD2025003326,2025-06-20 06:54:21,U01744,男,四川省,绵阳市,P3001,戴尔 27英寸显示器,电脑办公,1499,3,4497,花呗,已完成,无退款
ORD2025003270,2025-10-12 04:00:09,U01057,男,山东省,济南市,P1004,小米 15,手机,3999,2,7998,银行卡,已完成,无退款
ORD2025004241,2025-08-30 17:33:11,U01771,男,河南省,郑州市,P1002,iPhone 15 Pro,手机,6999,1,6999,银行卡,已完成,无退款
ORD2025003288,2025-02-07 23:05:39,U00839,男,江苏省,苏州市,P5002,蒙牛纯牛奶,食品饮料,69,1,69,花呗,待付款,无退款
ORD2025002111,2025-05-21 09:04:03,U01097,女,北京市,北京市,P3001,戴尔 27英寸显示器,电脑办公,1499,2,2998,微信支付,已完成,无退款
ORD2025001960,2025-02-25 22:26:51,U00924,男,广东省,广州市,P5001,雀巢咖啡,食品饮料,89,2,178,银行卡,已完成,无退款
ORD2025001614,2025-10-30 17:23:34,U00456,女,上海市,上海市,P1005,荣耀 Magic7,手机,4499,1,4499,支付宝,已完成,无退款
ORD2025002778,2025-09-22 19:43:00,U00040,女,江苏省,苏州市,P2003,小米手环 9,数码配件,299,2,598,支付宝,待付款,无退款
ORD2025004148,2025-11-25 14:34:12,U00508,女,湖北省,武汉市,P1001,iPhone 15,手机,4999,1,4999,花呗,已完成,无退款
ORD2025001595,2025-05-27 04:50:51,U00074,女,北京市,北京市,P5003,三只松鼠坚果,食品饮料,59,1,59,银行卡,已取消,无退款
ORD2025004950,2025-10-14 23:44:35,U01272,男,江苏省,苏州市,P5002,蒙牛纯牛奶,食品饮料,69,2,138,微信支付,已完成,无退款
ORD2025000682,2025-10-23 09:40:26,U00056,男,浙江省,杭州市,P1002,iPhone 15 Pro,手机,6999,2,13998,支付宝,已完成,无退款
ORD2025000388,2025-01-09 03:48:40,U00690,男,河南省,南阳市,P4003,优衣库羽绒服,服饰鞋包,799,3,2397,银行卡,已取消,无退款
ORD2025002776,2025-11-08 10:31:12,U01354,男,陕西省,西安市,P5003,三只松鼠坚果,食品饮料,59,1,59,支付宝,已完成,无退款
ORD2025002238,2025-06-16 23:39:55,U00186,女,山东省,济南市,P4002,阿迪达斯卫衣,服饰鞋包,399,2,798,花呗,已发货,无退款
ORD2025003470,2025-01-16 20:48:17,U01328,女,上海市,上海市,P3004,打印机,电脑办公,899,1,899,花呗,已完成,无退款
ORD2025000195,2025-09-29 15:27:30,U01347,女,上海市,上海市,P3003,机械革命游戏本,电脑办公,6299,2,12598,银行卡,已完成,无退款
ORD2025004603,2025-04-13 17:27:14,U00445,女,江苏省,苏州市,P2003,小米手环 9,数码配件,299,1,299,银行卡,已完成,无退款
ORD2025004036,2025-08-29 16:42:28,U00574,男,河南省,洛阳市,P2001,AirPods Pro 2,数码配件,1899,1,1899,微信支付,已完成,无退款
ORD2025004638,2025-08-31 08:18:47,U01208,女,广东省,佛山市,P2005,机械键盘,电脑配件,399,1,399,银行卡,已发货,无退款
ORD2025002905,2025-02-24 13:02:30,U00342,男,北京市,北京市,P1002,iPhone 15 Pro,手机,6999,4,27996,银行卡,已完成,无退款
ORD2025002368,2025-11-09 09:06:11,U00562,女,陕西省,西安市,P2004,罗技 MX Master 3S,电脑配件,699,1,699,银行卡,已完成,无退款
ORD2025003644,2025-01-05 15:54:04,U01417,女,上海市,上海市,P3002,联想小新笔记本,电脑办公,4999,2,9998,花呗,已完成,无退款
ORD2025003310,2025-11-23 15:38:33,U01541,男,上海市,上海市,P2003,小米手环 9,数码配件,299,1,299,支付宝,已发货,无退款
ORD2025003251,2025-01-27 09:37:13,U00924,男,四川省,绵阳市,P5003,三只松鼠坚果,食品饮料,59,2,118,支付宝,已发货,无退款
ORD2025002585,2025-06-09 23:40:49,U00730,男,河南省,南阳市,P3003,机械革命游戏本,电脑办公,6299,3,18897,银行卡,已完成,无退款
ORD2025002235,2025-07-15 13:23:31,U00455,女,湖北省,襄阳市,P2002,华为 FreeBuds,数码配件,999,1,999,花呗,已完成,无退款
ORD2025001635,2025-03-14 17:51:28,U01510,男,湖北省,宜昌市,P3002,联想小新笔记本,电脑办公,4999,1,4999,花呗,已取消,无退款
ORD2025002197,2025-10-08 11:09:06,U00475,男,四川省,德阳市,P3003,机械革命游戏本,电脑办公,6299,2,12598,银行卡,已完成,无退款
ORD2025000310,2025/12/26 08:25:20,U01161,男,江苏省,常州市,P1004,小米 15,手机,3999,1,3999,花呗,已取消,无退款
ORD2025002469,2025-08-27 09:00:02,U00773,女,陕西省,宝鸡市,P2005,机械键盘,电脑配件,399,2,798,微信支付,已完成,无退款
ORD2025004660,2025-05-30 09:57:26,U00479,男,广东省,东莞市,P4002,阿迪达斯卫衣,服饰鞋包,399,1,399,银行卡,已完成,无退款
ORD2025001551,2025-06-09 01:41:28,U01101,男,湖北省,宜昌市,P1004,小米 15,手机,3999,2,7998,微信支付,已完成,无退款
ORD2025004795,2025-03-28 14:26:12,U00389,女,四川省,成都市,P4002,阿迪达斯卫衣,服饰鞋包,399,2,798,银行卡,已完成,无退款
ORD2025000667,2025-09-15 09:15:57,U01450,男,湖北省,宜昌市,P3002,联想小新笔记本,电脑办公,4999,1,4999,支付宝,已取消,无退款
ORD2025000266,2025-12-29 07:30:23,U01759,男,湖北省,宜昌市,P2001,AirPods Pro 2,数码配件,1899,1,1899,银行卡,已发货,无退款
ORD2025003271,2025-10-10 13:52:03,U00356,女,四川省,绵阳市,P3002,联想小新笔记本,电脑办公,4999,2,9998,微信支付,已完成,无退款
ORD2025002988,2025-12-27 04:29:57,U00452,女,广东省,广州市,P3004,打印机,电脑办公,899,1,899,微信支付,已完成,无退款
ORD2025001623,2025-02-13 05:13:34,U00154,男,湖北省,襄阳市,P2001,AirPods Pro 2,数码配件,1899,1,1899,银行卡,已取消,已退款
ORD2025000185,2025-02-27 08:01:58,U01030,女,山东省,青岛市,P1002,iPhone 15 Pro,手机,6999,2,13998,支付宝,退款中,退款中
ORD2025002597,2025-10-21 15:35:30,U00409,女,山东省,青岛市,P2005,机械键盘,电脑配件,399,1,399,支付宝,已完成,无退款
ORD2025003597,2025-12-22 18:31:07,U01311,男,河南省,南阳市,P3002,联想小新笔记本,电脑办公,4999,1,4999,银行卡,已发货,无退款
ORD2025001972,2025-03-30 14:09:45,U00807,女,山东省,青岛市,P5001,雀巢咖啡,食品饮料,89,3,267,银行卡,已完成,无退款
ORD2025001225,2025-08-02 18:08:39,U00909,男,上海市,上海市,P4003,优衣库羽绒服,服饰鞋包,799,1,799,花呗,已取消,无退款
ORD2025004604,2025-04-17 06:52:22,U00393,男,山东省,烟台市,P4001,耐克运动鞋,服饰鞋包,599,1,599,支付宝,已完成,无退款
ORD2025000698,2025-05-29 07:25:56,U00053,男,河南省,郑州市,P2001,AirPods Pro 2,数码配件,1899,1,1899,银行卡,已完成,无退款
ORD2025000621,2025-03-22 13:46:37,U00749,女,浙江省,杭州市,P1005,荣耀 Magic7,手机,4499,1,4499,微信支付,已完成,无退款
ORD2025000906,2025-09-07 11:18:24,U00519,男,湖北省,宜昌市,P1002,iPhone 15 Pro,手机,6999,2,13998,支付宝,已完成,无退款
ORD2025002547,2025-11-24 09:59:54,U01602,男,河南省,郑州市,P5002,蒙牛纯牛奶,食品饮料,69,1,69,花呗,已完成,无退款
ORD2025003623,2025-09-28 12:36:12,U01574,男,湖北省,襄阳市,P5002,蒙牛纯牛奶,食品饮料,69,1,69,支付宝,退款中,退款中
ORD2025002898,2025-11-17 13:08:09,U01473,男,北京市,北京市,P3001,戴尔 27英寸显示器,电脑办公,1499,1,1499,支付宝,已完成,无退款
ORD2025003810,2025-01-27 11:41:20,U00794,男,山东省,烟台市,P1004,小米 15,手机,3999,2,7998,银行卡,已完成,无退款
ORD2025004534,2025-03-28 17:21:02,U00365,女,广东省,东莞市,P2001,AirPods Pro 2,数码配件,1899,1,1899,花呗,已取消,无退款
ORD2025004787,2025-12-18 13:38:50,U01214,男,江苏省,苏州市,P2001,AirPods Pro 2,数码配件,1899,2,3798,花呗,已完成,无退款
ORD2025002437,2025-11-22 00:26:26,U00892,女,浙江省,温州市,P1002,iPhone 15 Pro,手机,6999,1,6999,银行卡,已完成,无退款
ORD2025002024,2025-01-29 05:15:07,U01412,男,湖北省,襄阳市,P1003,华为 Mate 70,手机,5499,1,5499,花呗,已完成,无退款
ORD2025004381,2025-09-20 05:01:04,U01032,男,山东省,济南市,P1003,华为 Mate 70,手机,5499,2,10998,支付宝,已完成,无退款
ORD2025004708,2025-03-21 08:26:08,U00612,女,北京市,北京市,P1001,iPhone 15,手机,4999,1,4999,支付宝,退款中,退款中
ORD2025003567,2025-09-24 01:03:06,U01622,女,河南省,郑州市,P1004,小米 15,手机,3999,1,3999,银行卡,已完成,无退款
ORD2025001875,2025-04-11 12:55:02,U01647,女,山东省,青岛市,P2005,机械键盘,电脑配件,399,1,399,银行卡,已完成,无退款
ORD2025000555,2025-08-20 11:26:50,U00051,男,陕西省,西安市,P1003,华为 Mate 70,手机,5499,1,5499,微信支付,已完成,无退款
ORD2025000027,2025-10-02 11:03:22,U00316,女,广东省,东莞市,P2004,罗技 MX Master 3S,电脑配件,699,1,699,微信支付,已发货,无退款
ORD2025003080,2025-09-06 03:37:32,U01378,男,广东省,佛山市,P3001,戴尔 27英寸显示器,电脑办公,1499,1,1499,微信支付,已完成,无退款
ORD2025004197,2025-03-03 06:49:26,U00238,女,北京市,北京市,P5003,三只松鼠坚果,食品饮料,59,1,59,支付宝,已完成,无退款
ORD2025000708,2025-12-07 17:17:21,U00010,女,北京市,北京市,P2001,AirPods Pro 2,数码配件,1899,1,1899,银行卡,已完成,无退款
ORD2025000683,2025-09-01 09:58:30,U00939,男,广东省,东莞市,P3001,戴尔 27英寸显示器,电脑办公,1499,1,1499,花呗,已取消,无退款
ORD2025001985,2025-02-28 18:42:08,U00452,男,江苏省,无锡市,P1004,小米 15,手机,3999,1,3999,支付宝,已完成,无退款
ORD2025004396,2025-06-17 07:46:04,U01669,女,江苏省,常州市,P4002,阿迪达斯卫衣,服饰鞋包,399,1,399,花呗,已发货,无退款
ORD2025002671,2025-12-07 13:01:30,U01686,女,江苏省,苏州市,P1005,荣耀 Magic7,手机,4499,2,8998,花呗,已完成,无退款
ORD2025004429,2025-07-03 17:34:08,U00621,男,江苏省,无锡市,P1004,小米 15,手机,3999,1,3999,花呗,已完成,无退款
ORD2025003941,2025-10-09 21:34:11,U00034,男,河南省,南阳市,P3004,打印机,电脑办公,899,2,1798,微信支付,已完成,无退款
ORD2025001713,2025-01-11 00:01:48,U00175,女,北京市,北京市,P4002,阿迪达斯卫衣,服饰鞋包,399,2,798,花呗,已发货,无退款
ORD2025001826,2025-08-04 06:29:38,U01793,女,上海市,上海市,P2005,机械键盘,电脑配件,399,1,399,银行卡,已完成,无退款
ORD2025001831,2025-12-07 14:25:36,U00571,女,浙江省,宁波市,P1003,华为 Mate 70,手机,5499,1,5499,支付宝,已发货,无退款
ORD2025000895,2025-07-31 17:23:27,U01090,男,河南省,郑州市,P5002,蒙牛纯牛奶,食品饮料,69,1,69,微信支付,已完成,无退款
ORD2025001146,2025-04-12 03:32:13,U01034,男,四川省,绵阳市,P1001,iPhone 15,手机,4999,1,4999,微信支付,已完成,无退款
ORD2025003404,2025-11-03 18:32:09,U00102,女,上海市,上海市,P2003,小米手环 9,数码配件,299,1,299,花呗,退款中,退款中
ORD2025002246,2025-10-14 10:41:42,U01136,女,江苏省,常州市,P5001,雀巢咖啡,食品饮料,89,1,89,花呗,已完成,无退款
ORD2025000910,2025-06-09 23:37:10,U01028,女,浙江省,杭州市,P4001,耐克运动鞋,服饰鞋包,599,1,599,银行卡,已发货,无退款
ORD2025001589,2025-09-22 19:20:51,U01143,男,陕西省,西安市,P2005,机械键盘,电脑配件,399,2,798,微信支付,已取消,无退款
ORD2025001421,2025-06-07 21:02:32,U00524,女,上海市,上海市,P1003,华为 Mate 70,手机,5499,1,5499,银行卡,待付款,无退款
ORD2025004969,2025-09-21 17:34:48,U01687,男,上海市,上海市,P4002,阿迪达斯卫衣,服饰鞋包,399,2,798,支付宝,已发货,无退款
ORD2025004473,2025-10-18 03:03:33,U00462,男,北京市,北京市,P2001,AirPods Pro 2,数码配件,1899,1,1899,银行卡,已完成,无退款
ORD2025001362,2025-10-23 08:55:32,U00127,男,山东省,青岛市,P4002,阿迪达斯卫衣,服饰鞋包,399,1,399,银行卡,已完成,无退款
ORD2025003075,2025-05-09 03:23:05,U00064,女,广东省,东莞市,P2002,华为 FreeBuds,数码配件,999,3,2997,银行卡,已发货,无退款
ORD2025001888,2025-05-08 10:30:31,U01122,女,四川省,德阳市,P5001,雀巢咖啡,食品饮料,89,2,178,支付宝,已取消,无退款
ORD2025002330,2025-09-26 11:56:03,U00032,男,上海市,上海市,P2002,华为 FreeBuds,数码配件,999,2,1998,微信支付,已取消,无退款
ORD2025003663,2025-03-22 13:57:46,U00564,女,陕西省,宝鸡市,P2001,AirPods Pro 2,数码配件,1899,3,5697,微信支付,已完成,无退款
ORD2025002447,2025-02-03 00:25:14,U00671,男,浙江省,宁波市,P3002,联想小新笔记本,电脑办公,4999,2,9998,花呗,已完成,无退款
ORD2025004306,2025-01-13 03:55:37,U01038,男,广东省,东莞市,P5001,雀巢咖啡,食品饮料,89,1,89,支付宝,已完成,无退款
ORD2025000698,2025-05-29 07:25:56,U00053,男,河南省,郑州市,P2001,AirPods Pro 2,数码配件,1899,1,1899,银行卡,已完成,无退款
ORD2025000405,2025-06-12 06:27:23,U01783,女,陕西省,咸阳市,P1001,iPhone 15,手机,4999,1,4999,花呗,已完成,无退款
ORD2025000727,2025-05-14 23:34:44,U01292,男,湖北省,襄阳市,P2004,罗技 MX Master 3S,电脑配件,699,1,699,微信支付,已完成,无退款
ORD2025001334,2025-11-19 08:49:38,U01404,男,上海市,上海市,P1002,iPhone 15 Pro,手机,6999,2,13998,花呗,已完成,无退款
ORD2025004249,2025-01-18 04:10:39,U01587,女,河南省,郑州市,P4002,阿迪达斯卫衣,服饰鞋包,399,1,399,支付宝,已完成,无退款
ORD2025000111,2025-03-13 23:26:39,U01357,女,湖北省,襄阳市,P1002,iPhone 15 Pro,手机,6999,1,6999,微信支付,已发货,无退款
ORD2025001587,2025-09-28 06:04:26,U00223,女,广东省,广州市,P5001,雀巢咖啡,食品饮料,89,2,178,支付宝,待付款,无退款
ORD2025003772,2025-11-14 15:36:53,U00457,女,山东省,青岛市,P1002,iPhone 15 Pro,手机,6999,1,6999,微信支付,已发货,无退款
ORD2025001407,2025-09-11 18:20:32,U00584,男,广东省,广州市,P2004,罗技 MX Master 3S,电脑配件,699,1,699,花呗,已完成,无退款
ORD2025003622,2025-11-13 02:04:42,U00509,女,浙江省,金华市,P1004,小米 15,手机,3999,4,15996,银行卡,已完成,无退款
ORD2025003504,2025-01-25 10:27:59,U01005,男,上海市,上海市,P1001,iPhone 15,手机,4999,1,4999,支付宝,已完成,无退款
ORD2025000597,2025-11-18 23:17:28,U01154,男,陕西省,宝鸡市,P2002,华为 FreeBuds,数码配件,999,1,999,支付宝,退款中,退款中
ORD2025004889,2025-08-19 16:55:34,U01502,女,江苏省,苏州市,P3001,戴尔 27英寸显示器,电脑办公,1499,1,1499,支付宝,已完成,无退款
ORD2025002284,2025-09-16 21:06:30,U00625,男,湖北省,襄阳市,P2004,罗技 MX Master 3S,电脑配件,699,2,1398,支付宝,已完成,无退款
ORD2025004682,2025-08-28 08:31:26,U00514,男,广东省,东莞市,P3002,联想小新笔记本,电脑办公,4999,1,4999,微信支付,已发货,无退款
ORD2025004474,2025-12-07 17:50:06,U00046,女,广东省,深圳市,P3004,打印机,电脑办公,899,1,899,支付宝,已完成,无退款
ORD2025003840,2025-07-24 22:05:31,U00219,男,浙江省,金华市,P1004,小米 15,手机,3999,1,3999,微信支付,已完成,无退款
ORD2025002674,2025-08-26 12:11:16,U01569,男,上海市,上海市,P2005,机械键盘,电脑配件,399,1,399,支付宝,已完成,无退款
ORD2025004324,2025-08-10 04:58:57,U01205,女,河南省,洛阳市,P5001,雀巢咖啡,食品饮料,89,1,89,花呗,已完成,无退款
ORD2025002854,2025-06-27 11:12:42,U01640,女,江苏省,常州市,P5002,蒙牛纯牛奶,食品饮料,69,2,138,微信支付,已完成,无退款
ORD2025003803,2025-10-31 12:17:54,U00413,女,上海市,上海市,P2003,小米手环 9,数码配件,299,3,897,银行卡,待付款,无退款
ORD2025000001,2025-05-22 22:11:41,U01530,男,北京市,北京市,P5001,雀巢咖啡,食品饮料,89,1,89,支付宝,已完成,无退款
ORD2025003665,2025-02-01 02:55:57,U01441,男,北京市,北京市,P2001,AirPods Pro 2,数码配件,1899,2,3798,微信支付,已发货,无退款
ORD2025000712,2025-03-12 15:15:00,U00839,男,河南省,洛阳市,P5001,雀巢咖啡,食品饮料,89,1,89,支付宝,已完成,无退款
ORD2025004759,2025-02-13 05:13:16,U00240,男,山东省,烟台市,P3004,打印机,电脑办公,899,1,899,微信支付,已完成,无退款
ORD2025002458,2025-01-08 03:07:38,U00463,女,湖北省,武汉市,P3003,机械革命游戏本,电脑办公,6299,1,6299,花呗,已完成,无退款
ORD2025004853,2025-03-08 01:14:12,U01370,男,四川省,成都市,P4001,耐克运动鞋,服饰鞋包,599,2,1198,银行卡,待付款,无退款
ORD2025000722,2025-10-30 15:00:12,U00748,女,山东省,济南市,P2003,小米手环 9,数码配件,299,1,299,银行卡,已发货,无退款
ORD2025003701,2025-02-10 00:27:00,U00675,男,上海市,上海市,P2005,机械键盘,电脑配件,399,3,1197,支付宝,已完成,无退款
ORD2025001210,2025-02-21 09:53:21,U00477,女,浙江省,杭州市,P1003,华为 Mate 70,手机,5499,3,16497,银行卡,已完成,无退款
ORD2025004588,2025-11-11 11:40:30,U01357,男,四川省,成都市,P3002,联想小新笔记本,电脑办公,4999,1,4999,微信支付,已完成,无退款
ORD2025004081,2025-10-12 21:02:30,U00330,男,湖北省,宜昌市,P2001,AirPods Pro 2,数码配件,1899,2,3798,微信支付,已完成,无退款
ORD2025000750,2025-04-19 22:48:29,U01520,男,陕西省,咸阳市,P1004,小米 15,手机,3999,1,3999,花呗,已完成,无退款
ORD2025003850,2025-12-16 07:43:29,U00601,女,山东省,烟台市,P2001,AirPods Pro 2,数码配件,1899,1,1899,支付宝,待付款,无退款
ORD2025002315,2025-07-10 11:24:32,U00100,男,江苏省,苏州市,P2005,机械键盘,电脑配件,399,1,399,支付宝,已完成,无退款
ORD2025000898,2025-05-08 17:15:00,U00171,女,广东省,东莞市,P5002,蒙牛纯牛奶,食品饮料,69,4,276,花呗,已完成,无退款
ORD2025002925,2025-01-21 07:05:00,U00695,男,上海市,上海市,P3001,戴尔 27英寸显示器,电脑办公,1499,1,1499,微信支付,已完成,无退款
ORD2025003995,2025-04-07 03:33:49,U01525,女,江苏省,苏州市,P4003,优衣库羽绒服,服饰鞋包,799,3,2397,微信支付,已完成,无退款
ORD2025002994,2025-10-05 12:09:50,U01076,女,广东省,东莞市,P1003,华为 Mate 70,手机,5499,1,5499,花呗,待付款,无退款
ORD2025002828,2025-06-04 00:58:32,U00455,女,陕西省,宝鸡市,P3002,联想小新笔记本,电脑办公,4999,1,4999,支付宝,已完成,无退款
ORD2025000109,2025-04-18 15:56:02,U01542,女,湖北省,襄阳市,P2001,AirPods Pro 2,数码配件,1899,4,7596,微信支付,已取消,无退款
ORD2025000348,2025-12-28 21:13:40,U00988,男,浙江省,金华市,P4001,耐克运动鞋,服饰鞋包,599,1,599,银行卡,已完成,无退款
ORD2025000547,2025-11-09 04:30:00,U01109,女,河南省,洛阳市,P1002,iPhone 15 Pro,手机,6999,1,6999,微信支付,已取消,无退款
ORD2025003024,2025-06-16 19:07:34,U01627,男,广东省,东莞市,P4003,优衣库羽绒服,服饰鞋包,799,2,1598,微信支付,已完成,无退款
ORD2025003602,2025-12-12 14:55:46,U00140,女,山东省,济南市,P3004,打印机,电脑办公,899,1,899,花呗,已完成,无退款
ORD2025000515,2025-06-29 22:42:56,U00409,女,湖北省,宜昌市,P4003,优衣库羽绒服,服饰鞋包,799,2,1598,支付宝,待付款,无退款
ORD2025001932,2025-03-24 23:23:57,U00423,女,广东省,东莞市,P2003,小米手环 9,数码配件,299,1,299,支付宝,已完成,无退款
ORD2025004786,2025-03-03 21:47:26,U00731,女,河南省,郑州市,P1003,华为 Mate 70,手机,5499,5,27495,支付宝,已完成,无退款
ORD2025002177,2025/06/18 11:54:32,U00869,女,河南省,洛阳市,P4001,耐克运动鞋,服饰鞋包,599,2,1198,支付宝,待付款,无退款
ORD2025000017,2025-05-04 05:45:12,U01088,女,浙江省,金华市,P1003,华为 Mate 70,手机,5499,3,16497,花呗,已完成,无退款
ORD2025003449,2025-04-21 03:17:46,U01564,男,上海市,上海市,P1001,iPhone 15,手机,4999,4,19996,花呗,已完成,无退款
ORD2025002701,2025-02-06 04:57:49,U00131,男,湖北省,宜昌市,P3003,机械革命游戏本,电脑办公,6299,1,6299,花呗,已取消,无退款
ORD2025001460,2025-07-10 03:20:33,U01504,男,浙江省,杭州市,P5002,蒙牛纯牛奶,食品饮料,69,1,69,微信支付,已完成,无退款
ORD2025000977,2025-04-19 00:48:40,U00927,男,浙江省,杭州市,P4003,优衣库羽绒服,服饰鞋包,799,1,799,银行卡,已完成,无退款
ORD2025001267,2025-05-04 09:21:57,U01642,男,陕西省,咸阳市,P1004,小米 15,手机,3999,2,7998,微信支付,已完成,无退款
ORD2025004709,2025-08-14 13:54:34,U01126,男,山东省,烟台市,P2005,机械键盘,电脑配件,399,3,1197,微信支付,已完成,无退款
ORD2025001780,2025-12-07 02:14:39,U01126,男,浙江省,金华市,P5001,雀巢咖啡,食品饮料,89,1,89,微信支付,已完成,无退款
ORD2025000390,2025-05-10 01:11:22,U01138,女,四川省,成都市,P5002,蒙牛纯牛奶,食品饮料,69,1,69,微信支付,已完成,无退款
ORD2025002806,2025-04-04 08:52:55,U01131,女,广东省,东莞市,P5002,蒙牛纯牛奶,食品饮料,69,1,69,花呗,待付款,无退款
ORD2025002759,2025-04-02 00:50:43,U01082,女,四川省,绵阳市,P5003,三只松鼠坚果,食品饮料,59,2,118,银行卡,已完成,无退款
ORD2025001838,2025-07-30 01:11:47,U00906,女,陕西省,咸阳市,P1001,iPhone 15,手机,4999,2,9998,花呗,已完成,无退款
ORD2025001986,2025-01-11 10:29:12,U00176,女,陕西省,宝鸡市,P9999,戴尔 27英寸显示器,电脑办公,1499,1,1499,支付宝,已完成,无退款
ORD2025003887,2025-01-09 17:58:42,U01109,男,山东省,烟台市,P2005,机械键盘,电脑配件,399,1,399,微信支付,已完成,无退款
ORD2025004881,2025-07-13 19:31:09,U00634,男,四川省,德阳市,P2001,AirPods Pro 2,数码配件,1899,3,5697,银行卡,已完成,无退款
ORD2025003938,2025-08-03 14:41:59,U00931,男,湖北省,襄阳市,P4002,阿迪达斯卫衣,服饰鞋包,399,5,1995,银行卡,已完成,已退款
ORD2025000948,2025-02-12 05:43:38,U01327,女,四川省,绵阳市,P2005,机械键盘,电脑配件,399,1,399,微信支付,已发货,无退款
ORD2025004916,2025-06-07 01:52:59,U01647,男,四川省,成都市,P2002,华为 FreeBuds,数码配件,999,1,999,支付宝,已完成,无退款
ORD2025002408,2025-10-21 09:47:18,U00318,男,山东省,青岛市,P2002,华为 FreeBuds,数码配件,999,1,999,花呗,已完成,无退款
ORD2025004263,2025-04-05 23:19:14,U00346,女,湖北省,宜昌市,P1001,iPhone 15,手机,4999,1,4999,银行卡,已完成,无退款
ORD2025004691,2025-02-13 10:12:53,U00763,男,浙江省,温州市,P4001,耐克运动鞋,服饰鞋包,599,1,599,银行卡,已完成,无退款
ORD2025002982,2025-01-29 08:25:06,U00865,男,北京市,北京市,P5001,雀巢咖啡,食品饮料,89,2,178,银行卡,已完成,无退款
ORD2025004424,2025-03-15 00:27:46,U01306,女,上海市,上海市,P1005,荣耀 Magic7,手机,4499,1,4499,微信支付,已发货,无退款
ORD2025003057,2025-03-27 18:46:16,U01782,男,浙江省,温州市,P5002,蒙牛纯牛奶,食品饮料,69,2,138,微信支付,已完成,无退款
ORD2025004272,2025-06-12 04:27:12,U00359,男,湖北省,宜昌市,P2002,华为 FreeBuds,数码配件,999,1,999,花呗,已完成,无退款
ORD2025000078,2025-09-23 07:44:46,U00889,男,江苏省,苏州市,P3002,联想小新笔记本,电脑办公,4999,1,4999,花呗,已完成,无退款
ORD2025001453,2025-01-19 12:02:34,U01120,女,山东省,烟台市,P2001,AirPods Pro 2,数码配件,1899,1,1899,花呗,已完成,已退款
ORD2025002858,2025-01-02 12:05:26,U01442,男,浙江省,温州市,P2004,罗技 MX Master 3S,电脑配件,699,1,699,花呗,已完成,无退款
ORD2025003133,2025-01-04 14:34:39,U00078,女,陕西省,西安市,P1005,荣耀 Magic7,手机,4499,1,4499,花呗,已完成,无退款
ORD2025002305,2025-03-12 06:46:29,U00083,男,河南省,洛阳市,P4003,优衣库羽绒服,服饰鞋包,799,1,799,微信支付,已完成,无退款
ORD2025000345,2025-07-02 04:37:51,U01403,女,湖北省,襄阳市,P2005,机械键盘,电脑配件,399,1,399,支付宝,已完成,无退款
ORD2025002755,2025-04-14 21:16:54,U01148,男,陕西省,咸阳市,P5002,蒙牛纯牛奶,食品饮料,69,1,69,花呗,待付款,无退款
ORD2025001195,2025-02-25 23:06:24,U00941,女,陕西省,宝鸡市,P1001,iPhone 15,手机,4999,2,9998,微信支付,已取消,无退款
ORD2025001083,2025-04-07 18:23:08,U01414,女,北京市,北京市,P1001,iPhone 15,手机,4999,1,4999,支付宝,已完成,无退款
ORD2025003015,2025-10-01 19:12:22,U01403,女,北京市,北京市,P1003,华为 Mate 70,手机,5499,1,5499,微信支付,已完成,无退款
ORD2025004178,2025-09-24 08:51:57,U01225,女,浙江省,温州市,P4001,耐克运动鞋,服饰鞋包,599,2,1198,银行卡,已完成,无退款
ORD2025002281,2025-07-20 06:43:52,U00698,女,山东省,青岛市,P5001,雀巢咖啡,食品饮料,89,1,89,银行卡,待付款,无退款
ORD2025002860,2025-01-06 21:49:05,U01503,男,江苏省,苏州市,P5001,雀巢咖啡,食品饮料,89,2,178,花呗,已完成,无退款
ORD2025004741,2025-04-15 23:08:09,U00854,男,上海市,上海市,P3001,戴尔 27英寸显示器,电脑办公,1499,1,1499,银行卡,已完成,无退款
ORD2025002710,2025-08-11 17:01:46,U00350,男,陕西省,宝鸡市,P5003,三只松鼠坚果,食品饮料,59,2,118,支付宝,已完成,无退款
ORD2025004446,2025-02-13 11:06:01,U00127,男,四川省,德阳市,P2002,华为 FreeBuds,数码配件,999,2,1998,支付宝,已完成,无退款
ORD2025001239,2025-02-15 19:51:09,U01524,男,陕西省,西安市,P1004,小米 15,手机,3999,1,3999,银行卡,已完成,无退款
ORD2025002498,2025-12-13 13:46:16,U01249,女,河南省,南阳市,P3004,打印机,电脑办公,899,2,1798,支付宝,已完成,无退款
ORD2025000152,2025-11-28 07:45:08,U01004,男,江苏省,无锡市,P1002,iPhone 15 Pro,手机,6999,3,20997,支付宝,待付款,无退款
ORD2025002278,2025-08-12 13:38:55,U01597,女,北京市,北京市,P4003,优衣库羽绒服,服饰鞋包,799,2,1598,花呗,已完成,无退款
ORD2025000501,2025-04-22 20:10:13,U01197,女,湖北省,武汉市,P2001,AirPods Pro 2,数码配件,1899,2,3798,支付宝,已完成,无退款
ORD2025001583,2025-02-26 13:19:30,U01402,男,四川省,德阳市,P1002,iPhone 15 Pro,手机,6999,2,13998,花呗,已完成,无退款
ORD2025002665,2025-11-27 08:34:02,U01088,女,上海市,上海市,P5002,蒙牛纯牛奶,食品饮料,69,2,138,微信支付,已完成,无退款
ORD2025003593,2025-06-03 09:25:16,U00880,女,江苏省,无锡市,P3002,联想小新笔记本,电脑办公,4999,2,9998,花呗,已取消,无退款
ORD2025001613,2025-06-09 08:05:37,U00864,女,陕西省,宝鸡市,P1001,iPhone 15,手机,4999,3,14997,银行卡,已完成,无退款
ORD2025000664,2025-04-24 13:23:41,U01117,女,四川省,成都市,P2001,AirPods Pro 2,数码配件,1899,2,3798,花呗,已完成,无退款
ORD2025002221,2025-10-27 18:59:26,U01580,男,江苏省,无锡市,P3001,戴尔 27英寸显示器,电脑办公,1499,3,4497,微信支付,已完成,无退款
ORD2025000446,2025-03-27 05:41:40,U01258,女,四川省,德阳市,P4002,阿迪达斯卫衣,服饰鞋包,399,2,798,微信支付,待付款,无退款
ORD2025002431,2025-03-28 04:55:50,U00986,女,上海市,上海市,P1005,荣耀 Magic7,手机,4499,1,4499,花呗,已完成,无退款
ORD2025000980,2025-08-10 02:27:32,U01486,女,湖北省,宜昌市,P2002,华为 FreeBuds,数码配件,999,4,3996,银行卡,已完成,无退款
ORD2025004506,2025-12-11 02:54:27,U01638,男,陕西省,西安市,P5001,雀巢咖啡,食品饮料,89,1,89,支付宝,已发货,无退款
ORD2025001679,2025-09-12 19:36:35,U00474,女,河南省,郑州市,P2001,AirPods Pro 2,数码配件,1899,1,1899,支付宝,已完成,无退款
ORD2025001681,2025-03-29 13:51:27,U01051,女,山东省,青岛市,P3003,机械革命游戏本,电脑办公,6299,1,6299,支付宝,已取消,已退款
ORD2025000615,2025-07-21 09:23:39,U00877,男,山东省,烟台市,P3003,机械革命游戏本,电脑办公,6299,1,6299,支付宝,已完成,无退款
ORD2025004979,2025-07-22 23:05:17,U01647,女,湖北省,宜昌市,P2005,机械键盘,电脑配件,399,2,798,微信支付,已发货,无退款
ORD2025002929,2025-03-29 03:02:41,U00484,女,上海市,上海市,P4003,优衣库羽绒服,服饰鞋包,799,1,799,花呗,已发货,无退款
ORD2025001203,2025-10-07 16:09:43,U01688,女,陕西省,宝鸡市,P5003,三只松鼠坚果,食品饮料,59,1,59,花呗,已发货,无退款
ORD2025002784,2025-03-19 07:26:19,U01743,男,湖北省,宜昌市,P2001,AirPods Pro 2,数码配件,1899,2,3798,微信支付,已完成,无退款
ORD2025002327,2025-09-20 08:52:13,U00570,男,四川省,成都市,P3003,机械革命游戏本,电脑办公,6299,1,6299,微信支付,已完成,无退款
ORD2025003967,2025-02-13 13:35:23,U00673,男,江苏省,无锡市,P2002,华为 FreeBuds,数码配件,999,1,999,花呗,已完成,无退款
ORD2025000029,2025-10-04 21:51:13,U00223,男,北京市,北京市,P3003,机械革命游戏本,电脑办公,6299,2,12598,花呗,已完成,无退款
ORD2025000837,2025-04-01 05:08:20,U01656,男,河南省,南阳市,P1004,小米 15,手机,3999,1,3999,花呗,已完成,无退款
ORD2025000770,2025-08-04 04:53:46,U01108,男,上海市,上海市,P4003,优衣库羽绒服,服饰鞋包,799,1,799,微信支付,已完成,无退款
ORD2025000107,2025-05-28 02:41:53,U01469,男,广东省,广州市,P5003,三只松鼠坚果,食品饮料,59,1,59,微信支付,已完成,无退款
ORD2025004097,2025-08-10 23:58:55,U00916,女,湖北省,襄阳市,P3001,戴尔 27英寸显示器,电脑办公,1499,1,1499,花呗,退款中,退款中
ORD2025004623,2025-10-27 21:43:12,U01428,男,山东省,烟台市,P2004,罗技 MX Master 3S,电脑配件,699,1,699,微信支付,已完成,无退款
ORD2025000785,2025-10-21 10:10:44,U01096,女,河南省,洛阳市,P3001,戴尔 27英寸显示器,电脑办公,1499,1,1499,银行卡,已完成,无退款
ORD2025002252,2025-08-10 19:16:29,U01172,女,河南省,南阳市,P1003,华为 Mate 70,手机,5499,4,21996,支付宝,已完成,无退款
ORD2025004685,2025-08-27 21:33:11,U00299,男,北京市,北京市,P1002,iPhone 15 Pro,手机,6999,2,13998,花呗,已完成,无退款
ORD2025003601,2025-11-24 01:26:18,U00150,女,上海市,上海市,P1003,华为 Mate 70,手机,5499,5,27495,花呗,已完成,无退款
ORD2025004092,2025-01-30 05:12:15,U00008,男,陕西省,宝鸡市,P2004,罗技 MX Master 3S,电脑配件,699,1,699,银行卡,已完成,无退款
ORD2025000386,2025-12-09 15:51:40,U00411,男,湖北省,宜昌市,P1002,iPhone 15 Pro,手机,6999,1,6999,微信支付,已发货,无退款
ORD2025004287,2025-10-27 18:11:13,U00985,女,湖北省,武汉市,P2002,华为 FreeBuds,数码配件,999,1,999,支付宝,已取消,无退款
ORD2025000829,2025-09-26 06:59:28,U01661,男,江苏省,无锡市,P3004,打印机,电脑办公,899,1,899,微信支付,已完成,无退款
ORD2025001851,2025-05-21 09:02:55,U00420,男,江苏省,南京市,P3004,打印机,电脑办公,899,4,3596,微信支付,已完成,无退款
ORD2025001673,2025-06-08 23:40:45,U00060,女,浙江省,金华市,P1002,iPhone 15 Pro,手机,6999,1,6999,花呗,已完成,无退款
ORD2025003298,2025-11-10 08:54:29,U01181,女,河南省,洛阳市,P1005,荣耀 Magic7,手机,4499,2,8998,微信支付,已完成,无退款
ORD2025001961,2025-09-25 11:02:34,U00048,男,浙江省,宁波市,P3003,机械革命游戏本,电脑办公,6299,1,6299,支付宝,退款中,退款中
ORD2025003965,2025-02-21 14:37:12,U01551,男,四川省,德阳市,P2002,华为 FreeBuds,数码配件,999,3,2997,微信支付,已发货,无退款
ORD2025000513,2025-04-10 08:50:51,U01075,男,四川省,绵阳市,P5002,蒙牛纯牛奶,食品饮料,69,2,138,支付宝,已完成,无退款
ORD2025003076,2025-03-12 11:26:54,U00122,男,浙江省,宁波市,P1003,华为 Mate 70,手机,5499,2,10998,花呗,已完成,无退款
ORD2025004761,2025-11-27 20:34:53,U01350,女,陕西省,西安市,P4001,耐克运动鞋,服饰鞋包,599,1,599,花呗,已完成,无退款
ORD2025000557,2025-12-26 19:18:56,U00489,女,山东省,烟台市,P2005,机械键盘,电脑配件,399,1,399,支付宝,已取消,无退款
ORD2025004644,2025-05-27 00:54:10,U00635,女,浙江省,温州市,P1001,iPhone 15,手机,4999,3,14997,支付宝,已完成,无退款
ORD2025001352,2025-10-23 00:12:22,U01249,女,广东省,东莞市,P1003,华为 Mate 70,手机,5499,2,10998,微信支付,已完成,无退款
ORD2025002673,2025-07-31 06:10:33,U01004,女,江苏省,苏州市,P4002,阿迪达斯卫衣,服饰鞋包,399,1,399,花呗,已完成,无退款
ORD2025000206,2025-04-23 05:17:33,U01713,女,北京市,北京市,P2004,罗技 MX Master 3S,电脑配件,699,1,699,支付宝,已完成,无退款
ORD2025002450,2025-11-18 04:18:15,U01760,男,四川省,绵阳市,P3004,打印机,电脑办公,899,4,3596,微信支付,已取消,无退款
ORD2025002474,2025-12-21 23:57:14,U00726,男,陕西省,宝鸡市,P1003,华为 Mate 70,手机,5499,1,5499,支付宝,已发货,无退款
ORD2025001034,2025-06-10 15:22:37,U00821,男,江苏省,常州市,P1001,iPhone 15,手机,4999,2,9998,微信支付,已完成,无退款
ORD2025003762,2025-08-08 08:21:08,U01195,女,湖北省,襄阳市,P3004,打印机,电脑办公,899,3,2697,花呗,已完成,无退款
ORD2025001221,2025-05-12 17:02:51,U00765,女,上海市,上海市,P1005,荣耀 Magic7,手机,4499,1,4499,微信支付,已完成,无退款
ORD2025001279,2025-08-03 03:52:00,U00102,男,上海市,上海市,P4002,阿迪达斯卫衣,服饰鞋包,399,2,798,支付宝,退款中,退款中
ORD2025001970,2025-09-06 12:43:15,U01575,女,山东省,济南市,P1004,小米 15,手机,3999,1,3999,花呗,已完成,无退款
ORD2025003035,2025-08-20 15:16:25,U01156,女,湖北省,武汉市,P5001,雀巢咖啡,食品饮料,89,4,356,花呗,已取消,无退款
ORD2025000264,2025-08-21 09:45:50,U00123,男,山东省,青岛市,P4002,阿迪达斯卫衣,服饰鞋包,399,2,798,银行卡,已完成,无退款
ORD2025002963,2025-02-22 13:27:33,U01223,女,陕西省,西安市,P1005,荣耀 Magic7,手机,4499,2,8998,花呗,待付款,无退款
ORD2025001552,2025-09-09 01:49:08,U00887,女,湖北省,襄阳市,P4003,优衣库羽绒服,服饰鞋包,799,1,799,花呗,已发货,无退款
ORD2025003205,2025-07-06 05:16:27,U01669,男,上海市,上海市,P4001,耐克运动鞋,服饰鞋包,599,2,1198,支付宝,已完成,无退款
ORD2025004664,2025-12-21 19:58:14,U01047,女,北京市,北京市,P2004,罗技 MX Master 3S,电脑配件,699,1,699,银行卡,已完成,无退款
ORD2025004228,2025-12-30 23:55:00,U00875,女,湖北省,宜昌市,P5003,三只松鼠坚果,食品饮料,59,2,118,微信支付,已完成,无退款
ORD2025000840,2025-05-18 14:28:18,U00647,男,湖北省,武汉市,P1004,小米 15,手机,3999,1,3999,花呗,已完成,无退款
ORD2025002568,2025-04-13 19:23:11,U00698,女,山东省,青岛市,P1004,小米 15,手机,3999,1,3999,支付宝,已完成,无退款
ORD2025002817,2025-10-29 12:06:28,U01532,女,北京市,北京市,P3001,戴尔 27英寸显示器,电脑办公,1499,3,4497,微信支付,已发货,无退款
ORD2025004812,2025-01-17 10:09:26,U00001,男,江苏省,苏州市,P1005,荣耀 Magic7,手机,4499,3,13497,银行卡,已完成,无退款
ORD2025002881,2025-10-16 16:52:14,U00674,男,四川省,成都市,P3003,机械革命游戏本,电脑办公,6299,3,18897,支付宝,已取消,无退款
ORD2025000549,2025-05-30 17:36:51,U00307,男,广东省,广州市,P4002,阿迪达斯卫衣,服饰鞋包,399,1,399,支付宝,已完成,无退款
ORD2025003626,2025-08-06 17:59:25,U00822,男,江苏省,常州市,P3001,戴尔 27英寸显示器,电脑办公,1499,3,4497,花呗,已完成,无退款
ORD2025000470,2025-08-20 23:27:19,U00615,男,山东省,青岛市,P1004,小米 15,手机,3999,2,7998,花呗,已完成,无退款
ORD2025003273,2025-08-13 03:01:45,U01623,女,浙江省,金华市,P2002,华为 FreeBuds,数码配件,999,2,1998,银行卡,已发货,无退款
ORD2025003766,2025-07-27 16:26:43,U00195,女,陕西省,宝鸡市,P1004,小米 15,手机,3999,1,3999,微信支付,已完成,无退款
ORD2025002676,2025-11-18 09:45:37,U01740,男,江苏省,无锡市,P4001,耐克运动鞋,服饰鞋包,599,3,1797,银行卡,已取消,无退款
ORD2025000672,2025-06-17 02:54:46,U01566,女,江苏省,无锡市,P3003,机械革命游戏本,电脑办公,6299,2,12598,微信支付,已完成,无退款
ORD2025003459,2025-04-03 22:54:46,U01517,女,浙江省,杭州市,P2004,罗技 MX Master 3S,电脑配件,699,1,699,微信支付,已完成,无退款
ORD2025002187,2025-02-22 12:26:41,U00796,女,上海市,上海市,P2004,罗技 MX Master 3S,电脑配件,699,2,1398,支付宝,已发货,无退款
ORD2025002793,2025-04-08 20:42:05,U00365,女,北京市,北京市,P3002,联想小新笔记本,电脑办公,4999,1,4999,银行卡,已完成,无退款
ORD2025002688,2025-06-05 09:31:11,U00151,女,上海市,上海市,P2003,小米手环 9,数码配件,299,1,299,银行卡,已完成,无退款
ORD2025004952,2025-05-20 17:45:09,U01650,男,浙江省,金华市,P3002,联想小新笔记本,电脑办公,4999,2,9998,支付宝,已完成,无退款
ORD2025001133,2025-01-18 16:48:31,U01705,女,四川省,德阳市,P2005,机械键盘,电脑配件,399,2,798,微信支付,已完成,无退款
ORD2025000347,2025-03-29 20:19:24,U01410,女,广东省,东莞市,P1001,iPhone 15,手机,4999,1,4999,支付宝,已完成,无退款
ORD2025000211,2025-03-23 01:32:45,U00447,男,陕西省,宝鸡市,P3001,戴尔 27英寸显示器,电脑办公,1499,1,1499,银行卡,已完成,无退款
ORD2025002249,2025-02-11 03:01:02,U01325,男,河南省,南阳市,P1004,小米 15,手机,3999,1,3999,微信支付,已完成,无退款
ORD2025003854,2025-08-17 01:55:50,U00311,女,湖北省,武汉市,P5002,蒙牛纯牛奶,食品饮料,69,1,69,支付宝,已完成,无退款
ORD2025002986,2025-09-25 00:50:12,U00543,男,上海市,上海市,P2004,罗技 MX Master 3S,电脑配件,699,1,699,花呗,已发货,无退款
ORD2025002440,2025-07-15 01:36:57,U01038,女,陕西省,宝鸡市,P4001,耐克运动鞋,服饰鞋包,599,1,599,微信支付,已完成,无退款
ORD2025000139,2025-04-29 03:52:35,U00574,男,山东省,烟台市,P1004,小米 15,手机,3999,1,3999,支付宝,已发货,无退款
ORD2025001558,2025-02-27 15:14:21,U00222,女,上海市,上海市,P4001,耐克运动鞋,服饰鞋包,599,1,599,支付宝,已完成,未知
ORD2025000830,2025-01-02 11:07:53,U01258,女,四川省,德阳市,P5002,蒙牛纯牛奶,食品饮料,69,1,69,花呗,已完成,无退款
ORD2025003020,2025-08-25 20:31:43,U01611,女,上海市,上海市,P2001,AirPods Pro 2,数码配件,1899,1,1899,花呗,已完成,无退款
ORD2025003170,2025-05-31 05:19:04,U00525,男,河南省,郑州市,P4003,优衣库羽绒服,服饰鞋包,799,1,799,支付宝,已发货,无退款
ORD2025003093,2025-01-30 15:31:14,U00606,未知,广东省,广州市,P5003,三只松鼠坚果,食品饮料,59,3,177,微信支付,已完成,无退款
ORD2025000950,2025-10-03 01:03:43,U01014,女,北京市,北京市,P2002,华为 FreeBuds,数码配件,999,1,999,微信支付,已发货,无退款
ORD2025002792,2025-04-14 03:01:40,U01109,女,四川省,成都市,P4001,耐克运动鞋,服饰鞋包,599,2,1198,银行卡,已完成,无退款
ORD2025004767,2025-02-16 15:30:48,U00464,男,浙江省,温州市,P4001,耐克运动鞋,服饰鞋包,599,2,1198,花呗,已完成,无退款
ORD2025003065,2025-01-11 09:32:54,U00816,男,江苏省,无锡市,P2001,AirPods Pro 2,数码配件,1899,2,3798,花呗,已完成,已退款
ORD2025000993,2025-01-07 17:42:04,U00526,女,北京市,北京市,P2002,华为 FreeBuds,数码配件,999,3,2997,花呗,已完成,无退款
ORD2025001357,2025-05-24 11:50:12,U01515,男,广东省,佛山市,P2004,罗技 MX Master 3S,电脑配件,699,1,699,支付宝,已完成,无退款
ORD2025003415,2025-10-25 22:23:21,U00517,女,湖北省,宜昌市,P2003,小米手环 9,数码配件,299,3,897,微信支付,已完成,无退款
ORD2025004911,2025-05-01 07:29:43,U00776,男,四川省,绵阳市,P3001,戴尔 27英寸显示器,电脑办公,1499,1,1499,银行卡,已完成,无退款
ORD2025003203,2025-10-19 06:27:03,U00379,男,四川省,德阳市,P1001,iPhone 15,手机,4999,1,4999,银行卡,已完成,无退款
ORD2025000424,2025-04-12 06:49:37,U01276,男,北京市,北京市,P5003,三只松鼠坚果,食品饮料,59,3,177,微信支付,已完成,无退款
ORD2025001582,2025-12-15 09:45:43,U01089,男,陕西省,咸阳市,P2004,罗技 MX Master 3S,电脑配件,699,2,1398,微信支付,已完成,无退款
ORD2025004349,2025-07-01 19:57:19,U00231,女,湖北省,武汉市,P1004,小米 15,手机,3999,1,3999,支付宝,已完成,无退款
ORD2025003531,2025-08-13 11:49:22,U00683,男,浙江省,杭州市,P3002,联想小新笔记本,电脑办公,4999,1,4999,花呗,已完成,已退款
ORD2025003817,2025-07-03 11:50:29,U01705,男,四川省,德阳市,P5002,蒙牛纯牛奶,食品饮料,69,1,69,微信支付,已发货,无退款
ORD2025004728,2025-03-26 09:33:06,U00776,男,广东省,深圳市,P3002,联想小新笔记本,电脑办公,4999,1,4999,支付宝,已取消,无退款
ORD2025001736,2025-09-01 15:45:42,U01049,男,北京市,北京市,P3004,打印机,电脑办公,899,1,899,支付宝,已完成,无退款
ORD2025004747,2025-12-19 07:22:59,U01537,男,湖北省,襄阳市,P4001,耐克运动鞋,服饰鞋包,599,3,1797,花呗,已发货,无退款
ORD2025004400,2025-05-19 05:33:05,U00837,男,江苏省,苏州市,P2003,小米手环 9,数码配件,299,5,1495,微信支付,已完成,无退款
ORD2025002416,2025-07-07 20:24:21,U01035,男,江苏省,常州市,P1002,iPhone 15 Pro,手机,6999,1,6999,银行卡,已完成,无退款
ORD2025002404,2025-05-11 05:04:30,U00138,女,北京市,北京市,P5003,三只松鼠坚果,食品饮料,59,2,118,银行卡,已完成,无退款
ORD2025000679,2025-05-31 18:31:54,U00239,女,四川省,绵阳市,P5002,蒙牛纯牛奶,食品饮料,69,3,207,花呗,已完成,无退款
ORD2025000988,2025-09-19 10:36:41,U00669,女,浙江省,温州市,P2002,华为 FreeBuds,数码配件,999,1,999,支付宝,已完成,无退款
ORD2025002635,2025-02-23 06:42:21,U00836,男,上海市,上海市,P1001,iPhone 15,手机,4999,2,9998,微信支付,已完成,无退款
ORD2025001416,2025-11-21 09:13:40,U00297,女,湖北省,宜昌市,P2003,小米手环 9,数码配件,299,1,299,支付宝,已完成,无退款
ORD2025001241,2025-02-05 21:02:03,U00828,男,北京市,北京市,P5002,蒙牛纯牛奶,食品饮料,69,1,69,银行卡,已完成,无退款
ORD2025002878,2025-07-17 16:31:30,U01027,女,浙江省,金华市,P4003,优衣库羽绒服,服饰鞋包,799,1,799,银行卡,已取消,无退款
ORD2025000342,2025-06-16 01:11:17,U01719,男,北京市,北京市,P5003,三只松鼠坚果,食品饮料,59,1,59,花呗,已完成,无退款
ORD2025002444,2025-05-13 12:52:54,U00082,女,江苏省,无锡市,P5003,三只松鼠坚果,食品饮料,59,1,59,支付宝,已完成,无退款
ORD2025002481,2025-11-03 18:12:59,U00705,女,山东省,济南市,P5002,蒙牛纯牛奶,食品饮料,69,1,69,银行卡,已发货,无退款
ORD2025004677,2025-04-03 19:07:10,U01611,男,浙江省,宁波市,P3002,联想小新笔记本,电脑办公,4999,1,4999,支付宝,已完成,无退款
ORD2025000609,2025-05-08 04:13:29,U00874,女,山东省,青岛市,P5003,三只松鼠坚果,食品饮料,59,4,236,花呗,已完成,无退款
ORD2025001079,2025-02-16 06:32:01,U00751,女,四川省,德阳市,P1002,iPhone 15 Pro,手机,6999,1,6999,花呗,已完成,无退款
ORD2025004668,2025-04-07 11:55:43,U00841,女,河南省,洛阳市,P5003,三只松鼠坚果,食品饮料,59,3,177,支付宝,已发货,无退款
ORD2025000612,2025-07-07 15:46:40,U00194,男,四川省,德阳市,P2005,机械键盘,电脑配件,399,2,798,微信支付,已发货,无退款
ORD2025002550,2025-06-09 03:49:00,U01020,女,江苏省,苏州市,P5002,蒙牛纯牛奶,食品饮料,69,1,69,微信支付,已完成,无退款
ORD2025002664,2025-05-27 23:43:32,U00606,男,广东省,佛山市,P3003,机械革命游戏本,电脑办公,6299,1,6299,微信支付,已完成,无退款
ORD2025003802,2025-09-12 12:18:09,U00615,男,山东省,济南市,P5003,三只松鼠坚果,食品饮料,59,1,59,微信支付,已完成,无退款
ORD2025004303,2025-07-02 13:38:07,U00711,女,山东省,烟台市,P3004,打印机,电脑办公,899,1,899,银行卡支付,已发货,无退款
ORD2025001329,2025-09-24 03:01:26,U00279,女,山东省,济南市,P2003,小米手环 9,数码配件,299,1,299,花呗,退款中,退款中
ORD2025000520,2025-05-03 11:56:45,U00292,女,江苏省,南京市,P2003,小米手环 9,数码配件,299,2,598,支付宝,已取消,无退款
ORD2025002212,2025-12-17 12:51:40,U00071,男,江苏省,无锡市,P5001,雀巢咖啡,食品饮料,89,1,89,微信支付,已完成,无退款
ORD2025000454,2025-02-07 14:30:13,U01621,男,湖北省,武汉市,P2001,AirPods Pro 2,数码配件,1899,3,5697,支付宝,已完成,无退款
ORD2025004944,2025-12-06 15:23:57,U01164,女,河南省,郑州市,P3003,机械革命游戏本,电脑办公,6299,1,6299,微信支付,已完成,无退款
ORD2025000917,2025-04-12 16:27:16,U01559,女,广东省,佛山市,P5002,蒙牛纯牛奶,食品饮料,69,1,69,花呗,已完成,无退款
ORD2025003143,2025-10-21 21:55:33,U00480,女,上海市,上海市,P2002,华为 FreeBuds,数码配件,999,1,999,银行卡,已完成,无退款
ORD2025002819,2025-05-21 12:54:04,U00721,男,湖北省,襄阳市,P5001,雀巢咖啡,食品饮料,89,1,89,花呗,已取消,无退款
ORD2025002930,2025-02-24 14:40:19,U00882,男,上海市,上海市,P3001,戴尔 27英寸显示器,电脑办公,1499,1,1499,花呗,已完成,无退款
ORD2025004223,2025-11-25 23:52:43,U01076,男,陕西省,宝鸡市,P2001,AirPods Pro 2,数码配件,1899,2,3798,支付宝,已完成,无退款
ORD2025003853,2025-11-08 23:38:40,U00008,男,河南省,南阳市,P3002,联想小新笔记本,电脑办公,4999,1,4999,花呗,已完成,已退款
ORD2025003416,2025-07-01 17:01:20,U00252,男,山东省,烟台市,P4003,优衣库羽绒服,服饰鞋包,799,1,799,银行卡,已完成,无退款
ORD2025004364,2025-11-23 15:20:45,U01022,男,北京市,北京市,P2001,AirPods Pro 2,数码配件,1899,2,3798,银行卡,已完成,无退款
ORD2025003169,2025-05-13 22:23:57,U00824,男,江苏省,无锡市,P5003,三只松鼠坚果,食品饮料,59,3,177,花呗,已完成,无退款
ORD2025000925,2025-05-19 19:25:21,U00528,男,浙江省,杭州市,P5001,雀巢咖啡,食品饮料,89,1,89,银行卡,已完成,无退款
ORD2025000313,2025-12-27 12:12:01,U00361,女,山东省,青岛市,P4002,阿迪达斯卫衣,服饰鞋包,399,1,399,微信支付,已完成,无退款
ORD2025003261,2025-06-10 08:59:28,U01642,男,湖北省,宜昌市,P2002,华为 FreeBuds,数码配件,999,1,999,微信支付,已发货,无退款
ORD2025003864,2025-12-07 16:53:06,U00828,男,河南省,南阳市,P4001,耐克运动鞋,服饰鞋包,599,1,599,支付宝,已完成,无退款
ORD2025003418,2025-07-28 06:41:05,U00411,男,浙江省,金华市,P3004,打印机,电脑办公,899,1,899,支付宝,已完成,无退款
ORD2025004058,2025-05-23 22:03:21,U00656,男,山东省,济南市,P5003,三只松鼠坚果,食品饮料,59,1,59,银行卡,已完成,无退款
ORD2025003515,2025-09-27 06:38:57,U00914,女,江苏省,南京市,P2002,华为 FreeBuds,数码配件,999,2,1998,银行卡,已完成,无退款
ORD2025002309,2025-05-29 17:51:54,U00351,男,上海市,上海市,P4002,阿迪达斯卫衣,服饰鞋包,399,1,399,银行卡,已完成,无退款
ORD2025000465,2025-06-12 08:57:31,U00178,男,湖北省,襄阳市,P1003,华为 Mate 70,手机,5499,2,10998,花呗,已完成,无退款
ORD2025000361,2025-12-04 07:14:37,U00027,男,广东省,广州市,P4001,耐克运动鞋,服饰鞋包,599,2,1198,银行卡,已完成,无退款
ORD2025000753,2025-12-27 21:12:06,U00916,女,广东省,深圳市,P5001,雀巢咖啡,食品饮料,89,1,89,花呗,已完成,无退款
ORD2025003580,2025-01-14 12:57:27,U00008,男,陕西省,咸阳市,P1001,iPhone 15,手机,4999,1,4999,花呗,已完成,无退款
ORD2025002884,2025-12-14 03:09:40,U00026,男,山东省,烟台市,P2005,机械键盘,电脑配件,399,1,399,微信支付,已完成,无退款
ORD2025004120,2025-07-12 22:31:57,U00088,女,上海市,上海市,P2005,机械键盘,电脑配件,399,-1,399,花呗,已完成,无退款
ORD2025004867,2025-10-17 14:49:00,U01380,男,北京市,北京市,P1005,荣耀 Magic7,手机,4499,2,8998,花呗,待付款,无退款
ORD2025002114,2025-11-15 02:39:25,U00593,女,陕西省,咸阳市,P3004,打印机,电脑办公,899,2,1798,微信支付,已完成,无退款
ORD2025001420,2025-09-07 23:06:35,U00704,女,湖北省,襄阳市,P3003,机械革命游戏本,电脑办公,6299,1,6299,银行卡,已完成,无退款
ORD2025004695,2025-05-22 15:34:41,U01456,女,北京市,北京市,P1004,小米 15,手机,3999,2,7998,微信支付,已完成,无退款
ORD2025003641,2025-04-30 22:58:38,U00570,女,湖北省,武汉市,P3002,联想小新笔记本,电脑办公,4999,1,4999,支付宝,已发货,无退款
ORD2025004621,2025-03-02 04:42:29,U00584,女,广东省,广州市,P3004,打印机,电脑办公,899,1,899,微信支付,已发货,无退款
ORD2025002042,2025-11-06 10:56:15,U00157,男,陕西省,西安市,P2004,罗技 MX Master 3S,电脑配件,699,1,699,支付宝,已取消,无退款
ORD2025000855,2025-06-07 12:36:55,U01506,男,湖北省,武汉市,P4001,耐克运动鞋,服饰鞋包,599,1,599,支付宝,已取消,无退款
ORD2025004248,2025-10-04 11:45:25,U00412,女,山东省,烟台市,P3001,戴尔 27英寸显示器,电脑办公,1499,1,1499,花呗,已完成,无退款
ORD2025004539,2025-11-09 10:26:55,U01377,男,湖北省,宜昌市,P1005,荣耀 Magic7,手机,4499,1,4499,微信支付,已完成,无退款
ORD2025000134,2025-11-24 06:11:31,U01691,女,湖北省,武汉市,P2005,机械键盘,电脑配件,399,2,798,银行卡,已完成,无退款
ORD2025003016,2025-12-12 22:01:01,U00229,女,浙江省,温州市,P2003,小米手环 9,数码配件,299,2,598,微信支付,已完成,无退款
ORD2025003590,2025-02-13 00:31:35,U01180,女,北京市,北京市,P2002,华为 FreeBuds,数码配件,999,2,1998,微信支付,已完成,无退款
ORD2025003197,2025-07-07 19:33:43,U01104,男,北京市,北京市,P3003,机械革命游戏本,电脑办公,6299,1,6299,微信支付,退款中,退款中
ORD2025001095,2025-09-10 08:14:09,U00514,男,上海市,上海市,P1003,华为 Mate 70,手机,5499,1,5499,花呗,已完成,无退款
ORD2025001308,2025-10-31 12:49:16,U00685,男,河南省,郑州市,P5003,三只松鼠坚果,食品饮料,59,1,59,支付宝,已完成,已退款
ORD2025003447,2025-01-19 08:16:22,U00130,女,上海市,上海市,P3002,联想小新笔记本,电脑办公,4999,2,9998,银行卡,已完成,无退款
ORD2025002290,2025-06-06 22:14:26,U00828,女,广东省,东莞市,P3001,戴尔 27英寸显示器,电脑办公,1499,1,1499,银行卡,已完成,无退款
ORD2025004580,2025-07-25 16:29:25,U01731,男,上海市,上海市,P3003,机械革命游戏本,电脑办公,6299,2,12598,微信支付,已发货,无退款
ORD2025000594,2025-04-24 02:32:23,U00454,男,河南省,洛阳市,P3002,联想小新笔记本,电脑办公,4999,1,4999,花呗,已完成,无退款
ORD2025002888,2025-10-17 08:41:32,U00410,男,河南省,洛阳市,P3002,联想小新笔记本,电脑办公,4999,1,4999,微信支付,已完成,无退款
ORD2025004225,2025-12-27 06:00:14,U01152,女,河南省,郑州市,P2003,小米手环 9,数码配件,299,1,299,支付宝,已完成,无退款
ORD2025004564,2025-09-08 15:35:05,U01561,男,北京市,北京市,P5002,蒙牛纯牛奶,食品饮料,69,1,69,支付宝,已完成,无退款
ORD2025000065,2025-01-08 07:34:31,U01619,男,上海市,上海市,P2001,AirPods Pro 2,数码配件,1899,2,3798,花呗,已完成,无退款
ORD2025004609,2025-08-12 17:20:51,U00593,女,四川省,成都市,P5003,三只松鼠坚果,食品饮料,59,3,177,微信支付,已完成,无退款
ORD2025000338,2025-04-02 22:56:03,U01416,女,上海市,上海市,P1001,iPhone 15,手机,4999,1,4999,花呗,已完成,无退款
ORD2025002113,2025-10-21 18:09:48,U00792,女,上海市,上海市,P4002,阿迪达斯卫衣,服饰鞋包,399,4,1596,支付宝,已完成,无退款
ORD2025004519,2025-12-18 05:27:35,U00651,男,广东省,东莞市,P2004,罗技 MX Master 3S,电脑配件,699,1,699,花呗,已发货,无退款
ORD2025000751,2025-05-06 06:06:43,U01167,男,山东省,青岛市,P5001,雀巢咖啡,食品饮料,89,1,89,支付宝,已完成,无退款
ORD2025001154,2025-05-31 23:01:01,U00100,男,湖北省,武汉市,P5001,雀巢咖啡,食品饮料,89,1,89,支付宝,已完成,无退款
ORD2025004827,2025-07-08 00:32:59,U01580,女,浙江省,温州市,P1002,iPhone 15 Pro,手机,6999,1,6999,银行卡,已完成,无退款
ORD2025004126,2025-07-26 01:07:37,U00829,男,浙江省,金华市,P3003,机械革命游戏本,电脑办公,6299,1,6299,银行卡,已完成,无退款
ORD2025004069,2025-11-20 02:47:47,U00525,男,山东省,济南市,P1003,华为 Mate 70,手机,5499,2,10998,支付宝,已完成,无退款
ORD2025003751,2025-05-15 03:21:38,U01148,男,湖北省,襄阳市,P5003,三只松鼠坚果,食品饮料,59,1,59,银行卡,已完成,无退款
ORD2025002126,2025-10-20 16:02:00,U01798,男,广东省,佛山市,P2002,华为 FreeBuds,数码配件,999,1,999,微信支付,已完成,无退款
ORD2025004844,2025-01-13 02:03:42,U00597,女,四川省,成都市,P4003,优衣库羽绒服,服饰鞋包,799,1,799,支付宝,已完成,无退款
ORD2025003957,2025-07-21 05:15:31,U00160,男,广东省,佛山市,P5003,三只松鼠坚果,食品饮料,59,2,118,花呗,已完成,无退款
ORD2025001880,2025-04-11 17:02:47,U01455,女,湖北省,宜昌市,P4002,阿迪达斯卫衣,服饰鞋包,399,3,1197,银行卡,已完成,无退款
ORD2025002121,2025-12-04 23:56:39,U01321,男,山东省,烟台市,P4002,阿迪达斯卫衣,服饰鞋包,399,2,798,花呗,已完成,无退款
ORD2025004037,2025-08-15 00:57:36,U00745,男,上海市,上海市,P2003,小米手环 9,数码配件,299,1,299,花呗,已完成,无退款
ORD2025004247,2025-01-20 05:58:24,U00853,女,陕西省,咸阳市,P3003,机械革命游戏本,电脑办公,6299,2,12598,银行卡,已完成,无退款
ORD2025004187,2025-03-24 03:35:39,U00300,女,江苏省,南京市,P5003,三只松鼠坚果,食品饮料,59,1,59,支付宝,已完成,无退款
ORD2025001628,2025-09-08 11:13:09,U00607,女,北京市,北京市,P5002,蒙牛纯牛奶,食品饮料,69,1,69,花呗,已完成,无退款
ORD2025001704,2025-03-17 10:24:46,U00171,男,陕西省,宝鸡市,,罗技 MX Master 3S,电脑配件,,2,1398,花呗,未知,无退款
ORD2025000550,2025-09-02 02:23:18,U00123,男,四川省,绵阳市,P2004,罗技 MX Master 3S,电脑配件,699,3,2097,花呗,已发货,无退款
ORD2025001891,2025-08-10 03:44:43,U01737,男,陕西省,西安市,P3003,机械革命游戏本,电脑办公,6299,2,12598,花呗,待付款,无退款
ORD2025000188,2025-08-29 12:10:51,U01002,男,北京市,北京市,P1003,华为 Mate 70,手机,5499,1,5499,银行卡,已完成,无退款
ORD2025002338,2025-01-09 00:23:37,U00780,女,广东省,广州市,P2001,AirPods Pro 2,数码配件,1899,2,3798,银行卡,已取消,无退款
ORD2025003913,2025-06-02 14:18:32,U00278,男,河南省,郑州市,P4002,阿迪达斯卫衣,服饰鞋包,399,1,399,支付宝,已发货,无退款
ORD2025004590,2025-09-01 18:28:21,U01210,男,北京市,北京市,P2001,AirPods Pro 2,数码配件,1899,1,1899,花呗,已完成,无退款
ORD2025000899,2025-01-19 06:48:27,U01106,男,河南省,南阳市,P1003,华为 Mate 70,手机,5499,3,16497,花呗,已完成,无退款
ORD2025000252,2025-08-29 01:25:32,U00872,男,广东省,深圳市,P3004,打印机,电脑办公,899,1,899,支付宝,待付款,无退款
ORD2025003268,2025-06-16 02:45:16,U01619,女,山东省,青岛市,P3001,戴尔 27英寸显示器,电脑办公,1499,1,1499,支付宝,已完成,无退款
ORD2025004960,2025-08-14 22:40:32,U01426,女,浙江省,温州市,P3003,机械革命游戏本,电脑办公,6299,2,12598,银行卡,已完成,无退款
ORD2025001708,2025-01-22 10:15:25,U00494,男,湖北省,襄阳市,P1001,iPhone 15,手机,4999,1,4999,微信支付,已完成,无退款
ORD2025004075,2025-04-20 21:45:27,U01783,男,江苏省,常州市,P3002,联想小新笔记本,电脑办公,4999,-1,4999,支付宝,已发货,无退款
ORD2025000692,2025-04-03 08:57:53,U01010,女,江苏省,常州市,P4002,阿迪达斯卫衣,服饰鞋包,399,3,1197,微信支付,已完成,无退款
ORD2025004442,2025-10-15 10:15:58,U00585,男,广东省,东莞市,P3002,联想小新笔记本,电脑办公,4999,2,9998,花呗,已完成,无退款
ORD2025004382,2025-04-28 00:22:04,U00395,男,广东省,广州市,P1003,华为 Mate 70,手机,5499,2,10998,微信支付,已完成,无退款
ORD2025000301,2025-11-18 11:29:09,U01200,女,陕西省,宝鸡市,P2003,小米手环 9,数码配件,299,1,299,银行卡,已完成,无退款
ORD2025004603,2025-04-13 17:27:14,U00445,女,江苏省,苏州市,P2003,小米手环 9,数码配件,299,1,299,银行卡,已完成,无退款
ORD2025000584,2025-02-26 16:34:57,U00518,女,北京市,北京市,P3003,机械革命游戏本,电脑办公,6299,1,6299,支付宝,待付款,无退款
ORD2025004879,2025-08-19 19:27:41,U01135,女,四川省,德阳市,P2002,华为 FreeBuds,数码配件,999,1,999,微信支付,已发货,无退款
ORD2025000956,2025-07-16 13:58:38,U01665,男,广东省,佛山市,P2005,机械键盘,电脑配件,399,1,399,微信支付,已完成,无退款
ORD2025000418,2025-08-20 05:12:00,U00302,男,山东省,烟台市,P1002,iPhone 15 Pro,手机,6999,1,6999,微信支付,已发货,无退款
ORD2025003559,2025-01-15 08:47:57,U00297,女,上海市,上海市,P4003,优衣库羽绒服,服饰鞋包,799,1,799,支付宝,已取消,无退款
ORD2025000689,2025-09-05 23:18:00,U01682,男,北京市,北京市,P4003,优衣库羽绒服,服饰鞋包,799,2,1598,支付宝,已完成,无退款
ORD2025003112,2025-09-01 16:13:53,U00100,女,陕西省,咸阳市,P3003,机械革命游戏本,电脑办公,6299,1,6299,微信支付,待付款,无退款
ORD2025002005,2025-11-08 19:26:37,U01326,男,浙江省,杭州市,P4001,耐克运动鞋,服饰鞋包,599,2,1198,支付宝,已完成,无退款
ORD2025002832,2025-12-30 07:08:30,U00669,男,北京市,北京市,P2004,罗技 MX Master 3S,电脑配件,699,4,2796,微信支付,已完成,无退款
ORD2025001609,2025-10-25 07:27:46,U00393,女,江苏省,无锡市,P3004,打印机,电脑办公,899,1,899,微信支付,已完成,已退款
ORD2025003038,2025-03-30 09:31:34,U01329,男,广东省,广州市,P4001,耐克运动鞋,服饰鞋包,599,3,1797,支付宝,待付款,无
ORD2025003002,2025-07-27 00:15:16,U00870,男,浙江省,金华市,P4003,优衣库羽绒服,服饰鞋包,799,2,1598,花呗,已取消,无退款
ORD2025000321,2025-06-28 10:22:33,U01142,男,湖北省,宜昌市,P1001,iPhone 15,手机,4999,1,4999,银行卡,已完成,无退款
ORD2025004309,2025-05-07 00:05:42,U00760,男,浙江省,温州市,P2002,华为 FreeBuds,数码配件,999,2,1998,花呗,已完成,无退款
ORD2025004318,2025-01-29 12:07:11,U01566,男,北京市,北京市,P3002,联想小新笔记本,电脑办公,4999,4,19996,银行卡,已完成,无退款
ORD2025002953,2025-09-08 20:15:15,U01467,男,河南省,南阳市,P1002,iPhone 15 Pro,手机,6999,3,20997,微信支付,已取消,无退款
ORD2025002976,2025-05-14 21:19:05,U01029,女,北京市,北京市,P3002,联想小新笔记本,电脑办公,4999,2,9998,微信支付,待付款,无退款
ORD2025003929,2025-03-30 22:37:14,U01444,男,山东省,青岛市,P2001,AirPods Pro 2,数码配件,1899,1,1899,花呗,已完成,无退款
ORD2025003477,2025-09-11 13:14:18,U00381,女,湖北省,襄阳市,P1001,iPhone 15,手机,4999,3,14997,微信支付,已完成,无退款
ORD2025003242,2025-12-03 19:10:47,U01071,女,河南省,郑州市,P4002,阿迪达斯卫衣,服饰鞋包,399,3,1197,银行卡,已完成,无退款
ORD2025003413,2025-07-01 05:41:57,U00414,男,四川省,成都市,P1003,华为 Mate 70,手机,5499,1,5499,支付宝,已完成,无退款
ORD2025001889,2025-10-16 17:22:49,U00259,女,湖北省,襄阳市,P5001,雀巢咖啡,食品饮料,89,2,178,银行卡,已取消,无退款
ORD2025004285,2025-04-26 10:51:31,U00892,男,浙江省,宁波市,P5002,蒙牛纯牛奶,食品饮料,69,1,69,微信支付,已完成,无退款
ORD2025002409,2025-12-22 22:00:19,U00054,女,陕西省,宝鸡市,P2004,罗技 MX Master 3S,电脑配件,699,1,699,银行卡,已完成,无退款
ORD2025003564,2025-04-21 14:16:35,U01083,男,湖北省,宜昌市,P4002,阿迪达斯卫衣,服饰鞋包,399,1,399,微信支付,已完成,无退款
ORD2025002751,2025-03-20 16:43:49,U00089,男,广东省,东莞市,P5003,三只松鼠坚果,食品饮料,59,1,59,微信支付,已完成,无退款
ORD2025004910,2025-07-03 19:45:13,U01648,男,湖北省,武汉市,P1001,iPhone 15,手机,4999,1,4999,花呗,已完成,无退款
ORD2025003524,2025-01-03 11:20:46,U00803,女,江苏省,常州市,P1004,小米 15,手机,3999,4,15996,支付宝,已完成,无退款
ORD2025004811,2025-10-02 20:44:19,U00145,女,山东省,烟台市,P1003,华为 Mate 70,手机,5499,3,16497,银行卡,已完成,无退款
ORD2025000841,2025-11-04 16:42:30,U00452,男,广东省,东莞市,P3002,联想小新笔记本,电脑办公,4999,2,9998,银行卡,已发货,无退款
ORD2025004913,2025-06-27 05:19:42,U01032,女,北京市,北京市,P2003,小米手环 9,数码配件,299,1,299,支付宝,已取消,无退款
ORD2025001071,2025-09-03 22:43:13,U01282,女,北京市,北京市,P2005,机械键盘,电脑配件,399,1,399,支付宝,已完成,无退款
ORD2025001473,2025-08-09 22:12:01,U00184,男,江苏省,南京市,P3004,打印机,电脑办公,899,1,899,花呗,已发货,无退款
ORD2025004802,2025-01-27 17:18:08,U00212,女,陕西省,西安市,P4003,优衣库羽绒服,服饰鞋包,799,1,799,微信支付,待付款,无退款
ORD2025002160,2025-10-09 06:29:12,U01117,男,山东省,青岛市,P2001,AirPods Pro 2,数码配件,1899,1,1899,微信支付,已完成,无退款
ORD2025001269,2025-09-11 14:02:00,U00895,女,北京市,北京市,P2005,机械键盘,电脑配件,399,2,798,微信支付,已完成,无退款
ORD2025002147,2025-03-24 06:36:10,U01611,女,山东省,济南市,P3001,戴尔 27英寸显示器,电脑办公,1499,2,2998,花呗,已完成,无退款
ORD2025002818,2025-08-31 14:14:19,U01219,男,四川省,德阳市,P4001,耐克运动鞋,服饰鞋包,599,1,599,花呗,已完成,无退款
ORD2025000486,2025-07-08 15:26:13,U00637,女,河南省,南阳市,P1005,荣耀 Magic7,手机,4499,1,4499,支付宝,已取消,已退款
ORD2025000681,2025-01-31 22:39:57,U01023,男,浙江省,温州市,P4001,耐克运动鞋,服饰鞋包,599,1,599,微信支付,已完成,无退款
ORD2025003362,2025-04-20 18:48:02,U01794,女,四川省,成都市,P2003,小米手环 9,数码配件,299,3,897,微信支付,待付款,无退款
ORD2025002225,2025-05-22 01:18:12,U00204,女,江苏省,苏州市,P4002,阿迪达斯卫衣,服饰鞋包,399,5,1995,支付宝,已取消,无退款
ORD2025003576,2025-12-09 11:10:16,U00786,男,河南省,洛阳市 ,P1005,荣耀 Magic7,手机,4499,2,8998,微信支付,已完成,无退款
ORD2025001701,2025-03-15 03:29:45,U01463,男,四川省,成都市,P2003,小米手环 9,数码配件,299,1,299,支付宝,已完成,无退款
ORD2025000606,2025-09-23 15:59:34,U01735,男,上海市,上海市,P1004,小米 15,手机,3999,1,3999,花呗,已完成,无退款
ORD2025004317,2025-04-30 06:17:04,U00356,女,山东省,烟台市,P1005,荣耀 Magic7,手机,4499,1,4499,花呗,已完成,无退款
ORD2025003290,2025-09-29 23:51:27,U00798,女,江苏省,苏州市,P1001,iPhone 15,手机,4999,2,9998,微信支付,已完成,无退款
ORD2025002242,2025-03-19 02:53:01,U01611,男,浙江省,金华市,P2004,罗技 MX Master 3S,电脑配件,699,2,1398,微信支付,已完成,无退款
ORD2025000464,2025-08-27 21:38:36,U00369,女,湖北省,宜昌市,P4003,优衣库羽绒服,服饰鞋包,799,2,1598,微信支付,已完成,已退款
ORD2025000589,2025-04-03 02:32:30,U00153,男,北京市,北京市,P1003,华为 Mate 70,手机,5499,1,5499,微信支付,已完成,无退款
ORD2025002062,2025-07-08 20:33:27,U01121,女,山东省,济南市,P5002,蒙牛纯牛奶,食品饮料,69,3,207,支付宝,已完成,无退款
ORD2025002594,2025-10-10 14:16:45,U01050,女,河南省,南阳市,P4003,优衣库羽绒服,服饰鞋包,799,2,1598,微信支付,已完成,无退款
ORD2025003506,2025-09-30 02:30:52,U01189,男,广东省,东莞市,P2004,罗技 MX Master 3S,电脑配件,699,1,699,银行卡,已发货,无退款
ORD2025004073,2025-12-10 09:56:06,U00361,女,浙江省,金华市,P3002,联想小新笔记本,电脑办公,4999,2,9998,支付宝,已发货,无退款
ORD2025001911,2025-06-25 15:48:51,U01517,男,陕西省,咸阳市,P3002,联想小新笔记本,电脑办公,4999,2,9998,花呗,已取消,无退款
ORD2025000471,2025-09-29 12:20:25,U00335,女,湖北省,宜昌市,P2004,罗技 MX Master 3S,电脑配件,699,1,699,银行卡,已完成,无退款
ORD2025000093,2025-07-14 09:04:35,U00195,女,山东省,青岛市,P1005,荣耀 Magic7,手机,4499,2,8998,花呗,已取消,无退款
ORD2025001457,2025-06-07 20:58:26,U00916,男,山东省,青岛市,P4001,耐克运动鞋,服饰鞋包,599,1,599,支付宝,已完成,无退款
ORD2025000965,2025-12-26 00:00:24,U00558,男,山东省,济南市,P3002,联想小新笔记本,电脑办公,4999,1,4999,银行卡,已完成,无退款
ORD2025001951,2025-10-11 17:28:41,U01676,男,江苏省,南京市,P5003,三只松鼠坚果,食品饮料,59,1,59,银行卡,待付款,无退款
ORD2025003275,2025-07-15 11:38:04,U00490,女,湖北省,宜昌市,P1005,荣耀 Magic7,手机,4499,1,4499,银行卡,已完成,无退款
ORD2025001257,2025-05-06 05:07:03,U00632,女,广东省,广州市,P5001,雀巢咖啡,食品饮料,89,2,178,微信支付,已完成,无退款
ORD2025000578,2025-02-15 02:50:17,U01554,男,上海市,上海市,P1004,小米 15,手机,3999,1,3999,银行卡,已完成,无退款
ORD2025003030,2025-10-22 02:16:18,U01702,女,广东省,深圳市,P1004,小米 15,手机,3999,1,3999,银行卡,已完成,无退款
ORD2025004845,2025-06-16 08:41:40,U01155,女,山东省,青岛市,P2005,机械键盘,电脑配件,399,2,798,花呗,已完成,无退款
ORD2025000325,2025-03-20 04:35:59,U00813,男,北京市,北京市,P2004,罗技 MX Master 3S,电脑配件,699,2,1398,微信支付,待付款,无退款
ORD2025001981,2025-07-15 08:27:28,U00412,男,河南省,洛阳市,P4001,耐克运动鞋,服饰鞋包,599,4,2396,银行卡,已完成,无退款
ORD2025004022,2025-02-05 05:21:43,U01788,女,江苏省,苏州市,P5001,雀巢咖啡,食品饮料,89,3,267,支付宝,已完成,无退款
ORD2025000157,2025-01-09 11:56:58,U00202,男,四川省,成都市,P5003,三只松鼠坚果,食品饮料,59,1,59,花呗,已取消,无退款
ORD2025004411,2025-05-05 15:44:44,U00490,男,湖北省,武汉市,P2001,AirPods Pro 2,数码配件,1899,2,3798,花呗,已完成,无退款
ORD2025002487,2025-08-31 00:27:56,U00566,男,广东省,广州市,P5003,三只松鼠坚果,食品饮料,59,1,59,银行卡,已完成,无退款
ORD2025000613,2025-09-02 13:27:58,U00458,男,浙江省,温州市,P1002,iPhone 15 Pro,手机,6999,3,20997,微信支付,已完成,无退款
ORD2025003047,2025-07-29 10:21:13,U00416,男,浙江省,杭州市,P4001,耐克运动鞋,服饰鞋包,599,1,599,微信支付,已完成,无退款
ORD2025001920,2025-04-19 09:52:35,U01194,女,河南省,洛阳市,P2005,机械键盘,电脑配件,399,1,399,银行卡,已完成,无退款
ORD2025001450,2025-11-08 04:02:41,U01415,女,广东省,广州市,P5001,雀巢咖啡,食品饮料,89,1,89,银行卡,已完成,无退款
ORD2025002978,2025-12-25 06:42:01,U00907,女,湖北省,宜昌市,P4001,耐克运动鞋,服饰鞋包,599,1,599,花呗,已取消,无退款
ORD2025001989,2025-08-15 02:15:48,U00289,男,陕西省,咸阳市,P3003,机械革命游戏本,电脑办公,6299,3,18897,支付宝,已完成,无退款
ORD2025002821,2025-08-16 17:21:22,U00303,男,上海市,上海市,P5003,三只松鼠坚果,食品饮料,59,2,118,支付宝,已完成,无退款
ORD2025001926,2025-06-05 01:31:42,U01376,女,山东省,青岛市,P1001,iPhone 15,手机,4999,2,9998,银行卡,已取消,无退款
ORD2025001398,2025-01-30 11:18:51,U01246,男,四川省,绵阳市,P1001,iPhone 15,手机,4999,1,4999,银行卡,已完成,无退款
ORD2025001122,2025-06-09 13:30:14,U01528,女,陕西省,咸阳市,P1003,华为 Mate 70,手机,5499,2,10998,微信支付,已完成,无退款
ORD2025003238,2025-11-23 02:16:23,U00253,男,湖北省,武汉市,P4001,耐克运动鞋,服饰鞋包,599,1,599,花呗,已完成,无退款
ORD2025002090,2025-11-19 04:57:07,U00678,男,北京市,北京市,P2001,AirPods Pro 2,数码配件,1899,1,1899,支付宝,已完成,无退款
ORD2025001393,2025-09-10 16:19:19,U00930,女,江苏省,常州市,P1001,iPhone 15,手机,4999,1,4999,支付宝,已完成,无退款
ORD2025003603,2025-10-22 17:55:31,U01393,女,北京市,北京市,P1003,华为 Mate 70,手机,5499,1,5499,花呗,已发货,无退款
ORD2025003181,2025-11-11 22:04:24,U01071,女,广东省,东莞市,P3001,戴尔 27英寸显示器,电脑办公,1499,1,1499,花呗,已完成,无退款
ORD2025000599,2025-09-10 22:52:06,U01261,女,陕西省,宝鸡市,P3002,联想小新笔记本,电脑办公,4999,1,4999,支付宝,已完成,无退款
ORD2025004917,2025-03-20 02:22:30,U00135,女,广东省,广州市,P1002,iPhone 15 Pro,手机,6999,1,6999,支付宝,已完成,无退款
ORD2025000320,2025-07-19 01:18:44,U00175,女,河南省,南阳市,P2001,AirPods Pro 2,数码配件,1899,1,1899,支付宝,已完成,无退款
ORD2025004077,2025-11-12 10:39:32,U00710,女,陕西省,咸阳市,P1002,iPhone 15 Pro,手机,6999,4,27996,微信支付,已发货,无退款
ORD2025002647,2025-04-13 16:38:33,U00965,男,浙江省,金华市,P4002,阿迪达斯卫衣,服饰鞋包,399,2,798,支付宝,已完成,无退款
ORD2025000897,2025-02-07 14:35:07,U01326,女,浙江省,金华市,P1002,iPhone 15 Pro,手机,6999,1,6999,支付宝,已完成,无退款
ORD2025000128,2025-02-16 07:24:42,U00994,女,浙江省,金华市,P2002,华为 FreeBuds,数码配件,999,1,999,支付宝,已完成,无退款
ORD2025000245,2025-04-21 18:32:46,U00499,女,河南省,南阳市,P4001,耐克运动鞋,服饰鞋包,599,3,1797,微信支付,已完成,无退款
ORD2025001692,2025-08-01 02:40:52,U01349,女,浙江省,宁波市,P3001,戴尔 27英寸显示器,电脑办公,1499,1,1499,银行卡,已完成,无退款
ORD2025003013,2025-07-29 05:57:29,U00703,女,浙江省,杭州市,P3004,打印机,电脑办公,899,1,899,支付宝,已发货,无退款
ORD2025002496,2025-10-17 13:24:56,U00993,女,山东省,烟台市,P1005,荣耀 Magic7,手机,4499,1,4499,支付宝,已完成,无退款
ORD2025004512,2025-11-19 05:03:51,U00075,男,浙江省,金华市,P2001,AirPods Pro 2,数码配件,1899,1,1899,银行卡,已完成,无退款
ORD2025004927,2025-01-18 01:15:55,U01556,男,江苏省,苏州市,P3003,机械革命游戏本,电脑办公,6299,1,6299,微信支付,已发货,无退款
ORD2025003838,2025-09-18 18:32:28,U01557,女,广东省,佛山市,P3001,戴尔 27英寸显示器,电脑办公,1499,1,1499,支付宝,已完成,无退款
ORD2025003402,2025-02-19 10:33:27,U01799,男,江苏省,南京市,P1001,iPhone 15,手机,4999,1,4999,微信支付,已完成,无退款
ORD2025000924,2025-10-19 20:49:36,U00225,女,北京市,北京市,P3004,打印机,电脑办公,899,1,899,支付宝,已完成,无退款
ORD2025001796,2025-09-20 14:54:24,U00875,男,山东省,济南市,P1002,iPhone 15 Pro,手机,6999,4,27996,支付宝,已完成,无退款
ORD2025002060,2025-12-18 03:08:08,U00163,男,湖北省,襄阳市,P4003,优衣库羽绒服,服饰鞋包,799,1,799,银行卡,已完成,无退款
ORD2025001760,2025-10-10 06:21:16,U00085,男,四川省,德阳市,P1004,小米 15,手机,3999,3,11997,微信支付,已完成,无退款
ORD2025003420,2025-05-15 06:58:38,U01142,女,上海市,上海市,P4001,耐克运动鞋,服饰鞋包,599,1,599,花呗,已完成,无退款
ORD2025003045,2025-04-22 02:09:24,U00431,女,北京市,北京市,P2001,AirPods Pro 2,数码配件,1899,5,9495,支付宝,已取消,无退款
ORD2025000116,2025-02-07 00:11:39,U00763,女,陕西省,咸阳市,P1005,荣耀 Magic7,手机,4499,1,4499,花呗,已完成,无退款
ORD2025003312,2025-07-02 22:14:04,U00733,女,河南省,洛阳市,P2003,小米手环 9,数码配件,299,1,299,银行卡,已完成,无退款
ORD2025000752,2025-03-27 09:53:35,U01045,女,陕西省,西安市,P5001,雀巢咖啡,食品饮料,89,2,178,微信支付,已完成,无退款
ORD2025002698,2025-07-17 08:18:59,U01123,女,广东省,佛山市,P5003,三只松鼠坚果,食品饮料,59,1,59,花呗,已完成,无退款
ORD2025000058,2025-02-25 03:24:13,U01459,女,陕西省,咸阳市,P5002,蒙牛纯牛奶,食品饮料,69,2,138,银行卡,退款中,退款中
ORD2025003904,2025-04-30 22:36:25,U01204,女,河南省,郑州市,P3004,打印机,电脑办公,899,1,899,支付宝,已完成,无退款
ORD2025002353,2025-06-27 20:57:07,U01254,男,湖北省,宜昌市,P2004,罗技 MX Master 3S,电脑配件,699,2,1398,银行卡,已发货,无退款
ORD2025003705,2025-09-05 15:27:52,U00429,女,广东省,佛山市,P1002,iPhone 15 Pro,手机,6999,1,6999,微信支付,已完成,无退款
ORD2025003645,2025-11-19 09:29:07,U00854,男,四川省,绵阳市,P3004,打印机,电脑办公,899,1,899,花呗,已完成,无退款
ORD2025004422,2025-05-26 18:36:14,U01667,男,河南省,南阳市,P2005,机械键盘,电脑配件,399,2,798,银行卡,已完成,无退款
ORD2025004111,2025-07-18 19:26:07,U01410,女,四川省,德阳市,P2004,罗技 MX Master 3S,电脑配件,699,3,2097,微信支付,已完成,无退款
ORD2025000914,2025-07-15 20:31:21,U01498,男,江苏省,南京市,P5001,雀巢咖啡,食品饮料,89,3,267,花呗,已发货,无退款
ORD2025001732,2025-07-06 06:04:11,U01377,女,河南省,南阳市,P4001,耐克运动鞋,服饰鞋包,599,4,2396,花呗,已完成,无退款
ORD2025003744,2025-03-19 18:40:23,U01359,男,陕西省,宝鸡市,P2004,罗技 MX Master 3S,电脑配件,699,1,699,银行卡,已完成,无退款
ORD2025004193,2025-10-28 22:23:54,U00031,男,湖北省,襄阳市,P2001,AirPods Pro 2,数码配件,1899,2,3798,花呗,已完成,无退款
ORD2025003249,2025-11-07 12:12:59,U00630,女,广东省,佛山市,P4002,阿迪达斯卫衣,服饰鞋包,399,1,399,银行卡,已完成,无退款
ORD2025000772,2025-10-27 11:36:46,U01400,男,河南省,南阳市,P2004,罗技 MX Master 3S,电脑配件,699,2,1398,微信支付,已完成,无退款
ORD2025000670,2025-10-29 20:21:49,U01162,女,上海市,上海市,P1003,华为 Mate 70,手机,5499,1,5499,支付宝,已完成,无退款
ORD2025004264,2025-10-12 03:52:23,U00727,女,江苏省,苏州市,P2002,华为 FreeBuds,数码配件,999,1,999,花呗,已完成,无退款
ORD2025003513,2025-07-12 19:23:20,U00021,女,湖北省,襄阳市,P2002,华为 FreeBuds,数码配件,999,1,999,银行卡,已完成,无退款
ORD2025004325,2025-02-19 14:25:03,U00825,女,北京市,北京市,P1005,荣耀 Magic7,手机,4499,2,8998,花呗,已发货,无退款
ORD2025003317,2025-11-02 12:12:41,U01714,男,北京市,北京市,P2001,AirPods Pro 2,数码配件,1899,1,1899,银行卡,已完成,无退款
ORD2025000346,2025-12-24 09:04:18,U01764,男,上海市,上海市,P4002,阿迪达斯卫衣,服饰鞋包,399,2,798,银行卡,已完成,无退款
ORD2025004683,2025-10-27 04:42:32,U01670,男,浙江省,杭州市,P1005,荣耀 Magic7,手机,4499,1,4499,花呗,已完成,无退款
ORD2025000458,2025-05-25 00:34:20,U00717,女,陕西省,西安市,P2004,罗技 MX Master 3S,电脑配件,699,1,699,微信支付,已发货,无退款
ORD2025001368,2025-02-18 13:41:00,U00385,男,广东省,东莞市,P4001,耐克运动鞋,服饰鞋包,599,1,599,微信支付,已发货,无退款
ORD2025001437,2025-07-02 05:28:28,U01545,男,浙江省,杭州市,P1005,荣耀 Magic7,手机,4499,1,4499,银行卡,已完成,无退款
ORD2025002215,2025-04-14 11:20:10,U00071,女,江苏省,常州市,P4002,阿迪达斯卫衣,服饰鞋包,399,3,1197,银行卡,已完成,无退款
ORD2025002595,2025-09-13 07:41:57,U01687,男,江苏省,苏州市,P2004,罗技 MX Master 3S,电脑配件,699,1,699,花呗,已完成,无退款
ORD2025003532,2025-09-02 05:05:26,U00301,男,浙江省,宁波市,P4001,耐克运动鞋,服饰鞋包,599,1,599,花呗,已完成,无退款
ORD2025004184,2025-12-03 05:15:33,U00825,女,河南省,南阳市,P4002,阿迪达斯卫衣,服饰鞋包,399,1,399,微信支付,已完成,无退款
ORD2025004774,2025-04-13 20:52:48,U00048,男,浙江省,温州市,P2004,罗技 MX Master 3S,电脑配件,699,1,699,支付宝,已完成,无退款
ORD2025000646,2025-10-07 17:30:28,U01347,女,河南省,郑州市,P4001,耐克运动鞋,服饰鞋包,599,1,599,支付宝,已取消,无退款
ORD2025000372,2025-10-06 07:03:17,U01596,女,陕西省,咸阳市,P2002,华为 FreeBuds,数码配件,999,1,999,花呗,已完成,无退款
ORD2025003922,2025-07-09 19:06:18,U01054,男,江苏省,无锡市,P4001,耐克运动鞋,服饰鞋包,599,3,1797,花呗,已取消,无退款
ORD2025000583,2025-07-18 11:08:04,U00198,女,山东省,青岛市,P2005,机械键盘,电脑配件,399,1,399,银行卡,已取消,无退款
ORD2025003487,2025-07-02 21:55:32,U01501,女,浙江省,金华市,P1002,iPhone 15 Pro,手机,6999,1,6999,支付宝,已完成,无退款
ORD2025004016,2025-10-05 22:53:01,U00875,男,江苏省,苏州市,P1004,小米 15,手机,3999,1,3999,银行卡,已发货,无退款
ORD2025000541,2025-01-20 02:23:05,U01404,女,江苏省,苏州市,P2001,AirPods Pro 2,数码配件,1899,2,3798,支付宝,待付款,无退款
ORD2025003159,2025-09-03 10:20:01,U00390,男,四川省,绵阳市,P4003,优衣库羽绒服,服饰鞋包,799,1,799,微信支付,已完成,无退款
ORD2025003356,2025-06-05 20:25:16,U00030,女,广东省,佛山市,P3003,机械革命游戏本,电脑办公,6299,2,12598,支付宝,已发货,无退款
ORD2025000561,2025-11-17 12:03:37,U01350,男,上海市,上海市,P1001,iPhone 15,手机,4999,1,4999,花呗,已取消,无退款
ORD2025000783,2025-11-10 02:29:02,U01401,女,广东省,广州市,P1003,华为 Mate 70,手机,5499,1,5499,银行卡,已完成,无退款
ORD2025004408,2025-10-04 02:54:12,U00969,男,江苏省,无锡市,P2005,机械键盘,电脑配件,399,2,798,银行卡,已完成,无退款
ORD2025000197,2025-02-22 08:37:57,U01550,女,上海市,上海市,P1004,小米 15,手机,3999,1,3999,银行卡,已完成,无退款
ORD2025000146,2025-12-12 12:44:15,U00693,女,山东省,烟台市,P5002,蒙牛纯牛奶,食品饮料,69,1,69,银行卡,已完成,无退款
ORD2025004284,2025-01-16 07:42:16,U00111,女,陕西省,咸阳市,P2004,罗技 MX Master 3S,电脑配件,699,2,1398,微信支付,已完成,无退款
ORD2025003146,2025-01-17 13:12:02,U00912,男,上海市,上海市,P1003,华为 Mate 70,手机,5499,1,5499,支付宝,已取消,无退款
ORD2025002842,2025-03-31 04:58:32,U00410,女,陕西省,咸阳市,P2004,罗技 MX Master 3S,电脑配件,699,1,699,花呗,已完成,无退款
ORD2025003092,2025-02-26 08:41:48,U00337,女,山东省,烟台市,P1004,小米 15,手机,3999,2,7998,银行卡,已完成,无退款
ORD2025004147,2025-03-30 07:32:15,U00531,女,浙江省,宁波市,P3004,打印机,电脑办公,899,1,899,花呗,已完成,无退款
ORD2025000833,2025-11-04 08:11:35,U00061,女,浙江省,金华市,P2003,小米手环 9,数码配件,299,1,299,银行卡,已完成,无退款
ORD2025004941,2025-04-30 22:02:16,U00611,男,湖北省,襄阳市,P1003,华为 Mate 70,手机,5499,1,5499,银行卡,已完成,无退款
ORD2025004959,2025-01-17 12:49:28,U00007,男,四川省,绵阳市,P5002,蒙牛纯牛奶,食品饮料,69,1,69,微信支付,已完成,无退款
ORD2025002569,2025-06-24 20:20:22,U00838,男,河南省,郑州市,P2003,小米手环 9,数码配件,299,1,299,支付宝,已完成,无退款
ORD2025002014,2025-07-17 19:55:45,U01484,男,河南省,南阳市,P2001,AirPods Pro 2,数码配件,1899,2,3798,支付宝,已完成,无退款
ORD2025003547,2025-03-22 08:32:01,U01449,女,浙江省,金华市,P1005,荣耀 Magic7,手机,4499,2,8998,花呗,已完成,无退款
ORD2025001709,2025-08-03 05:03:40,U00819,女,陕西省,西安市,P1001,iPhone 15,手机,4999,1,4999,支付宝,已完成,无退款
ORD2025002347,2025-03-22 12:12:12,U01322,女,四川省,成都市,P1004,小米 15,手机,3999,1,3999,花呗,已完成,无退款
ORD2025002086,2025-09-25 13:16:29,U00960,女,陕西省,咸阳市,P1003,华为 Mate 70,手机,5499,3,16497,支付宝,已完成,无退款
ORD2025003728,2025-08-15 10:56:05,U01291,女,浙江省,宁波市,P2005,机械键盘,电脑配件,399,2,798,微信支付,已完成,无退款
ORD2025002282,2025-03-24 16:14:16,U01246,女,河南省,郑州市,P2001,AirPods Pro 2,数码配件,1899,1,1899,银行卡,已完成,无退款
ORD2025002846,2025-06-11 13:41:56,U01320,女,四川省,德阳市,P4003,优衣库羽绒服,服饰鞋包,799,1,799,银行卡,已取消,无退款
ORD2025004462,2025-05-06 16:21:39,U01272,女,北京市,北京市,P3003,机械革命游戏本,电脑办公,6299,2,12598,支付宝,已完成,无退款
ORD2025002742,2025-03-21 05:09:17,U00466,男,陕西省,咸阳市,P5002,蒙牛纯牛奶,食品饮料,69,1,69,支付宝,已完成,无退款
ORD2025004402,2025-08-09 07:19:21,U00294,男,四川省,绵阳市,P2001,AirPods Pro 2,数码配件,1899,2,3798,花呗,已完成,无退款
ORD2025003819,2025-02-06 07:50:04,U01688,女,河南省,南阳市,P1003,华为 Mate 70,手机,5499,1,5499,微信支付,已完成,无退款
ORD2025004521,2025-09-01 05:58:25,U00545,女,广东省,深圳市,P3003,机械革命游戏本,电脑办公,6299,1,6299,支付宝,已完成,已退款
ORD2025001447,2025-08-04 11:48:51,U00236,男,浙江省,宁波市,P2004,罗技 MX Master 3S,电脑配件,699,2,1398,花呗,已完成,无退款
ORD2025004186,2025-09-04 20:18:15,U01566,女,北京市,北京市,P4003,优衣库羽绒服,服饰鞋包,799,1,799,支付宝,已完成,无退款
ORD2025002317,2025-07-18 05:22:05,U01683,女,江苏省,无锡市,P2002,华为 FreeBuds,数码配件,999,2,1998,银行卡,已完成,无退款
ORD2025003969,2025-10-23 22:49:58,U01264,男,广东省,深圳市,P2004,罗技 MX Master 3S,电脑配件,699,1,699,支付宝,已完成,无退款
ORD2025003754,2025-01-08 13:43:33,U01389,男,湖北省,宜昌市,P1003,华为 Mate 70,手机,5499,1,5499,银行卡,已完成,无退款
ORD2025000328,2025-01-10 03:21:07,U00446,男,北京市,北京市,P3001,戴尔 27英寸显示器,电脑办公,1499,1,1499,花呗,已完成,无退款
ORD2025000147,2025-08-23 09:23:03,U01180,女,湖北省,武汉市,P4003,优衣库羽绒服,服饰鞋包,799,1,799,微信支付,已完成,无退款
ORD2025001533,2025-09-10 15:43:50,U00066,女,陕西省,宝鸡市,P2001,AirPods Pro 2,数码配件,1899,1,1899,支付宝,已完成,无退款
ORD2025000642,2025-10-30 02:28:19,U00772,女,四川省,绵阳市,P2005,机械键盘,电脑配件,399,1,399,支付宝,已完成,无退款
ORD2025002178,2025-08-14 06:24:00,U01239,男,广东省,广州市,P1002,iPhone 15 Pro,手机,6999,2,13998,支付宝,已完成,无退款
ORD2025004821,2025-05-21 08:12:56,U00310,女,北京市,北京市,P4001,耐克运动鞋,服饰鞋包,599,1,599,银行卡,已完成,无退款
ORD2025002406,2025-05-29 16:15:01,U01086,男,江苏省,南京市,P1005,荣耀 Magic7,手机,4499,4,17996,银行卡,已完成,无退款
ORD2025001594,2025-05-10 00:54:49,U00553,女,河南省,郑州市,P4001,耐克运动鞋,服饰鞋包,599,1,599,支付宝,已完成,无退款
ORD2025003408,2025-05-05 14:11:44,U00594,男,陕西省,西安市,P1004,小米 15,手机,3999,1,3999,银行卡,已完成,已退款
ORD2025004004,2025-10-01 10:05:22,U00125,女,江苏省,常州市,P3002,联想小新笔记本,电脑办公,4999,1,4999,支付宝,已完成,无退款
ORD2025000665,2025-08-23 08:14:07,U00589,男,陕西省,西安市,P3004,打印机,电脑办公,899,1,899,银行卡,已完成,无退款
ORD2025003062,2025-06-22 06:11:09,U01715,女,上海市,上海市,P5003,三只松鼠坚果,食品饮料,59,1,59,花呗,已完成,无退款
ORD2025004499,2025-02-07 04:32:40,U01426,女,四川省,绵阳市,P1001,iPhone 15,手机,4999,3,14997,银行卡,待付款,无退款
ORD2025000261,2025-04-04 02:56:50,U01423,女,湖北省,宜昌市,P3001,戴尔 27英寸显示器,电脑办公,1499,2,2998,微信支付,已发货,无退款
ORD2025003359,2025-01-07 20:32:08,U00072,男,湖北省,武汉市,P4001,耐克运动鞋,服饰鞋包,599,1,599,花呗,已完成,无退款
ORD2025003336,2025-12-08 09:15:32,U00576,男,上海市,上海市,P4001,耐克运动鞋,服饰鞋包,599,2,1198,微信支付,已完成,无退款
ORD2025003514,2025-03-03 04:28:26,U01234,男,湖北省,宜昌市,P4002,阿迪达斯卫衣,服饰鞋包,399,1,399,支付宝,已发货,无退款
ORD2025001289,2025-07-10 05:59:32,U00773,女,陕西省,咸阳市,P4003,优衣库羽绒服,服饰鞋包,799,2,1598,银行卡,已完成,无退款
ORD2025003651,2025-03-12 15:37:03,U00964,男,四川省,德阳市,P3001,戴尔 27英寸显示器,电脑办公,1499,2,2998,花呗,已完成,无退款
ORD2025001870,2025-04-23 10:09:29,U00918,男,陕西省,西安市,P3002,联想小新笔记本,电脑办公,4999,1,4999,银行卡,待付款,无退款
ORD2025000971,2025-08-02 21:20:22,U01323,男,浙江省,宁波市,P2004,罗技 MX Master 3S,电脑配件,,1,699,微信支付,已完成,无退款
ORD2025004541,2025-07-27 14:49:27,U00184,女,浙江省,温州市,P2001,AirPods Pro 2,数码配件,1899,1,1899,花呗,已完成,无退款
ORD2025001441,2025-03-27 17:58:40,U01608,男,陕西省,西安市,P2001,AirPods Pro 2,数码配件,1899,1,1899,花呗,已完成,无退款
ORD2025001532,2025-10-05 06:19:58,U00419,女,湖北省,武汉市,P5001,雀巢咖啡,食品饮料,89,1,89,花呗,已完成,无退款
ORD2025001719,2025-06-14 15:09:42,U01286,女,四川省,绵阳市,P1002,iPhone 15 Pro,手机,6999,1,6999,银行卡,已完成,无退款
ORD2025004275,2025-08-31 00:51:15,U01105,男,山东省,青岛市,P5003,三只松鼠坚果,食品饮料,59,1,59,支付宝,已完成,无退款
ORD2025001419,2025-05-26 12:50:44,U00989,男,陕西省,西安市,P1001,iPhone 15,手机,4999,2,9998,花呗,已发货,无退款
ORD2025000032,2025-03-15 11:28:31,U01203,女,北京市,北京市,P1003,华为 Mate 70,手机,5499,1,5499,银行卡,已完成,无退款
ORD2025003960,2025-09-04 23:25:17,U00206,女,湖北省,武汉市,P5002,蒙牛纯牛奶,食品饮料,69,1,69,支付宝,已完成,无退款
ORD2025004788,2025-12-31 10:27:10,U00288,男,四川省,德阳市,P1001,iPhone 15,手机,4999,1,4999,银行卡,已完成,无退款
ORD2025001063,2025-02-07 12:28:50,U00124,男,江苏省,无锡市,P1002,iPhone 15 Pro,手机,6999,2,13998,支付宝,已完成,无退款
ORD2025003921,2025-03-21 11:36:38,U01372,男,北京市,北京市,P5001,雀巢咖啡,食品饮料,89,1,89,花呗,已完成,无退款
ORD2025000026,2025-04-08 06:43:25,U01013,女,陕西省,西安市,P5003,三只松鼠坚果,食品饮料,59,2,118,花呗,已完成,无退款
ORD2025001967,2025-11-02 05:38:14,U00159,男,陕西省,西安市,P2001,AirPods Pro 2,数码配件,1899,1,1899,银行卡,已完成,无退款
ORD2025003255,2025-01-04 19:23:39,U00750,男,四川省,成都市,P5002,蒙牛纯牛奶,食品饮料,69,2,138,花呗,已发货,无退款
ORD2025000995,2025-07-12 08:46:59,U01254,男,上海市,上海市,P5002,蒙牛纯牛奶,食品饮料,69,2,138,银行卡,已发货,无退款
ORD2025000865,2025-09-30 23:42:02,U01593,男,山东省,济南市,P2005,机械键盘,电脑配件,399,1,399,银行卡,已完成,无退款
ORD2025004765,2025-09-13 17:23:06,U01616,男,北京市,北京市,P1005,荣耀 Magic7,手机,4499,1,4499,花呗,已完成,无退款
ORD2025003634,2025-05-29 14:30:58,U00031,女,陕西省,咸阳市,P4003,优衣库羽绒服,服饰鞋包,799,2,1598,支付宝,已完成,无退款
ORD2025001327,2025-02-14 16:33:07,U01541,男,广东省,东莞市,P4001,耐克运动鞋,服饰鞋包,599,1,599,支付宝,已完成,无退款
ORD2025001937,2025-03-29 18:19:21,U00817,女,山东省,青岛市,P2004,罗技 MX Master 3S,电脑配件,699,1,699,花呗,已完成,无退款
ORD2025002669,2025-08-08 15:34:34,U00538,女,四川省,绵阳市,P4001,耐克运动鞋,服饰鞋包,599,1,599,支付宝,已完成,无退款
ORD2025000350,2025-03-18 01:41:37,U00909,女,陕西省,宝鸡市,P3003,机械革命游戏本,电脑办公,6299,1,6299,支付宝,已发货,无退款
ORD2025004722,2025-12-30 00:20:34,U01484,女,浙江省,温州市,P3004,打印机,电脑办公,899,2,1798,支付宝,已完成,无退款
ORD2025001401,2025-11-01 03:49:53,U00975,男,广东省,深圳市,P2002,华为 FreeBuds,数码配件,999,1,999,微信支付,已完成,无退款
ORD2025003855,2025-06-02 19:51:48,U00313,女,山东省,烟台市,P2002,华为 FreeBuds,数码配件,999,2,1998,花呗,已完成,无退款
ORD2025003294,2025-11-22 15:42:11,U00032,女,陕西省,宝鸡市,P1002,iPhone 15 Pro,手机,6999,2,13998,银行卡,已完成,无退款
ORD2025004257,2025-03-03 21:31:23,U00232,女,山东省,济南市,P2005,机械键盘,电脑配件,399,1,399,支付宝,已完成,无退款
ORD2025002391,2025-03-17 03:00:52,U01779,女,湖北省,武汉市,P3003,机械革命游戏本,电脑办公,6299,1,6299,花呗,已取消,无退款
ORD2025003287,2025-05-07 04:13:58,U01216,男,河南省,南阳市,P3001,戴尔 27英寸显示器,电脑办公,1499,1,1499,微信支付,退款中,退款中
ORD2025001750,2025-04-01 23:24:23,U00081,男,北京市,北京市,P1001,iPhone 15,手机,4999,3,14997,微信支付,已完成,无退款
ORD2025002299,2025-06-07 17:07:08,U00774,女,山东省,烟台市,P5001,雀巢咖啡,食品饮料,89,2,178,银行卡,已完成,无退款
ORD2025002588,2025-07-16 23:25:11,U00360,女,江苏省,常州市,P2005,机械键盘,电脑配件,399,1,399,支付宝,已完成,无退款
ORD2025004340,2025-05-11 23:41:25,U00872,男,北京市,北京市,P2003,小米手环 9,数码配件,299,1,299,花呗,已发货,无退款
ORD2025002123,2025-08-24 19:57:36,U01377,女,河南省,洛阳市,P5001,雀巢咖啡,食品饮料,89,1,89,支付宝,已完成,无退款
ORD2025001275,2025-09-07 03:17:57,U01376,男,广东省,佛山市,P4001,耐克运动鞋,服饰鞋包,599,2,1198,支付宝,已发货,无退款
ORD2025004031,2025-10-15 09:04:41,U01651,男,山东省,烟台市,P2002,华为 FreeBuds,数码配件,999,2,1998,银行卡,已完成,无退款
ORD2025002794,2025-09-11 19:18:39,U01746,女,四川省,德阳市,P2002,华为 FreeBuds,数码配件,999,1,999,支付宝,已完成,无退款
ORD2025003313,2025-10-26 08:26:37,U00851,女,浙江省,金华市,P2004,罗技 MX Master 3S,电脑配件,699,1,699,支付宝,已发货,无退款
ORD2025002245,2025-07-20 22:21:34,U01324,男,四川省,德阳市,P3004,打印机,电脑办公,899,1,899,微信支付,已完成,无退款
ORD2025003436,2025-10-14 22:10:57,U00892,男,湖北省,宜昌市,P1003,华为 Mate 70,手机,5499,2,10998,花呗,已完成,无退款
ORD2025003106,2025-12-10 20:40:49,U00666,男,河南省,南阳市,P4003,优衣库羽绒服,服饰鞋包,799,1,799,银行卡,已完成,无退款
ORD2025004352,2025-05-14 09:35:50,U00976,男,浙江省,金华市,P3001,戴尔 27英寸显示器,电脑办公,1499,3,4497,微信支付,已完成,无退款
ORD2025003575,2025-02-13 15:34:35,U00498,女,江苏省,无锡市,P3003,机械革命游戏本,电脑办公,6299,2,12598,花呗,已完成,无退款
ORD2025001429,2025-08-20 18:20:07,U00719,男,山东省,济南市,P1001,iPhone 15,手机,4999,2,9998,微信支付,已完成,无退款
ORD2025003467,2025-12-08 10:24:18,U01173,女,四川省,德阳市,P3001,戴尔 27英寸显示器,电脑办公,1499,1,1499,银行卡,已完成,无退款
ORD2025001734,2025-09-27 23:38:48,U01683,男,上海市,上海市,P3001,戴尔 27英寸显示器,电脑办公,1499,1,1499,支付宝,已取消,无退款
ORD2025001224,2025-11-04 05:22:49,U01523,男,上海市,上海市,P5001,雀巢咖啡,食品饮料,89,1,89,花呗,已完成,无退款
ORD2025000209,2025-06-25 22:37:42,U01376,女,上海市,上海市,P1002,iPhone 15 Pro,手机,6999,2,13998,支付宝,已完成,无退款
ORD2025004614,2025-01-31 22:51:14,U00286,女,上海市,上海市,P5002,蒙牛纯牛奶,食品饮料,69,3,207,银行卡,已完成,无退款
ORD2025000543,2025-05-31 18:40:21,U00773,女,北京市,北京市,P2002,华为 FreeBuds,数码配件,999,1,999,支付宝,已完成,无退款
ORD2025003512,2025-12-08 07:14:42,U00428,女,山东省,青岛市,P1002,iPhone 15 Pro,手机,6999,2,13998,支付宝,已完成,无退款
ORD2025000105,2025-07-21 01:25:03,U00824,女,浙江省,金华市,P5001,雀巢咖啡,食品饮料,89,1,89,支付宝,已完成,无退款
ORD2025002773,2025-08-31 16:29:04,U01088,男,四川省,成都市,P5001,雀巢咖啡,食品饮料,89,2,178,支付宝,已完成,无退款
ORD2025004171,2025-09-17 08:09:40,U00565,男,广东,上海市,P2003,小米手环 9,数码配件,299,1,299,银行卡,已完成,无退款
ORD2025002243,2025-07-18 09:42:11,U01775,女,江苏省,南京市,P4003,优衣库羽绒服,服饰鞋包,799,1,799,花呗,已完成,无退款
ORD2025002262,2025-12-04 04:57:10,U00236,男,江苏省,无锡市,P1004,小米 15,手机,3999,1,3999,微信支付,已完成,无退款
ORD2025000559,2025-02-13 07:13:32,U00142,男,河南省,洛阳市,P1003,华为 Mate 70,手机,5499,1,5499,花呗,已完成,无退款
ORD2025004345,2025-05-06 05:35:47,U01528,女,广东省,广州市,P2003,小米手环 9,数码配件,299,1,299,花呗,已发货,无退款
ORD2025003910,2025-07-21 04:10:12,U00635,女,陕西省,咸阳市,P4002,阿迪达斯卫衣,服饰鞋包,399,3,1197,微信支付,已完成,无退款
ORD2025002021,2025-03-27 08:17:59,U00429,女,广东省,深圳市,P3004,打印机,电脑办公,899,1,899,银行卡,已完成,无退款
ORD2025000413,2025-01-08 10:50:33,U00573,男,湖北省,宜昌市,P1001,iPhone 15,手机,4999,1,4999,支付宝,已完成,无退款
ORD2025001841,2025-04-22 00:16:44,U01723,男,广东省,广州市,P3003,机械革命游戏本,电脑办公,6299,2,12598,支付宝,待付款,无退款
ORD2025004480,2025-07-23 03:33:04,U00093,男,湖北省,武汉市,P3003,机械革命游戏本,电脑办公,6299,4,25196,微信支付,已完成,无退款
ORD2025001550,2025-02-10 19:17:23,U00979,男,山东省,济南市,P1001,iPhone 15,手机,4999,1,4999,银行卡,已完成,无退款
ORD2025001253,2025-09-08 02:18:49,U00074,男,浙江省,宁波市,P4001,耐克运动鞋,服饰鞋包,599,1,599,支付宝,已完成,已退款
ORD2025003375,2025-10-21 10:50:56,U01649,女,河南省,南阳市,P4003,优衣库羽绒服,服饰鞋包,799,2,1598,花呗,已完成,无退款
ORD2025000317,2025-04-24 19:07:07,U00951,女,浙江省,温州市,P3002,联想小新笔记本,电脑办公,4999,1,4999,支付宝,已完成,无退款
ORD2025004232,2025-05-19 23:11:06,U00644,女,浙江省,杭州市,P3002,联想小新笔记本,电脑办公,4999,1,4999,微信支付,已完成,无退款
ORD2025002558,2025-01-02 04:30:26,U00258,男,江苏省,苏州市,P4001,耐克运动鞋,服饰鞋包,599,1,599,支付宝,已完成,无退款
ORD2025002435,2025-05-20 21:42:03,U01152,男,河南省,洛阳市,P2005,机械键盘,电脑配件,399,1,399,花呗,已完成,无退款
ORD2025001976,2025-06-21 22:21:27,U01283,女,河南省,洛阳市,P1003,华为 Mate 70,手机,5499,2,10998,微信支付,已发货,无退款
ORD2025003475,2025-06-23 02:27:51,U01574,男,四川省,绵阳市,P1005,荣耀 Magic7,手机,4499,2,8998,微信支付,已取消,无退款
ORD2025004610,2025-04-04 11:03:58,U01305,男,陕西省,咸阳市,P5003,三只松鼠坚果,食品饮料,59,1,59,花呗,已发货,无退款
ORD2025001021,2025-10-11 17:04:44,U01697,女,北京市,北京市,P3001,戴尔 27英寸显示器,电脑办公,1499,2,2998,花呗,已发货,无退款
ORD2025001110,2025-08-08 23:56:30,U00085,女,河南省,南阳市,P1004,小米 15,手机,3999,1,3999,支付宝,已完成,无退款
ORD2025003784,2025-09-01 21:21:09,U01704,女,北京市,北京市,P1002,iPhone 15 Pro,手机,6999,2,13998,银行卡,已完成,无退款
ORD2025000639,2025-02-27 03:57:07,U01456,男,广东省,深圳市,P2004,罗技 MX Master 3S,电脑配件,699,1,699,微信支付,已完成,无退款
ORD2025000358,2025-03-09 22:02:51,U01511,女,广东省,深圳市,P2003,小米手环 9,数码配件,299,1,299,微信支付,已完成,无退款
ORD2025001553,2025-05-09 03:58:33,U01077,男,浙江省,温州市,P3003,机械革命游戏本,电脑办公,6299,1,6299,银行卡,已发货,无退款
ORD2025003229,2025-11-08 01:22:55,U00154,女,上海市,上海市,P2003,小米手环 9,数码配件,299,1,299,银行卡,已发货,无退款
ORD2025000100,2025-10-29 10:15:18,U01481,女,浙江,绵阳市,P4003,优衣库羽绒服,服饰鞋包,799,2,1598,花呗,已发货,无退款
ORD2025002289,2025-09-09 22:55:20,U00836,女,陕西省,咸阳市,P1004,小米 15,手机,3999,3,11997,微信支付,已完成,无退款
ORD2025002516,2025-07-05 23:12:09,U00631,男,北京市,北京市,P3002,联想小新笔记本,电脑办公,4999,1,4999,银行卡,已取消,无退款
ORD2025000836,2025-06-06 13:36:28,U01036,男,陕西省,宝鸡市,P5001,雀巢咖啡,食品饮料,89,1,89,微信支付,已完成,无退款
ORD2025004666,2025-08-29 21:55:34,U00653,女,四川省,绵阳市,P3002,联想小新笔记本,电脑办公,4999,1,4999,微信支付,已完成,无退款
ORD2025001952,2025-11-18 13:02:37,U00724,男,北京市,北京市,P1002,iPhone 15 Pro,手机,6999,1,6999,银行卡,已完成,无退款
ORD2025004208,2025-01-11 08:40:14,U00644,女,浙江省,金华市,P3003,机械革命游戏本,电脑办公,6299,1,6299,支付宝,已完成,无退款
ORD2025003889,2025-10-19 23:22:11,U00469,男,广东省,东莞市,P2003,小米手环 9,数码配件,299,1,299,银行卡,已取消,无退款
ORD2025000201,2025-08-08 06:51:17,U01010,男,山东省,烟台市,P5002,蒙牛纯牛奶,食品饮料,69,1,69,银行卡,已完成,无退款
ORD2025000019,2025-05-25 14:50:12,U00769,男,陕西省,西安市,P2004,罗技 MX Master 3S,电脑配件,699,1,699,微信支付,已完成,无退款
ORD2025003243,2025-11-06 21:07:58,U01560,女,浙江省,温州市,P1003,华为 Mate 70,手机,5499,1,5499,银行卡,已发货,无退款
ORD2025002593,2025-10-27 14:03:41,U00040,男,北京市,北京市,P4002,阿迪达斯卫衣 ,服饰鞋包,399,2,798,银行卡,待付款,无退款
ORD2025001260,2025-06-14 20:16:37,U00950,女,湖北省,宜昌市,P1004,小米 15,手机,3999,1,3999,微信支付,已取消,无退款
ORD2025001947,2025-11-14 02:00:37,U01044,女,浙江省,温州市,P2005,机械键盘,电脑配件,399,2,798,花呗,已完成,无退款
ORD2025004453,2025-03-11 01:10:17,U01189,男,山东省,青岛市,P2001,AirPods Pro 2,数码配件,1899,2,3798,花呗,已完成,已退款
ORD2025003777,2025-07-09 15:59:52,U01781,男,湖北省,襄阳市,P3004,打印机,电脑办公,899,1,899,花呗,已取消,无退款
ORD2025003206,2025-12-15 16:43:35,U00090,男,湖北省,武汉市,P2003,小米手环 9,数码配件,299,2,598,花呗,已完成,无退款
ORD2025001728,2025-09-11 04:22:08,U00439,女,广东省,东莞市,P2003,小米手环 9,数码配件,299,1,299,银行卡,已完成,无退款
ORD2025002048,2025-12-26 13:43:54,U01010,女,江苏省,常州市,P1005,荣耀 Magic7,手机,4499,1,4499,花呗,已发货,无退款
ORD2025003914,2025-12-16 19:10:58,U01101,女,陕西省,咸阳市,P1002,iPhone 15 Pro,手机,6999,1,6999,花呗,已完成,已退款
ORD2025002296,2025-09-12 10:12:40,U00278,男,北京市,北京市,P2004,罗技 MX Master 3S,电脑配件,699,2,1398,微信支付,已发货,无退款
ORD2025002015,2025-11-08 17:20:36,U00312,男,广东省,广州市,P2003,小米手环 9,数码配件,299,1,299,支付宝,已完成,无退款
ORD2025003662,2025-09-23 18:14:36,U01204,女,四川省,德阳市,P2001,AirPods Pro 2,数码配件,1899,1,1899,微信支付,已完成,无退款
ORD2025000632,2025-08-30 11:10:01,U01359,男,山东省,青岛市,P5002,蒙牛纯牛奶,食品饮料,69,1,69,微信支付,已完成,无退款
ORD2025004520,2025-08-29 10:42:54,U00596,女,江苏省,无锡市,P1002,iPhone 15 Pro,手机,6999,2,13998,银行卡,已完成,无退款
ORD2025004769,2025-08-26 14:54:48,U00213,女,广东省,深圳市,P1004,小米 15,手机,3999,2,7998,银行卡,已完成,无退款
ORD2025000182,2025-09-09 11:36:02,U00194,男,湖北省,武汉市,P2003,小米手环 9,数码配件,299,1,299,支付宝,待付款,无退款
ORD2025000551,2025-08-11 16:24:09,U01220,女,山东省,烟台市,P5003,三只松鼠坚果,食品饮料,59,1,59,支付宝,已完成,无退款
ORD2025004633,2025-02-21 08:02:18,U00902,男,湖北省,武汉市,P1001,iPhone 15,手机,4999,1,4999,微信支付,已完成,无退款
ORD2025002658,2025-06-16 08:26:58,U01653,女,河南省,郑州市,P3004,打印机,电脑办公,899,1,899,支付宝,已完成,无退款
ORD2025000984,2025-04-02 18:01:21,U00589,女,上海市,上海市,P2004,罗技 MX Master 3S,电脑配件,699,3,2097,花呗,已完成,无退款
ORD2025003863,2025-04-28 12:51:43,U01631,男,河南省,南阳市,P5002,蒙牛纯牛奶,食品饮料,69,1,69,银行卡,已完成,无退款
ORD2025001665,2025-01-01 19:33:19,U01164,男,广东省,东莞市,P3002,联想小新笔记本,电脑办公,4999,1,4999,花呗,已完成,无退款
ORD2025000869,2025-07-06 22:15:08,U00002,男,四川省,绵阳市,P1002,iPhone 15 Pro,手机,6999,5,34995,花呗,已完成,无退款
ORD2025000040,2025-11-10 15:49:48,U00716,女,北京市,北京市,P2002,华为 FreeBuds,数码配件,999,1,999,微信支付,已完成,无退款
ORD2025004847,2025-05-03 10:28:34,U00533,女,陕西省,宝鸡市,P3004,打印机,电脑办公,899,2,1798,花呗,已完成,无退款
ORD2025001827,2025-09-28 22:51:38,U00258,男,江苏省,苏州市,P1005,荣耀 Magic7,手机,4499,5,22495,支付宝,已完成,无退款
ORD2025004956,2025-11-16 01:29:09,U00026,女,四川省,成都市,P1003,华为 Mate 70,手机,5499,1,5499,支付宝,待付款,无退款
ORD2025001200,2025-10-23 01:10:12,U00887,女,河南省,郑州市,P1003,华为 Mate 70,手机,5499,2,10998,支付宝,已取消,无退款
ORD2025001678,2025-10-09 00:59:12,U01664,女,湖北省,武汉市,P2002,华为 FreeBuds,数码配件,999,2,1998,银行卡,已完成,无退款
ORD2025004341,2025-03-04 18:47:53,U00997,男,陕西省,西安市,P1005,荣耀 Magic7,手机,4499,1,4499,支付宝,已完成,无退款
ORD2025003266,2025-01-14 01:54:30,U00788,男,河南省,郑州市,P2001,AirPods Pro 2,数码配件,1899,1,1899,微信支付,已完成,无退款
ORD2025003293,2025-10-25 02:34:08,U00685,女,上海市,上海市,P1002,iPhone15 Pro,手机,6999,2,0,支付宝,已完成,无退款
ORD2025001916,2025-01-13 04:15:11,U00429,男,四川省,绵阳市,P5002,蒙牛纯牛奶,食品饮料,69,3,207,花呗,已发货,无退款
ORD2025003694,2025-09-25 10:00:21,U01105,女,湖北省,襄阳市,P5001,雀巢咖啡,食品饮料,89,2,178,微信支付,已发货,无退款
ORD2025002423,2025-09-27 07:03:04,U01114,女,上海市,上海市,P4002,阿迪达斯卫衣,服饰鞋包,399,2,798,支付宝,已完成,无退款
ORD2025001168,2025-06-16 23:13:11,U00982,男,北京市,北京市,P4001,耐克运动鞋,服饰鞋包,599,1,599,微信支付,已发货,无退款
ORD2025001705,2025-05-16 09:41:01,U01552,男,湖北省,宜昌市,P1002,iPhone 15 Pro,手机,6999,2,13998,银行卡,已完成,无退款
ORD2025001234,2025-03-10 01:47:07,U00167,女,北京市,北京市,P4002,阿迪达斯卫衣,服饰鞋包,399,1,399,微信支付,已完成,无退款
ORD2025000652,2025-04-13 16:13:29,U01232,男,四川省,绵阳市,P1005,荣耀 Magic7,手机,4499,1,4499,微信支付,已取消,无退款
ORD2025002962,2025-05-12 04:16:02,U00896,女,湖北省,襄阳市,P2004,罗技 MX Master 3S,电脑配件,699,2,1398,支付宝,已完成 ,无退款
ORD2025002074,2025-08-11 20:42:13,U00721,女,浙江省,金华市,P1002,iPhone 15 Pro,手机,6999,2,13998,花呗,已完成,无退款
ORD2025001865,2025-10-27 06:33:51,U00490,男,山东省,青岛市,P2002,华为 FreeBuds,数码配件,999,3,2997,微信支付,已取消,无退款
ORD2025003253,2025-11-16 09:10:05,U00489,男,四川省,绵阳市,P3004,打印机,电脑办公,899,1,899,银行卡,已完成,无退款
ORD2025003725,2025-10-26 10:23:25,U01174,男,江苏省,无锡市,P4002,阿迪达斯卫衣,服饰鞋包,399,1,399,花呗,已完成,无退款
ORD2025002945,2025-08-04 14:28:57,U00841,女,湖北省,宜昌市,P4003,优衣库羽绒服,服饰鞋包,799,4,3196,支付宝,已发货,无退款
ORD2025003474,2025-05-06 10:18:16,U00453,男,陕西省,咸阳市,P2003,小米手环 9,数码配件,299,1,299,微信支付,已取消,无退款
ORD2025002143,2025-06-07 09:40:49,U01502,男,四川省,绵阳市,P2004,罗技 MX Master 3S,电脑配件,699,1,699,微信支付,已发货,无退款
ORD2025000323,2025-09-12 06:06:54,U00251,男,浙江省,宁波市,P3002,联想小新笔记本,电脑办公,4999,1,4999,花呗,已完成,无退款
ORD2025002992,2025-01-13 13:42:45,U01215,男,湖北省,宜昌市,P2003,小米手环 9,数码配件,299,2,598,支付宝,已发货,无退款
ORD2025000329,2025-04-06 06:29:22,U00951,男,浙江省,温州市,P4001,耐克运动鞋,服饰鞋包,599,3,1797,支付宝,已完成,无退款
ORD2025002076,2025-03-28 13:44:54,U01216,男,四川省,德阳市,P4003,优衣库羽绒服,服饰鞋包,799,1,799,银行卡,已完成,无退款
ORD2025000790,2025-03-14 08:55:21,U01375,女,陕西省,西安市,P2004,罗技 MX Master 3S,电脑配件,699,1,699,银行卡,已完成,无退款
ORD2025000161,2025-06-15 17:52:45,U00321,男,山东省,烟台市,P2002,华为 FreeBuds,数码配件,999,1,999,支付宝,已完成,无退款
ORD2025004933,2025-09-08 22:53:14,U00712,男,广东省,广州市,P4002,阿迪达斯卫衣,服饰鞋包,399,1,399,微信支付,已完成,无退款
ORD2025002538,2025-08-12 18:34:42,U01757,女,河南省,南阳市,P3002,联想小新笔记本,电脑办公,4999,2,9998,微信支付,已取消,无退款
ORD2025003646,2025-03-31 14:48:08,U00753,男,湖北省,襄阳市,P5001,雀巢咖啡,食品饮料,89,1,89,银行卡,已发货,无退款
ORD2025004350,2025-10-20 11:54:10,U00851,男,湖北省,襄阳市,P1003,华为 Mate 70,手机,5499,3,16497,花呗,待付款,无退款
ORD2025003227,2025-10-08 08:04:17,U01445,男,上海市,上海市,P2003,小米手环 9,数码配件,299,4,1196,花呗,已完成,已退款
ORD2025000297,2025-11-19 17:23:09,U00860,女,上海市,上海市,P2004,罗技 MX Master 3S,电脑配件,699,2,1398,支付宝,已完成,无退款
ORD2025001150,2025-11-01 08:04:31,U01780,男,山东省,烟台市,P2003,小米手环 9,数码配件,299,2,598,支付宝,已完成,无退款
ORD2025004071,2025-06-23 01:51:39,U01767,男,四川省,德阳市,P5003,三只松鼠坚果,食品饮料,59,4,236,支付宝,待付款,无退款
ORD2025001363,2025-10-18 22:10:28,U00421,女,湖北省,宜昌市,P2004,罗技 MX Master 3S,电脑配件,699,1,699,支付宝,已完成,无退款
ORD2025001854,2025-08-15 00:33:26,U00243,女,北京市,北京市,P1002,iPhone 15 Pro,手机,6999,2,13998,微信支付,已完成,无退款
ORD2025004301,2025-04-20 15:16:38,U00436,女,上海市,上海市,P4002,阿迪达斯卫衣,服饰鞋包,399,1,399,银行卡,已发货,无退款
ORD2025000126,2025-02-20 22:24:18,U00580,女,湖北省,武汉市,P4002,阿迪达斯卫衣,服饰鞋包,399,1,399,支付宝,已完成,无退款
ORD2025001778,2025-03-31 15:33:01,U00894,男,广东省,佛山市,P2002,华为 FreeBuds,数码配件,999,2,1998,微信支付,已发货,无退款
ORD2025001160,2025-08-09 08:27:34,U01649,女,浙江省,宁波市,P1005,荣耀 Magic7,手机,4499,2,8998,银行卡,已完成,无退款
ORD2025000842,2025-02-03 18:14:18,U00613,女,陕西省,宝鸡市,P1005,荣耀 Magic7,手机,4499,2,8998,花呗,已完成,无退款
ORD2025003961,2025-08-16 18:39:41,U00902,男,湖北省,武汉市,,机械革命游戏本,电脑办公,-6299,1,6299,花呗,已完成,无退款
ORD2025002491,2025-01-13 01:37:39,U01223,男,陕西省,宝鸡市,P2003,小米手环 9,数码配件,299,3,897,支付宝,已发货,无退款
ORD2025003021,2025-03-31 07:53:59,U00285,女,浙江省,宁波市,P5002,蒙牛纯牛奶,食品饮料,69,1,69,微信支付,已取消,无退款
ORD2025003222,2025-05-01 07:11:59,U00386,男,上海市,上海市,P3003,机械革命游戏本,电脑办公,6299,2,12598,银行卡,已完成,无退款
ORD2025003393,2025-03-22 17:28:53,U01342,女,山东省,烟台市,P3001,戴尔 27英寸显示器,电脑办公,1499,2,2998,支付宝,已完成,已退款
ORD2025002892,2025-05-06 06:28:39,U01386,女,广东省,佛山市,P5001,雀巢咖啡,食品饮料,89,1,89,微信支付,已完成,无退款
ORD2025003638,2025-03-31 06:14:27,U00361,女,江苏省,无锡市,P1001,iPhone 15,手机,4999,1,4999,支付宝,已完成,无退款
ORD2025004026,2025-08-04 01:33:10,U01099,女,浙江省,宁波市,P3004,打印机,电脑办公,899,1,899,支付宝,退款中,退款中
ORD2025003129,2025-02-01 00:29:33,U00283,男,北京市,北京市,P5001,雀巢咖啡,食品饮料,89,1,89,花呗,已发货,无退款
ORD2025000998,2025-06-13 04:14:53,U01644,男,山东省,烟台市,P3002,联想小新笔记本,电脑办公,4999,2,9998,银行卡,已完成,无退款
ORD2025001232,2025-04-13 02:19:21,U01438,男,江苏省,南京市,P3002,联想小新笔记本,电脑办公,4999,1,4999,花呗,已发货,无退款
ORD2025002515,2025-05-18 01:59:49,U00097,女,河南省,洛阳市,P3004,打印机,电脑办公,899,3,2697,花呗,已取消,无退款
ORD2025004972,2025-04-21 07:03:05,U00702,男,江苏省,南京市,P3004,打印机,电脑办公,899,4,3596,支付宝,已完成,无退款
ORD2025004915,2025-11-24 12:14:11,U01669,女,北京市,北京市,P3002,联想小新笔记本,电脑办公,4999,1,4999,支付宝,已完成,无退款
ORD2025000216,2025-05-02 11:49:33,U00770,女,上海市,上海市,P2004,罗技 MX Master 3S,电脑配件,699,1,699,花呗,已完成,无退款
ORD2025003582,2025-08-29 01:04:19,U00782,男,陕西省,咸阳市,P2005,机械键盘,电脑配件,399,1,399,微信支付,已完成,无退款
ORD2025003535,2025-11-01 18:14:53,U01090,女,陕西省,咸阳市,P3004,打印机,电脑办公,899,1,899,花呗,已完成,无退款
ORD2025002896,2025-06-23 01:14:17,U00198,女,山东省,济南市,P3002,联想小新笔记本,电脑办公,4999,3,14997,微信支付,已完成,无退款
ORD2025001697,2025-10-15 09:23:07,U01280,女,北京市,北京市,P2004,罗技 MX Master 3S,电脑配件,699,1,699,微信支付,已完成,无退款
ORD2025000370,2025-03-05 23:42:41,U01654,女,江苏省,常州市,P1005,荣耀 Magic7,手机,4499,1,4499,花呗,已完成,无退款
ORD2025003494,2025-01-29 20:22:23,U00260,男,北京市,北京市,P3001,戴尔 27英寸显示器,电脑办公,1499,1,1499,银行卡,已完成,无退款
ORD2025002480,2025-06-24 15:15:23,U00319,男,四川省,德阳市,P4001,耐克运动鞋,服饰鞋包,599,1,599,微信支付,已完成,无退款
ORD2025003452,2025-07-21 06:20:30,U00016,男,浙江省,杭州市,P2002,华为 FreeBuds,数码配件,999,1,999,微信支付,已发货,无退款
ORD2025000863,2025-05-08 20:17:19,U00661,男,湖北省,武汉市,P1005,荣耀 Magic7,手机,4499,1,4499,支付宝,已完成,无退款
ORD2025003387,2025-02-21 08:39:01,U00727,男,四川省,德阳市,P3001,戴尔 27英寸显示器,电脑办公,1499,1,1499,支付宝,已发货,无退款
ORD2025002035,2025-08-29 06:49:02,U00497,女,河南省,洛阳市,P3003,机械革命游戏本,电脑办公,6299,2,12598,微信支付,已完成,无退款
ORD2025002184,2025-11-01 06:40:19,U00200,男,江苏省,常州市,P1005,荣耀 Magic7,手机,4499,1,4499,花呗,已完成,无退款
ORD2025001376,2025-09-30 11:14:51,U01577,男,湖北省,武汉市,P1002,iPhone 15 Pro,手机,6999,1,6999,微信支付,已完成,无退款
ORD2025000459,2025-11-26 22:14:34,U00843,女,浙江省,金华市,P1003,华为 Mate 70,手机,5499,1,5499,支付宝,已完成,无退款
ORD2025000085,2025-06-24 10:06:50,U01130,男,上海市,上海市,P4002,阿迪达斯卫衣,服饰鞋包,399,2,798,支付宝,已完成,无退款
ORD2025004924,2025-04-03 03:44:35,U01178,男,广东省,广州市,P4001,耐克运动鞋,服饰鞋包,599,2,1198,微信支付,已完成,无退款
ORD2025003209,2025-10-07 02:15:04,U00281,女,浙江省,杭州市,P2001,AirPods Pro 2,数码配件,1899,1,1899,花呗,已完成,无退款
ORD2025002436,2025-07-09 00:00:42,U01702,男,四川省,成都市,P1003,华为 Mate 70,手机,5499,2,10998,微信支付,已完成,无退款
ORD2025001175,2025-12-04 17:22:27,U00972,女,陕西省,西安市,P2005,机械键盘,电脑配件,399,2,798,银行卡,已完成,无退款
ORD2025004637,2025-05-08 20:51:11,U01568,男,上海市,上海市,P3002,联想小新笔记本,电脑办公,4999,1,4999,花呗,已完成,无退款
ORD2025000463,2025-02-26 22:37:39,U00998,男,湖北省,襄阳市,P1003,华为 Mate 70,手机,5499,3,16497,银行卡,已完成,无退款
ORD2025000265,2025-12-17 10:38:26,U00997,男,山东省,青岛市,P3004,打印机,电脑办公,899,1,899,支付宝,已完成,已退款
ORD2025002135,2025-02-20 19:25:41,U01509,女,山东省,济南市,P3003,机械革命游戏本,电脑办公,6299,4,25196,花呗,已发货,无退款
ORD2025002579,2025-03-31 18:58:10,U00174,女,北京市,北京市,P2003,小米手环 9,数码配件,299,1,299,支付宝,已完成,无退款
ORD2025004334,2025-06-01 06:21:09,U01751,女,山东省,青岛市,P2005,机械键盘,电脑配件,399,1,399,支付宝,退款中,退款中
ORD2025002107,2025-10-03 04:39:49,U00565,女,四川省,绵阳市,P3002,联想小新笔记本,电脑办公,4999,1,4999,银行卡,已取消,无退款
ORD2025004293,2025-06-05 09:39:14,U00077,男,上海市,上海市,P4002,阿迪达斯卫衣,服饰鞋包,399,1,399,微信支付,已完成,无退款
ORD2025003396,2025-01-16 05:33:36,U00068,女,北京市,北京市,P3001,戴尔 27英寸显示器,电脑办公,1499,1,1499,微信支付,已完成,无退款
ORD2025002653,2025-06-27 16:30:33,U00707,男,河南省,郑州市,P1005,荣耀 Magic7,手机,4499,4,17996,银行卡,已发货,无退款
ORD2025000506,2025-07-31 01:20:24,U01126,男,四川省,成都市,P2003,小米手环 9,数码配件,299,3,897,支付宝,已完成,无退款
ORD2025003023,2025-07-09 04:19:03,U00905,男,河南省,洛阳市,P2001,AirPods Pro 2,数码配件,1899,1,1899,花呗,已完成,无退款
ORD2025000176,2025-07-03 13:44:02,U00887,女,四川省,绵阳市,P5003,三只松鼠坚果,食品饮料,59,1,59,支付宝,已发货,无退款
ORD2025001484,2025-01-07 13:20:43,U00895,男,广东省,广州市,P4001,耐克运动鞋,服饰鞋包,599,1,599,花呗,已取消,无退款
ORD2025001264,2025-03-06 07:46:14,U00049,女,河南省,洛阳市,P5002,蒙牛纯牛奶,食品饮料,69,1,69,花呗,已发货,无退款
ORD2025002765,2025-12-09 15:33:57,U00147,男,北京市,北京市,P5001,雀巢咖啡,食品饮料,89,1,89,支付宝,待付款,无退款
ORD2025001478,2025-02-05 16:18:56,U00412,女,广东省,东莞市,P1001,iPhone 15,手机,4999,1,4999,花呗,已完成,无退款
ORD2025002182,2025-06-26 05:45:27,U01081,男,四川省,成都市,P5002,蒙牛纯牛奶,食品饮料,69,1,69,支付宝,已发货,无退款
ORD2025002872,2025-06-28 10:20:06,U01638,男,湖北省,武汉市,P2002,华为 FreeBuds,数码配件,999,2,1998,支付宝,已完成,无退款
ORD2025003308,2025-10-21 03:31:01,U00347,女,四川省,德阳市,P2002,华为 FreeBuds,数码配件,999,1,999,花呗,已完成,无退款
ORD2025004132,2025-05-12 05:23:25,U00523,男,河南省,洛阳市,P3001,戴尔 27英寸显示器,电脑办公,1499,2,2998,微信支付,已完成,无退款
ORD2025002091,2025-01-30 14:17:26,U00654,男,河南省,郑州市,P1003,华为 Mate 70,手机,5499,2,10998,微信支付,已完成,无退款
ORD2025001055,2025-08-13 21:31:07,U01058,男,浙江省,宁波市,P3004,打印机,电脑办公,899,2,1798,支付宝,已完成,无退款
ORD2025000445,2025-01-16 18:03:11,U01195,男,上海市,上海市,P4001,耐克运动鞋,服饰鞋包,599,1,599,银行卡,已完成,无退款
ORD2025002026,2025-08-10 10:37:58,U00233,女,上海市,上海市,P1005,荣耀 Magic7,手机,4499,3,13497,支付宝,已完成,无退款
ORD2025002757,2025-03-07 04:32:57,U00201,男,北京市,北京市,P1003,华为 Mate 70,手机,5499,1,5499,支付宝,已完成,无退款
ORD2025004698,2025-06-26 03:32:25,U00103,男,浙江省,金华市,P5002,蒙牛纯牛奶,食品饮料,69,2,138,微信支付,已完成,无退款
ORD2025003670,2025-01-01 06:51:47,U00323,男,河南省,洛阳市,P1003,华为 Mate 70,手机,5499,1,5499,微信支付,已完成,无退款
ORD2025001775,2025-02-12 02:42:56,U01244,男,上海市,上海市,P3004,打印机,电脑办公,899,2,1798,支付宝,已完成,已退款
ORD2025001882,2025-05-29 11:46:08,U01449,女,四川省,绵阳市,P1001,iPhone 15,手机,4999,2,9998,花呗,待付款,无退款
ORD2025001261,2025-03-01 11:12:58,U00799,男,广东省,深圳市,P1002,iPhone 15 Pro,手机,6999,1,6999,银行卡,已完成,无退款
ORD2025000572,2025-08-06 06:29:14,U01028,男,山东省,烟台市,P2004,罗技 MX Master 3S,电脑配件,699,1,699,微信支付,已完成,无退款
ORD2025001116,2025-10-03 22:25:20,U01680,女,江苏省,常州市,P9999,华为 Mate 70,手机,5499,2,10998,花呗,已完成,无退款
ORD2025004407,2025-12-20 08:58:17,U01116,男,广东省,广州市,P5002,蒙牛纯牛奶,食品饮料,69,2,138,花呗,已完成,无退款
ORD2025002345,2025-12-26 00:50:10,U01701,女,广东省,广州市,P5001,雀巢咖啡,食品饮料,89,2,178,银行卡,已完成,无退款
ORD2025001438,2025-12-04 09:39:07,U00444,女,广东省,广州市,P4002,阿迪达斯卫衣,服饰鞋包,399,1,399,花呗,已完成,无退款
ORD2025002769,2025-05-26 01:21:11,U01318,女,江苏省,苏州市,P4003,优衣库羽绒服,服饰鞋包,799,1,799,支付宝,已完成,无退款
ORD2025001435,2025-02-23 14:29:55,U01019,男,上海市,上海市,P3001,戴尔 27英寸显示器,电脑办公,1499,1,1499,银行卡,已完成,无退款
ORD2025002869,2025-11-17 01:02:44,U00526,男,山东省,济南市,P4001,耐克运动鞋,服饰鞋包,599,1,599,微信支付,已完成,无退款
ORD2025003683,2025-03-26 10:19:04,U00586,男,上海市,上海市,P5001,雀巢咖啡,食品饮料,89,1,89,花呗,已完成,无退款
ORD2025004131,2025-11-01 17:42:09,U01236,男,北京市,北京市,P4001,耐克运动鞋,服饰鞋包,599,1,599,支付宝,已发货,无退款
ORD2025004409,2025-10-30 01:49:44,U00862,女,上海市,上海市,P3001,戴尔 27英寸显示器,电脑办公,1499,1,1499,银行卡,已完成,无退款
ORD2025003339,2025-03-10 02:25:02,U00122,女,江苏省,南京市,P3001,戴尔 27英寸显示器,电脑办公,1499,1,1499,花呗,已完成,无退款
ORD2025001124,2025-10-19 05:00:50,U00416,女,广东省,东莞市,P5002,蒙牛纯牛奶,食品饮料,69,2,138,银行卡,已完成,无退款
ORD2025004500,2025-07-06 02:05:39,U00976,女,广东省,深圳市,P5002,蒙牛纯牛奶,食品饮料,69,2,138,花呗,已完成,无退款
ORD2025000102,2025-12-24 04:29:49,U01229,男,上海市,上海市,P1004,小米 15,手机,3999,1,3999,微信支付,已发货,无退款
ORD2025002839,2025-09-05 21:29:28,U00558,男,陕西省,宝鸡市,P1004,小米 15,手机,3999,2,7998,花呗,已发货,无退款
ORD2025002298,2025-07-12 08:31:11,U00923,男,河南省,洛阳市,P3001,戴尔 27英寸显示器,电脑办公,1499,4,5996,支付宝,已完成,无退款
ORD2025004800,2025-02-22 12:01:09,U01592,男,浙江省,杭州市,P4003,优衣库羽绒服,服饰鞋包,799,1,799,支付宝,已完成,无退款
ORD2025002462,2025-02-16 13:48:59,U01023,男,浙江省,宁波市,P1002,iPhone 15 Pro,手机,6999,3,20997,支付宝,已完成,无退款
ORD2025001337,2025-06-13 03:50:37,U00559,男,江苏省,南京市,P3003,机械革命游戏本,电脑办公,6299,1,6299,微信支付,已完成,无退款
ORD2025003916,2025-12-13 09:12:17,U00596,女,四川省,成都市,P2002,华为 FreeBuds,数码配件,999,1,999,支付宝,已完成,无退款
ORD2025004662,2025-09-05 17:25:50,U00555,男,四川省,成都市,P2005,机械键盘 ,电脑配件,399,1,399,花呗,已完成,已退款
ORD2025003230,2025-09-28 21:05:50,U00687,女,河南省,洛阳市,P2005,机械键盘,电脑配件,399,2,798,花呗,已完成,无退款
ORD2025002789,2025-06-11 04:56:50,U00393,女,上海市,上海市,P3001,戴尔 27英寸显示器,电脑办公,1499,1,1499,微信支付,已完成,无退款
ORD2025000611,2025-12-01 07:57:57,U01162,女,山东省,济南市,P5002,蒙牛纯牛奶,食品饮料,69,1,69,支付宝,已发货,无退款
ORD2025004185,2025-09-10 12:13:49,U00043,女,上海市,上海市,P1005,荣耀 Magic7,手机,4499,1,4499,支付宝,已完成,无退款
ORD2025001178,2025-07-03 09:29:40,U00699,男,四川省,绵阳市,P3001,戴尔 27英寸显示器,电脑办公,1499,1,1499,支付宝,已完成,无退款
ORD2025002339,2025-08-16 20:19:26,U00274,男,上海市,上海市,P2003,小米手环 9,数码配件,299,3,897,银行卡,已完成,无退款
ORD2025003935,2025-02-26 16:10:14,U01756,男,山东省,烟台市,P2002,华为 FreeBuds,数码配件,999,3,2997,支付宝,已完成,无退款
ORD2025000191,2025-12-16 13:19:59,U01786,男,江苏省,无锡市,P3003,机械革命游戏本,电脑办公,6299,1,6299,支付宝,已完成,无退款
ORD2025000112,2025-07-22 14:45:45,U00169,女,上海市,上海市,P3003,机械革命游戏本,电脑办公,6299,1,6299,微信支付,已完成,无退款
ORD2025004100,2025-08-24 04:58:36,U01642,女,江苏省,南京市,P2002,华为 FreeBuds,数码配件,999,1,999,支付宝,已完成,无退款
ORD2025004484,2025-03-19 14:47:19,U00250,女,山东省,青岛市,P2003,小米手环 9,数码配件,299,1,299,花呗,已发货,无退款
ORD2025001105,2025-11-28 21:27:15,U00422,男,浙江省,宁波市,P4002,阿迪达斯卫衣,服饰鞋包,399,1,399,支付宝,已完成,无退款
ORD2025000018,2025-09-21 04:39:17,U00865,女,北京市,北京市,P4002,阿迪达斯卫衣,服饰鞋包,399,1,399,支付宝,已完成,无退款
ORD2025004487,2025-09-23 09:35:36,U01548,女,浙江省,金华市,P4003,优衣库羽绒服,服饰鞋包,799,4,3196,银行卡,已完成,无退款
ORD2025001575,2025-05-01 18:52:19,U00500,女,北京市,北京市,P3001,戴尔 27英寸显示器,电脑办公,1499,1,1499,支付宝,已完成,无退款
ORD2025000363,2025-04-15 10:51:16,U00499,男,江苏省,南京市,P4001,耐克运动鞋,服饰鞋包,599,1,599,花呗,已完成,无退款
ORD2025004024,2025-02-10 08:16:56,U00087,女,北京市,北京市,P5001,雀巢咖啡,食品饮料,89,2,178,支付宝,已取消,无退款
ORD2025001235,2025-02-08 22:12:52,U01453,女,陕西省,咸阳市,P3001,戴尔 27英寸显示器,电脑办公,1499,2,2998,银行卡,已完成,无退款
ORD2025001502,2025-02-21 03:01:52,U00857,男,四川省,成都市,P2001,AirPods Pro 2,数码配件,1899,3,5697,微信支付,已完成,已退款
ORD2025001817,2025-09-22 10:06:16,U00277,女,山东省,烟台市,P2001,AirPods Pro 2,数码配件,1899,1,1899,银行卡,已完成,无退款
ORD2025000462,2025-08-28 05:55:12,U01103,女,浙江省,杭州市,P3002,联想小新笔记本,电脑办公,4999,1,4999,花呗,待付款,无退款
ORD2025001059,2025-12-23 18:42:49,U01135,女,广东省,深圳市,P1002,iPhone 15 Pro,手机,6999,1,6999,支付宝,已完成,无退款
ORD2025004559,2025-07-31 14:08:28,U00744,女,山东省,青岛市,P4002,阿迪达斯卫衣,服饰鞋包,399,1,399,支付宝,已完成,无退款
ORD2025001593,2025-07-25 22:24:35,U01682,男,湖北省,襄阳市,P5003,三只松鼠坚果,食品饮料,59,1,59,支付宝,已取消,无退款
ORD2025000847,2025-09-08 10:59:04,U00726,女,浙江省,宁波市,P3002,联想小新笔记本,电脑办公,4999,1,4999,花呗,已取消,无退款
ORD2025001564,2025-01-04 20:55:40,U00375,男,山东省,烟台市,P4002,阿迪达斯卫衣,服饰鞋包,399,2,798,银行卡,已完成,无退款
ORD2025000276,2025-03-08 18:19:40,U01170,男,浙江省,宁波市,P1001,iPhone 15,手机,4999,3,14997,银行卡,已完成,无退款
ORD2025004518,2025-09-08 17:21:43,U01130,女,上海市,上海市,P3004,打印机,电脑办公,899,2,1798,支付宝,已完成,无退款
ORD2025003394,2025-04-08 01:26:46,U01733,男,湖北省,武汉市,P3002,联想小新笔记本,电脑办公,4999,1,4999,银行卡,已完成,无退款
ORD2025004502,2025-02-15 06:02:52,U00978,男,江苏省,苏州市,P3001,戴尔 27英寸显示器,电脑办公,1499,2,2998,支付宝,退款中,退款中
ORD2025003790,2025-09-09 08:07:44,U00674,女,山东省,烟台市,P2001,AirPods Pro 2,数码配件,1899,1,1899,花呗,已完成,无退款
ORD2025004159,2025-10-10 02:53:06,U01483,男,浙江省,温州市,P3003,机械革命游戏本,电脑办公,6299,4,25196,微信支付,待付款,无退款
ORD2025002429,2025-05-29 12:35:00,U01453,男,江苏省,苏州市,P3004,打印机,电脑办公,899,2,1798,微信支付,已完成,无退款
ORD2025002781,2025-01-03 20:55:54,U00076,女,北京市,北京市,P1004,小米 15,手机,3999,1,3999,微信支付,待付款,无退款
ORD2025000671,2025-11-01 13:24:12,U00020,男,上海市,上海市,P3002,联想小新笔记本,电脑办公,4999,3,14997,支付宝,已完成,无退款
ORD2025001599,2025-03-08 14:57:36,U00474,女,上海市,上海市,P2001,AirPods Pro 2,数码配件,1899,2,3798,花呗,已完成,无退款
ORD2025001111,2025-12-28 04:10:23,U00644,男,上海市,上海市,P1002,iPhone 15 Pro,手机,6999,1,6999,银行卡,已完成,无退款
ORD2025000508,2025-12-11 22:01:22,U01611,女,湖北省,武汉市,P2005,机械键盘,电脑配件,399,2,798,支付宝,已完成,无退款
ORD2025003433,2025-05-29 12:14:14,U01281,男,山东省,济南市,P1001,iPhone 15,手机,4999,2,9998,支付宝,已完成,无退款
ORD2025002103,2025-12-02 07:12:37,U00987,女,河南省,洛阳市,P4003,优衣库羽绒服,服饰鞋包,799,4,3196,支付宝,已完成,无退款
ORD2025001169,2025-08-12 14:32:35,U01521,女,山东省,烟台市,P3004,打印机,电脑办公,899,2,1798,花呗,已发货,无退款
ORD2025003254,2025-05-21 11:54:56,U00112,男,上海市,上海市,P1003,华为 Mate 70,手机,5499,2,10998,花呗,已完成,已退款
ORD2025004864,2025-08-05 15:23:21,U00135,男,上海市,上海市,P3003,机械革命游戏本,电脑办公,6299,3,18897,支付宝,已完成,无退款
ORD2025001776,2025-04-20 07:51:42,U01402,女,浙江省,宁波市,P2003,小米手环 9,数码配件,299,1,299,花呗,已发货,无退款
ORD2025002332,2025-09-16 13:20:05,U00349,女,山东省,济南市,P4003,优衣库羽绒服,服饰鞋包,799,3,2397,花呗,已完成,无退款
ORD2025002880,2025-03-01 07:04:16,U01137,女,四川省,德阳市,P5003,三只松鼠坚果,食品饮料,59,2,118,微信支付,已完成,无退款
ORD2025001444,2025-08-16 08:55:23,U00885,男,上海市,上海市,P1003,华为 Mate 70,手机,5499,2,10998,花呗,已完成,无退款
ORD2025004863,2025-07-01 10:03:01,U00873,男,陕西省,宝鸡市,P4003,优衣库羽绒服,服饰鞋包,799,1,799,银行卡,已发货,无退款
ORD2025000799,2025-03-25 22:29:46,U01114,男,北京市,北京市,P1002,iPhone 15 Pro,手机,6999,2,13998,银行卡,已完成,无退款
ORD2025003100,2025-08-30 19:44:22,U00228,女,广东省,广州市,P4002,阿迪达斯卫衣,服饰鞋包,399,2,798,支付宝,已完成,无退款
ORD2025002358,2025-06-15 19:05:46,U01310,女,河南省,洛阳市,P4003,优衣库羽绒服,服饰鞋包,799,2,1598,银行卡,已完成,无退款
ORD2025001165,2025-02-26 23:50:02,U01300,女,山东省,济南市,P4003,优衣库羽绒服,服饰鞋包,799,3,2397,支付宝,已完成,无退款
ORD2025003089,2025-05-06 07:28:55,U00141,男,陕西省,咸阳市,P5001,雀巢咖啡,食品饮料,89,1,89,微信支付,已发货,无退款
ORD2025001408,2025-05-14 02:29:46,U00201,女,河南省,洛阳市,P3002,联想小新笔记本,电脑办公,4999,1,4999,支付宝,已完成,无退款
ORD2025001786,2025-05-28 07:15:51,U00057,女,上海市,上海市,P1002,iPhone 15 Pro,手机,6999,1,6999,支付宝,已完成,无退款
ORD2025003950,2025-12-21 23:09:37,U00108,男,北京市,北京市,P1004,小米 15,手机,3999,1,3999,支付宝,已完成,无退款
ORD2025003711,2025-01-16 17:01:32,U00289,女,陕西省,咸阳市,P1001,iPhone 15,手机,4999,1,4999,花呗,退款中,退款中
ORD2025001206,2025-11-11 01:37:54,U00887,男,北京市,北京市,P1004,小米 15,手机,3999,1,3999,花呗,已完成,无退款
ORD2025004681,2025-03-12 11:41:03,U00930,男,江苏省,苏州市,P3002,联想小新笔记本,电脑办公,4999,1,4999,微信支付,已取消,无退款
ORD2025003869,2025-03-05 05:08:37,U01765,女,江苏省,无锡市,P2001,AirPods Pro 2,数码配件,1899,2,3798,花呗,已完成,无退款
ORD2025002996,2025-03-02 16:22:05,U01389,男,湖北省,武汉市,P1003,华为 Mate 70,手机,5499,1,5499,银行卡,已取消,无退款
ORD2025002030,2025-03-31 23:51:23,U00568,女,山东省,青岛市,P1004,小米 15,手机,3999,3,11997,银行卡,已完成,无退款
ORD2025003989,2025-04-06 03:50:33,U01362,女,广东省,东莞市,P3001,戴尔 27英寸显示器,电脑办公,1499,2,2998,微信支付,已完成,无退款
ORD2025000575,2025-01-03 17:25:02,U01509,女,北京市,北京市,P4001,耐克运动鞋,服饰鞋包,599,1,599,银行卡,已发货,无退款
ORD2025000256,2025-04-24 15:34:52,U00416,女,上海市,上海市,P3004,打印机,电脑办公,899,2,1798,花呗,已完成,无退款
ORD2025000755,2025-03-06 22:00:36,U00846,男,四川省,成都市,P2004,罗技 MX Master 3S,电脑配件,699,1,699,微信支付,已完成,无退款
ORD2025003468,2025-08-19 10:52:41,U00078,男,山东省,烟台市,P3002,联想小新笔记本,电脑办公,4999,2,9998,微信支付,已完成,无退款
ORD2025000888,2025-12-27 06:12:52,U01183,女,广东省,广州市,P2001,AirPods Pro 2,数码配件,1899,1,1899,花呗,已完成,无退款
ORD2025002138,2025-07-15 20:05:56,U00282,女,广东省,佛山市,P5002,蒙牛纯牛奶,食品饮料,69,4,276,微信支付,已完成,无退款
ORD2025003633,2025-04-27 06:00:59,U01655,女,湖北省,襄阳市,P1001,iPhone 15,手机,4999,1,4999,微信支付,已完成,无退款
ORD2025001173,2025-10-18 17:17:50,U00047,女,河南省,南阳市,P3004,打印机,电脑办公,899,1,899,微信支付,已完成,无退款
ORD2025002514,2025-07-23 06:20:24,U01229,女,湖北省,襄阳市,P3002,联想小新笔记本,电脑办公,4999,1,4999,花呗,已完成,无退款
ORD2025000202,2025-12-19 18:35:40,U00329,女,陕西省,宝鸡市,P2005,机械键盘,电脑配件,399,2,798,支付宝,已完成,无退款
ORD2025002205,2025-01-28 19:24:23,U00326,男,湖北省,宜昌市,P2003,小米手环 9,数码配件,299,1,299,微信支付,已完成,无退款
ORD2025001534,2025-10-13 11:40:50,U01270,女,河南省,郑州市,P1001,iPhone 15,手机,4999,1,4999,微信支付,已完成,无退款
ORD2025004462,2025-05-06 16:21:39,U01272,女,北京市,北京市,P3003,机械革命游戏本,电脑办公,6299,2,12598,支付宝,已完成,无退款
ORD2025003097,2025-11-09 00:38:31,U01793,女,四川省,德阳市,P2003,小米手环 9,数码配件,299,3,897,微信支付,已完成,无退款
ORD2025001162,2025-07-31 18:33:34,U01628,男,陕西省,咸阳市,P4001,耐克运动鞋,服饰鞋包,599,3,1797,微信支付,已完成,无退款
ORD2025003419,2025-09-23 23:33:59,U00646,女,湖北省,襄阳市,P4003,优衣库羽绒服,服饰鞋包,799,1,799,支付宝,已完成,无退款
ORD2025001978,2025-11-12 20:29:35,U00164,男,四川省,绵阳市,P3001,戴尔 27英寸显示器,电脑办公,1499,1,1499,支付宝,已完成,无退款
ORD2025004897,2025-10-19 08:30:23,U00380,女,四川省,绵阳市,P4002,阿迪达斯卫衣,服饰鞋包,399,1,399,微信支付,待付款,无退款
ORD2025002749,2025-09-29 18:15:11,U01135,女,四川省,德阳市,P2001,AirPods Pro 2,数码配件,1899,1,1899,花呗,已发货,无退款
ORD2025000080,2025-08-23 11:57:34,U00435,女,江苏省,苏州市,P2002,华为 FreeBuds,数码配件,999,1,999,支付宝,已发货,无退款
ORD2025002897,2025-02-24 06:20:12,U00788,女,江苏省,,P4003,优衣库羽绒服,服饰鞋包,799,1,799,花呗,已完成,无退款
ORD2025002734,2025-07-13 15:01:13,U00276,女,浙江省,宁波市,P2003,小米手环 9,数码配件,299,1,299,花呗,退款中,退款中
ORD2025002244,2025-03-20 11:40:08,U00864,男,浙江省,宁波市,P1001,iPhone 15,手机,4999,1,4999,花呗,已完成,无退款
ORD2025002340,2025-03-28 11:06:22,U01740,女,湖北省,襄阳市,P2003,小米手环 9,数码配件,299,1,299,微信支付,已完成,无退款
ORD2025001495,2025-07-15 18:44:46,U00471,女,上海市,上海市,P3003,机械革命游戏本,电脑办公,6299,1,6299,花呗,已完成,无退款
ORD2025001366,2025-05-03 04:17:21,U01430,女,陕西省,宝鸡市,P1004,小米 15,手机,3999,1,3999,银行卡,已完成,无退款
ORD2025000969,2025-01-01 23:13:12,U00824,女,江苏省,常州市,P2003,小米手环 9,数码配件,299,3,897,支付宝,已完成,无退款
ORD2025001115,2025-08-07 17:39:45,U00086,女,广东省,广州市,P2004,罗技 MX Master 3S,电脑配件,699,1,699,支付宝,已完成,无退款
ORD2025000602,2025-12-10 06:52:13,U01341,女,陕西省,咸阳市,P3002,联想小新笔记本,电脑办公,4999,1,4999,银行卡,已发货,无退款
ORD2025002232,2025-08-30 22:48:38,U00170,女,浙江省,金华市,P2002,华为 FreeBuds,数码配件,999,1,999,支付宝,已发货,无退款
ORD2025003179,2025-02-26 04:31:32,U00159,男,河南省,南阳市,P3002,联想小新笔记本,电脑办公,4999,1,4999,支付宝,已完成,无退款
ORD2025003285,2025-11-08 22:56:32,U01508,男,上海市,上海市,P3002,联想小新笔记本,电脑办公,4999,3,14997,银行卡,已完成,无退款
ORD2025003899,2025-02-20 20:01:15,U00196,男,江苏省,苏州市,P5003,三只松鼠坚果,食品饮料,59,2,118,花呗,已完成,无退款
ORD2025002518,2025-10-25 14:59:31,U00152,男,四川省,德阳市,P1003,华为 Mate 70,手机,5499,2,10998,银行卡,已完成,无退款
ORD2025000422,2025-01-14 21:12:44,U00858,男,浙江省,金华市,P1005,荣耀 Magic7,手机,4499,1,4499,支付宝,已完成,无退款
ORD2025004586,2025-01-09 13:21:39,U00601,女,河南省,南阳市,P5003,三只松鼠坚果,食品饮料,59,3,177,支付宝,已发货,无退款
ORD2025002081,2025-12-14 01:49:01,U00318,女,湖北省,襄阳市,P1002,iPhone 15 Pro,手机,6999,1,6999,支付宝,已完成,无退款
ORD2025003652,2025-01-08 07:15:42,U00281,女,湖北省,襄阳市,P3001,戴尔 27英寸显示器,电脑办公,1499,2,2998,微信支付,已完成,无退款
ORD2025003200,2025-08-31 07:23:17,U00820,男,广东省,东莞市,P2004,罗技 MX Master 3S,电脑配件,699,2,1398,支付宝,已完成,无退款
ORD2025004452,2025-10-17 17:29:15,U00186,男,湖北省,襄阳市,P1002,iPhone 15 Pro,手机,6999,2,13998,微信支付,已完成,无退款
ORD2025004548,2025-06-07 01:32:58,U01147,男,湖北省,襄阳市,P1005,荣耀 Magic7,手机,4499,2,8998,花呗,已完成,无退款
ORD2025001037,2025-09-10 23:48:11,U00766,女,江苏省,常州市,P3003,机械革命游戏本,电脑办公,6299,1,6299,微信支付,已完成,无退款
ORD2025000610,2025-11-10 19:27:11,U00885,男,广东省,东莞市,P3001,戴尔 27英寸显示器,电脑办公,1499,1,1499,银行卡,已完成,无退款
ORD2025004552,2025-12-03 18:59:40,U01209,女,四川省,德阳市,P3003,机械革命游戏本,电脑办公,6299,2,12598,银行卡,已完成,无退款
ORD2025004359,2025-03-03 04:57:19,U00050,女,湖北省,宜昌市,P2002,华为 FreeBuds,数码配件,999,3,2997,银行卡,已完成,无退款
ORD2025001999,2025-03-10 06:06:31,U00183,男,四川省,绵阳市,P1005,荣耀 Magic7,手机,4499,1,4499,银行卡,待付款,无退款
ORD2025004461,2025-07-19 07:48:47,U01292,女,陕西省,咸阳市,P1005,荣耀 Magic7,手机,4499,1,4499,支付宝,已完成,无退款
ORD2025000978,2025-09-16 06:03:44,U00484,女,北京市,北京市,P1003,华为 Mate 70,手机,5499,1,5499,银行卡,已完成,无退款
ORD2025000648,2025-12-17 19:29:53,U01004,男,浙江省,金华市,P4002,阿迪达斯卫衣,服饰鞋包,399,4,1596,花呗,已完成,无退款
ORD2025004678,2025-03-21 23:51:17,U00391,女,江苏省,无锡市,P5002,蒙牛纯牛奶,食品饮料,69,3,207,支付宝,已完成,无退款
ORD2025002957,2025-08-07 20:35:49,U00395,女,山东省,烟台市,P3004,打印机,电脑办公,899,1,899,支付宝,待付款,无退款
ORD2025004533,2025-05-17 17:05:54,U01439,男,江苏省,苏州市,P1004,小米 15,手机,3999,1,3999,支付宝,已完成,无退款
ORD2025003536,2025-11-07 04:58:28,U01029,女,四川省,绵阳市,P2003,小米手环 9,数码配件,299,1,299,花呗,已发货,无退款
ORD2025002851,2025-04-24 21:58:43,U00794,男,河南省,南阳市,P4002,阿迪达斯卫衣,服饰鞋包,399,2,798,银行卡,已完成,无退款
ORD2025002802,2025-11-20 16:04:07,U00933,女,湖北省,武汉市,P1002,iPhone 15 Pro,手机,6999,2,13998,花呗,完成,无退款
ORD2025000396,2025-05-06 13:52:29,U00368,女,河南省,南阳市,P5003,三只松鼠坚果,食品饮料,59,1,59,花呗,待付款,无退款
ORD2025004046,2025-12-18 22:44:29,U00476,男,山东省,青岛市,P2003,小米手环 9,数码配件,299,1,299,花呗,已完成,无退款
ORD2025002952,2025-09-01 09:23:56,U00343,男,四川省,德阳市,P3004,打印机,电脑办公,899,1,899,花呗,已完成,无退款
ORD2025001638,2025-06-10 07:01:39,U00690,女,上海市,上海市,P2005,机械键盘,电脑配件,399,3,1197,支付宝,已发货,无退款
ORD2025001886,2025-09-19 02:38:49,U01464,男,北京市,北京市,P1005,荣耀 Magic7,手机,4499,2,8998,银行卡,已完成,无退款
ORD2025002690,2025-01-08 04:08:32,U01739,男,浙江省,宁波市,P3004,打印机,电脑办公,899,1,899,花呗,已完成,无退款
ORD2025004568,2025-07-29 20:04:42,U00842,女,河南省,南阳市,P4001,耐克运动鞋,服饰鞋包,599,2,1198,银行卡,已完成,无退款
ORD2025004828,2025-03-27 20:30:31,U01691,女,河南省,南阳市,P2003,小米手环 9,数码配件,299,5,1495,微信支付,已完成,无退款
ORD2025001251,2025-07-20 14:23:16,U01135,女,北京市,北京市,P3001,戴尔 27英寸显示器,电脑办公,1499,4,5996,银行卡,已发货,无退款
ORD2025004957,2025-02-17 08:18:39,U00059,女,浙江省,金华市,P1005,荣耀 Magic7,手机,4499,1,4499,花呗,已完成,无退款
ORD2025003389,2025-02-15 04:46:45,U01124,女,山东省,济南市,P1002,iPhone 15 Pro,手机,6999,1,6999,银行卡,已发货,无退款
ORD2025004654,2025-08-18 20:49:21,U00685,女,浙江省,宁波市,P5001,雀巢咖啡,食品饮料,89,2,178,银行卡,已完成,无退款
ORD2025000360,2025-09-24 10:45:28,U01614,女,浙江省,宁波市,P2003,小米手环 9,数码配件,299,1,299,银行卡,已完成,无退款
ORD2025000588,2025-10-04 19:03:46,U00970,女,上海市,上海市,P1005,荣耀 Magic7,手机,4499,2,8998,花呗,已完成,无退款
ORD2025003927,2025-08-11 12:34:19,U00189,女,江苏省,无锡市,P1001,iPhone 15,手机,4999,1,4999,微信支付,已完成,无退款
ORD2025002417,2025-07-17 00:34:07,U01452,男,山东省,烟台市,P4003,优衣库羽绒服,服饰鞋包,799,2,1598,微信支付,已完成,无退款
ORD2025000600,2025-07-11 10:15:32,U01282,女,陕西省,咸阳市,P2004,罗技 MX Master 3S,电脑配件,699,1,699,银行卡,已完成,无退款
ORD2025001912,2025-11-21 02:36:09,U00244,女,江苏省,常州市,P5003,三只松鼠坚果,食品饮料,59,1,59,微信支付,已完成,无退款
ORD2025000913,2025-10-26 19:43:10,U00730,女,上海市,上海市,P1003,华为 Mate 70,手机,5499,3,16497,支付宝,已完成,无退款
ORD2025000227,2025-02-09 12:10:14,U01442,女,河南省,洛阳市,P3004,打印机,电脑办公,899,4,3596,花呗,已完成,无退款
ORD2025003360,2025-04-14 11:51:17,U00699,女,浙江省,金华市,P3004,打印机,电脑办公,899,2,1798,银行卡,已完成,无退款
ORD2025002825,2025-11-02 21:50:59,U01488,男,浙江省,宁波市,P5001,雀巢咖啡,食品饮料,89,1,89,花呗,已完成,无退款
ORD2025001259,2025-01-30 17:43:16,U01324,男,浙江省,宁波市,P2003,小米手环 9,数码配件,299,2,598,支付宝,已完成,无退款
ORD2025001223,2025-12-22 23:26:33,U01542,男,四川省,绵阳市,P3004,打印机,电脑办公,899,1,899,支付宝,已取消,无退款
ORD2025000916,2025-04-11 07:40:13,U01553,男,陕西省,西安市,P4003,优衣库羽绒服,服饰鞋包,799,1,799,银行卡,待付款,无退款
ORD2025000492,2025-05-28 23:41:23,U00555,男,北京市,北京市,P5002,蒙牛纯牛奶,食品饮料,69,5,345,花呗,已取消,无退款
ORD2025003769,2025-03-17 11:37:46,U01667,男,河南省,南阳市,P5003,三只松鼠坚果,食品饮料,59,3,177,银行卡,已完成,无退款
ORD2025001373,2025-10-22 10:01:26,U00229,男,四川省,成都市,P3003,机械革命游戏本,电脑办公,6299,1,6299,花呗,已完成,无退款
ORD2025001988,2025-09-22 14:35:26,U00881,女,山东省,烟台市,P2003,小米手环 9,数码配件,299,1,299,支付宝,已完成,无退款
ORD2025001367,2025-02-28 04:26:25,U01175,男,北京市,北京市,P2005,机械键盘,电脑配件,399,1,399,支付宝,已完成,无退款
ORD2025002696,2025-09-11 21:12:37,U00764,女,湖北省,宜昌市,P5003,三只松鼠坚果,食品饮料,59,1,59,银行卡,已完成,无退款
ORD2025000915,2025-02-01 23:28:24,U00268,女,浙江省,金华市,P1003,华为 Mate 70,手机,5499,1,5499,微信支付,已完成,无退款
ORD2025001003,2025-12-09 19:02:31,U00530,女,上海市,上海市,P2002,华为 FreeBuds,数码配件,999,2,1998,支付宝,已完成,无退款
ORD2025003610,2025-02-23 17:19:54,U00254,女,北京市,北京市,P1005,荣耀 Magic7,手机,4499,1,4499,微信支付,已完成,无退款
ORD2025003562,2025-02-14 17:53:30,U01573,女,山东省,青岛市,P4001,耐克运动鞋,服饰鞋包,599,1,599,银行卡,已完成,无退款
ORD2025004830,2025-04-23 22:09:02,U00614,男,江苏省,常州市,P1005,荣耀 Magic7,手机,4499,2,8998,支付宝,已完成,无退款
ORD2025002295,2025-02-13 00:40:43,U01502,男,江苏省,无锡市,P2003,小米手环 9,数码配件,299,1,299,,已完成,无退款
ORD2025000517,2025-11-24 06:14:11,U00999,女,河南省,南阳市,P1001,iPhone 15,手机,4999,4,19996,银行卡,已完成,无退款
ORD2025001135,2025-07-02 17:59:07,U00089,男,河南省,洛阳市,P3001,戴尔 27英寸显示器,电脑办公,1499,1,1499,银行卡,已完成,无退款
ORD2025004404,2025-08-16 13:15:33,U00919,男,河南省,洛阳市,P1005,荣耀 Magic7,手机,4499,2,8998,花呗,已完成,无退款
ORD2025001702,2025-04-02 16:27:51,U01523,女,四川省,成都市,P1003,华为 Mate 70,手机,5499,1,5499,微信支付,已完成,无退款
ORD2025003552,2025-05-28 04:52:54,U01662,男,浙江省,金华市,P2003,小米手环 9,数码配件,299,2,598,支付宝,已完成,无退款
ORD2025000813,2025-11-15 01:13:33,U01413,男,河南省,郑州市,P2001,AirPods Pro 2,数码配件,1899,2,3798,支付宝,已完成,无退款
ORD2025003090,2025-01-22 23:37:09,U00882,女,河南省,洛阳市,P3002,联想小新笔记本,电脑办公,4999,1,4999,花呗,待付款,无退款
ORD2025004485,2025-08-13 10:41:49,U01160,女,广东省,佛山市,P2001,AirPods Pro 2,数码配件,1899,1,1899,银行卡,已完成,无退款
ORD2025001103,2025-06-21 07:02:05,U01034,男,广东省,广州市,P5002,蒙牛纯牛奶,食品饮料,69,1,69,花呗,已完成,已退款
ORD2025002218,2025-11-28 16:07:03,U00268,男,北京市,北京市,P5002,蒙牛纯牛奶,食品饮料,69,1,69,银行卡,退款中,退款中
ORD2025000015,2025-01-26 11:34:01,U01255,男,上海市,上海市,P4001,耐克运动鞋,服饰鞋包,599,3,1797,花呗,已完成,无退款
ORD2025003750,2025-09-10 19:41:28,U01619,男,四川省,德阳市,P2001,AirPods Pro 2,数码配件,1899,1,1899,银行卡,已发货,无退款
ORD2025003676,2025-11-17 19:52:36,U01018,女,河南省,郑州市,P1001,iPhone 15,手机,4999,1,4999,支付宝,已完成,无退款
ORD2025004313,2025-07-22 12:31:15,U01469,男,上海市,上海市,P1003,华为 Mate 70,手机,5499,1,5499,支付宝,已发货,无退款
ORD2025002294,2025-11-30 14:48:07,U00011,女,河南省,洛阳市,P1004,小米 15,手机,3999,4,15996,银行卡,已发货,无退款
ORD2025003827,2025-10-04 07:07:36,U00686,女,北京市,北京市,P5003,三只松鼠坚果,食品饮料,59,1,59,支付宝,已完成,已退款
ORD2025000429,2025-02-06 08:30:25,U00162,女,陕西省,咸阳市,P1001,iPhone 15,手机,4999,1,4999,微信支付,待付款,无退款
ORD2025001822,2025-10-29 23:41:14,U00435,女,四川省,绵阳市,P5002,蒙牛纯牛奶,食品饮料,69,1,69,微信支付,已完成,无退款
ORD2025004906,2025-11-14 17:20:14,U00661,女,上海市,上海市,P2005,机械键盘,电脑配件,399,1,399,支付宝,已完成,无退款
ORD2025003462,2025-05-12 01:55:03,U00440,女,上海市,上海市,P4003,优衣库羽绒服,服饰鞋包,799,2,1598,支付宝,已发货,无退款
ORD2025001514,2025-09-28 17:57:11,U00271,男,河南省,南阳市,P1003,华为 Mate 70,手机,5499,2,10998,支付宝,已取消,无退款
ORD2025004034,2025-11-28 16:00:16,U01254,男,江苏省,南京市,P3003,机械革命游戏本,电脑办公,6299,1,6299,支付宝,已发货,无退款
ORD2025001832,2025-07-13 21:43:02,U01034,女,湖北省,武汉市,P5003,三只松鼠坚果,食品饮料,59,3,177,银行卡,已取消,已退款
ORD2025001477,2025-11-12 06:40:17,U00551,男,陕西省,宝鸡市,P1002,iPhone 15 Pro,手机,6999,2,13998,支付宝,已完成,已退款
ORD2025003347,2025-05-15 13:37:45,U01119,女,江苏省,常州市,P4001,耐克运动鞋,服饰鞋包,599,1,599,银行卡,待付款,无退款
ORD2025000845,2025-06-19 17:44:42,U00034,男,陕西省,咸阳市,P5003,三只松鼠坚果,食品饮料,59,3,177,支付宝,已完成,无退款
ORD2025000419,2025-11-18 03:44:11,U01362,女,四川省,绵阳市,P2005,机械键盘,电脑配件,399,1,399,微信支付,已完成,无退款
ORD2025003595,2025-05-13 22:44:32,U00092,女,陕西省,咸阳市,P2002,华为 FreeBuds,数码配件,999,1,999,支付宝,已发货,无退款
ORD2025000426,2025-04-30 20:48:42,U00445,男,江苏省,无锡市,P1005,荣耀 Magic7,手机,4499,1,4499,微信支付,已完成,已退款
ORD2025003334,2025-06-03 00:19:11,U00393,女,陕西省,宝鸡市,P5001,雀巢咖啡,食品饮料,89,1,89,银行卡,待付款,无退款
ORD2025003315,2025-03-01 15:16:41,U01210,男,浙江省,温州市,P3002,联想小新笔记本,电脑办公,4999,3,14997,支付宝,已发货,无退款
ORD2025002646,2025-07-17 03:35:33,U00797,男,江苏省,苏州市,P1003,华为 Mate 70,手机,5499,1,5499,银行卡,已完成,无退款
ORD2025003041,2025-11-15 03:42:11,U01571,男,湖北省,宜昌市,P1003,华为 Mate 70,手机,5499,1,5499,支付宝,已完成,无退款
ORD2025004158,2025-04-09 00:14:17,U01320,女,陕西省,西安市,P3001,戴尔 27英寸显示器,电脑办公,1499,3,4497,花呗,已完成,无退款
ORD2025004032,2025-10-25 23:24:22,U00420,男,北京市,北京市,P3003,机械革命游戏本,电脑办公,6299,1,6299,花呗,已完成,无退款
ORD2025004860,2025-09-20 10:22:15,U01127,男,浙江省,杭州市,P2004,罗技 MX Master 3S,电脑配件,699,1,699,银行卡,已完成,无退款
ORD2025004583,2025-10-30 04:48:25,U00847,男,北京市,北京市,P2001,AirPods Pro 2,数码配件,1899,2,3798,支付宝,已完成,无退款
ORD2025001070,2025-07-06 12:40:20,U01726,男,北京市,北京市,P2001,AirPods Pro 2,数码配件,1899,1,1899,银行卡,已完成,无退款
ORD2025002137,2025-03-04 12:16:29,U01103,男,湖北省,宜昌市,P3001,戴尔 27英寸显示器,电脑办公,1499,2,2998,微信支付,已完成,无退款
ORD2025004700,2025-10-17 02:23:20,U01067,男,四川省,德阳市,P3002,联想小新笔记本,电脑办公,4999,2,9998,花呗,待付款,无退款
ORD2025004835,2025-03-16 08:23:23,U00014,男,江苏省 ,常州市,P2004,罗技 MX Master 3S,电脑配件,699,1,699,银行卡,已完成,无退款
ORD2025000909,2025-01-24 14:26:02,U00350,女,上海市,上海市,P1001,iPhone 15,手机,4999,2,9998,银行卡,已完成,无退款
ORD2025002732,2025-01-22 21:54:34,U01588,男,上海市,上海市,P1002,iPhone 15 Pro,手机,6999,2,13998,银行卡,已完成,无退款
ORD2025004569,2025-06-02 11:27:37,U00887,女,浙江省,杭州市,P5001,雀巢咖啡,食品饮料,89,1,89,花呗,已完成,无退款
ORD2025004154,2025-01-28 01:20:44,U01292,男,广东省,深圳市,P1001,iPhone 15,手机,4999,2,9998,银行卡,已完成,无退款
ORD2025003113,2025-08-06 19:41:04,U00320,男,湖北省,襄阳市,P2003,小米手环 9,数码配件,299,1,299,支付宝,已发货,无退款
ORD2025003337,2025-12-23 10:55:42,U01378,女,陕西省,西安市,P4001,耐克运动鞋,服饰鞋包,599,2,1198,微信支付,已完成,无退款
ORD2025001472,2025-12-19 23:37:43,U00552,男,山东省,烟台市,P2005,机械键盘,电脑配件,399,1,399,支付宝,已完成,无退款
ORD2025003896,2025-04-13 01:19:29,U00272,女,广东省,广州市,P1003,华为 Mate 70,手机,5499,1,5499,微信支付,已完成,无退款
ORD2025003212,2025-04-22 19:07:35,U01772,男,浙江省,宁波市,P4001,耐克运动鞋,服饰鞋包,599,1,599,花呗,已完成,无退款
ORD2025001331,2025-04-25 14:03:29,U00664,男,上海市,上海市,P2002,华为 FreeBuds,数码配件,999,2,1998,花呗,已完成,无退款
ORD2025004953,2025-04-26 10:47:10,U01309,男,广东省,东莞市,P2003,小米手环 9,数码配件,299,1,299,微信支付,已完成,无退款
ORD2025004379,2025-07-27 20:52:44,U01157,男,四川省,成都市,P1003,华为 Mate 70,手机,5499,1,5499,微信支付,已完成,无退款
ORD2025004840,2025-05-31 01:18:15,U01721,男,江苏省,苏州市,P4002,阿迪达斯卫衣,服饰鞋包,399,3,1197,支付宝,待付款,无退款
ORD2025003625,2025-10-25 03:55:32,U00554,女,山东省,青岛市,P3004,打印机,电脑办公,899,1,899,银行卡,已完成,无退款
ORD2025002055,2025-07-10 01:15:16,U01207,男,浙江省,金华市,P3004,打印机,电脑办公,899,2,1798,银行卡,已完成,无退款
ORD2025002174,2025-08-19 00:54:58,U00357,男,陕西省,西安市,P4003,优衣库羽绒服,服饰鞋包,799,1,799,微信支付,已完成,无退款
ORD2025000308,2025-10-15 12:59:45,U01398,女,上海市,上海市,P2001,AirPods Pro 2,数码配件,1899,4,7596,银行卡,已取消,无退款
ORD2025004057,2025-04-20 19:07:11,U01795,女,湖北省,武汉市,P1004,小米 15,手机,3999,1,3999,微信支付,已完成,无退款
ORD2025004892,2025-10-11 18:46:04,U00817,男,江苏省,南京市,P3004,打印机,电脑办公,899,1,899,微信支付,已发货,无退款
ORD2025002343,2025-09-10 08:36:20,U01158,女,湖北省,襄阳市,P2003,小米手环 9,数码配件,299,1,299,微信支付,已完成,无退款
ORD2025000365,2025-10-20 19:30:07,U00375,男,江苏省,常州市,P5001,雀巢咖啡,食品饮料,89,1,89,微信支付,已取消,无退款
ORD2025000003,2025-01-17 07:07:13,U00771,男,湖北省,宜昌市,P5003,三只松鼠坚果,食品饮料,59,2,118,微信支付,已完成,无退款
ORD2025000124,2025-11-30 19:14:09,U01530,女,北京市,北京市,P2001,AirPods Pro 2,数码配件,1899,2,3798,银行卡,已完成,无退款
ORD2025004074,2025-10-30 14:38:31,U00285,男,湖北省,武汉市,P3001,戴尔 27英寸显示器,电脑办公,1499,1,1499,支付宝,已完成,无退款
ORD2025001710,2025-06-20 13:02:24,U01174,女,陕西省,西安市,P5002,蒙牛纯牛奶,食品饮料,69,1,69,支付宝,已完成,无退款
ORD2025004572,2025-11-01 06:37:29,U00543,女,浙江省,宁波市,P1003,华为 Mate 70,手机,5499,1,5499,银行卡,已完成,无退款
ORD2025004035,2025-01-24 05:45:44,U01680,女,广东省,东莞市,P2003,小米手环 9,数码配件,299,1,299,支付宝,已取消,无退款
ORD2025004740,2025-04-28 14:26:08,U00935,女,四川省,绵阳市,P5003,三只松鼠坚果,食品饮料,59,1,59,微信支付,已发货,无退款
ORD2025004619,2025-08-21 14:55:33,U00770,女,山东省,济南市,P3004,打印机,电脑办公,899,1,899,花呗,已完成,无退款
ORD2025004919,2025-06-25 18:10:00,U00520,男,陕西省,西安市,P1004,小米 15,手机,3999,1,3999,支付宝,已完成,无退款
ORD2025003232,2025-07-25 04:31:01,U01412,女,四川省,德阳市,P1004,小米 15,手机,3999,2,7998,花呗,待付款,无退款
ORD2025003224,2025-01-23 05:40:57,U00828,女,陕西省,咸阳市,P2003,小米手环 9,数码配件,299,1,299,微信支付,已发货,无退款
ORD2025001027,2025-10-15 18:26:00,U00485,女,江苏省,南京市,P2004,罗技 MX Master 3S,电脑配件,699,1,699,银行卡,已完成,无退款
ORD2025003237,2025-07-16 07:04:25,U01224,男,山东省,济南市,P1001,iPhone 15,手机,4999,2,9998,银行卡,已完成,无退款
ORD2025003066,2025-04-08 15:35:00,U00339,男,浙江省,杭州市,P2001,AirPods Pro 2,数码配件,1899,1,1899,花呗,已完成,无退款
ORD2025003687,2025-10-10 07:29:59,U00145,女,上海市,上海市,P4002,阿迪达斯卫衣,服饰鞋包,399,2,798,支付宝,已发货,无退款
ORD2025003471,2025-01-11 17:06:08,U01654,男,上海市,上海市,P2005,机械键盘,电脑配件,399,1,399,微信支付,已发货,无退款
ORD2025000725,2025-10-25 07:50:44,U00093,男,上海市,上海市,P5002,蒙牛纯牛奶,食品饮料,69,2,138,银行卡,已完成,无退款
ORD2025003361,2025-12-03 00:41:46,U01590,女,上海市,上海市,P2001,AirPods Pro 2,数码配件,1899,1,1899,支付宝,已完成,无退款
ORD2025000070,2025-10-02 03:42:07,U00407,女,浙江省,金华市,P3004,打印机,电脑办公,899,4,3596,银行卡,已完成,无退款
ORD2025004393,2025-04-12 01:07:20,U01592,女,江苏省,无锡市,P1002,iPhone 15 Pro,手机,6999,1,6999,支付宝,已完成,无退款
ORD2025004834,2025-08-01 02:18:07,U00238,女,广东省,佛山市,P3004,打印机,电脑办公,899,1,899,银行卡,已完成,无退款
ORD2025000149,2025-07-20 11:48:11,U00925,女,山东省,济南市,P4001,耐克运动鞋,服饰鞋包,599,4,2396,微信支付,已完成,无退款
ORD2025004532,2025-05-11 04:06:01,U00757,女,江苏省,南京市,P2001,AirPods Pro 2,数码配件,1899,1,1899,花呗,已完成,无退款
ORD2025002531,2025-06-26 08:25:24,U00824,男,上海市,上海市,P2005,机械键盘,电脑配件,399,1,399,支付宝,已发货,无退款
ORD2025002582,2025-03-17 02:24:14,U01100,男,湖北省,宜昌市,P4003,优衣库羽绒服,服饰鞋包,799,2,1598,银行卡,已完成,无退款
ORD2025002216,2025-03-28 03:44:28,U01107,女,四川省,绵阳市,P5003,三只松鼠坚果,食品饮料,59,1,59,花呗,已完成,无退款
ORD2025001091,2025-08-07 19:35:12,U00629,男,四川省,绵阳市,P1005,荣耀 Magic7,手机,4499,2,8998,花呗,已完成,无退款
ORD2025003053,2025-08-24 22:24:39,U00334,男,广东省,东莞市,P4003,优衣库羽绒服,服饰鞋包,799,1,799,微信支付,已取消,已退款
ORD2025003789,2025-08-06 17:31:05,U00474,男,北京市,北京市,P2005,机械键盘,电脑配件,399,1,399,银行卡,已完成,无退款
ORD2025000160,2025-04-22 12:36:52,U00776,男,江苏省,常州市,P2001,AirPods Pro 2,数码配件,1899,1,1899,微信支付,已完成,无退款
ORD2025000805,2025-07-11 23:59:52,U00719,男,山东省,青岛市,P1003,华为 Mate 70,手机,5499,2,10998,微信支付,已完成,无退款
ORD2025001207,2025-03-21 10:04:49,U01690,男,陕西省,西安市,P4001,耐克运动鞋,服饰鞋包,599,1,599,微信支付,已完成,无退款
ORD2025002928,2025-03-07 01:45:35,U00582,男,广东省,广州市,P1001,iPhone 15,手机,4999,1,4999,银行卡,已完成,无退款
ORD2025000834,2025-11-22 04:26:11,U00152,男,上海市,上海市,P2001,AirPods Pro 2,数码配件,1899,1,1899,银行卡,已取消,无退款
ORD2025003405,2025-12-24 16:47:28,U00390,男,河南省,洛阳市,P2004,罗技 MX Master 3S,电脑配件,699,3,2097,支付宝,已完成,无退款
ORD2025004566,2025-04-14 13:48:17,U00294,男,北京市,北京市,P5002,蒙牛纯牛奶,食品饮料,69,1,69,花呗,已完成,无退款
ORD2025002316,2025-10-07 01:13:12,U01272,男,河南省,南阳市,P5002,蒙牛纯牛奶,食品饮料,69,3,207,支付宝,已完成,已退款
ORD2025000298,2025-12-11 15:04:36,U01243,男,北京市,北京市,P5003,三只松鼠坚果,食品饮料,59,1,59,微信支付,已完成,无退款
ORD2025002633,2025-05-19 01:24:53,U01738,女,陕西省,咸阳市,P5002,蒙牛纯牛奶,食品饮料,69,1,69,支付宝,已完成,无退款
ORD2025002934,2025-12-10 21:38:45,U00080,女,四川省,成都市,P3004,打印机,电脑办公,899,1,899,花呗,已完成,无退款
ORD2025002557,2025-09-27 18:59:37,U00941,女,江苏省,常州市,P1001,iPhone 15,手机,4999,1,4999,花呗,已完成,无退款
ORD2025000772,2025-10-27 11:36:46,U01400,男,河南省,南阳市,P2004,罗技 MX Master 3S,电脑配件,699,2,1398,微信支付,已完成,无退款
ORD2025002993,2025-05-29 23:14:53,U00002,男,北京市,北京市,P5001,雀巢咖啡,食品饮料,89,2,178,微信支付,已完成,无退款
ORD2025000964,2025-08-12 09:16:33,U00812,女,湖北省,武汉市,P1002,iPhone 15 Pro,手机,6999,1,6999,银行卡,已完成,无退款
ORD2025004008,2025-04-06 07:38:44,U01176,女,陕西省,咸阳市,P2004,罗技 MX Master 3S,电脑配件,699,1,699,银行卡,已完成,无退款
ORD2025003708,2025-10-31 04:30:05,U01508,男,山东省,青岛市,P2005,机械键盘,电脑配件,399,4,1596,微信支付,已完成,无退款
ORD2025003508,2025-02-16 12:19:27,U01754,女,四川省,成都市,P5003,三只松鼠坚果,食品饮料,59,1,59,银行卡,已完成,无退款
ORD2025003911,2025-03-04 09:21:34,U00815,女,浙江省,宁波市,P2003,小米手环 9,数码配件,299,1,299,微信支付,待付款,无退款
ORD2025000781,2025-11-24 09:28:48,U00187,男,陕西省,西安市,P5002,蒙牛纯牛奶,食品饮料,69,1,69,花呗,已完成,无退款
ORD2025002578,2025-12-14 09:42:34,U00625,女,上海市,上海市,P2004,罗技 MX Master 3S,电脑配件,699,1,699,支付宝,已完成,已退款 
ORD2025000851,2025-12-11 16:15:20,U00874,女,四川省,绵阳市,P2004,罗技 MX Master 3S,电脑配件,699,1,699,花呗,已发货,无退款
ORD2025001885,2025-05-20 20:04:05,U01476,男,浙江省,温州市,P2003,小米手环 9,数码配件,299,1,299,支付宝,已发货,无退款
ORD2025001809,2025-08-14 20:32:38,U01134,女,北京市,北京市,P1004,小米 15,手机,3999,3,11997,银行卡,已完成,无退款
ORD2025004884,2025-09-05 09:21:14,U01195,女,陕西省,宝鸡市,P1003,华为 Mate 70,手机,5499,1,5499,花呗,已完成,无退款
ORD2025002584,2025-08-12 22:05:04,U00796,男,陕西省,西安市,P2005,机械键盘,电脑配件,399,1,399,微信支付,已发货,无退款
ORD2025000406,2025-04-30 21:23:09,U00484,男,广东省,东莞市,P1002,iPhone 15 Pro,手机,6999,2,13998,花呗,已发货,无退款
ORD2025002002,2025-12-23 01:19:55,U01182,男,浙江省,金华市,P1003,华为 Mate 70,手机,5499,1,5499,银行卡,已完成,无退款
ORD2025003443,2025-11-05 08:17:39,U01692,男,广东省,东莞市,P2002,华为 FreeBuds,数码配件,999,1,999,微信支付,已发货,无退款
ORD2025004866,2025-06-02 02:07:22,U00563,女,江苏省,无锡市,P2001,AirPods Pro 2,数码配件,1899,1,1899,微信支付,已完成,无退款
ORD2025000282,2025-02-22 08:37:57,U00565,女,湖北省,宜昌市,P1005,荣耀 Magic7,手机,4499,2,8998,微信支付,已完成,无退款
ORD2025000448,2025-07-16 01:22:02,U01339,男,浙江省,杭州市,P5003,三只松鼠坚果,食品饮料,59,1,59,微信支付,已完成,无退款
ORD2025002133,2025-10-10 16:27:04,U01600,男,上海市,上海市,P5002,蒙牛纯牛奶,食品饮料,69,1,69,微信支付,已完成,无退款
ORD2025004269,2025-07-02 22:56:09,U01446,男,河南省,洛阳市,P2005,机械键盘,电脑配件,399,2,798,微信支付,已完成,无退款
ORD2025001968,2025-06-02 10:48:04,U01576,女,河南省,郑州市,P1004,小米 15,手机,3999,1,3999,花呗,已完成,无退款
ORD2025003187,2025-09-01 23:42:36,U01354,男,浙江省,温州市,P1001,iPhone 15,手机,4999,1,4999,银行卡,已完成,无退款
ORD2025001899,2025-10-08 23:00:56,U00631,男,上海市,上海市,P1002,iPhone 15 Pro,手机,6999,1,6999,微信支付,已完成,无退款
ORD2025000047,2025-12-29 12:01:30,U00605,男,浙江省,杭州市,P1003,华为 Mate 70,手机,5499,1,5499,花呗,已完成,无退款
ORD2025001995,2025-03-23 23:35:27,U00917,男,陕西省,西安市,P5001,雀巢咖啡,食品饮料,89,1,89,花呗,已取消,无退款
ORD2025001799,2025-08-10 15:27:07,U00628,男,湖北省,武汉市,P2002,华为 FreeBuds,数码配件,999,1,999,支付宝,已完成,无退款
ORD2025004195,2025-08-15 03:38:54,U00485,女,山东省,青岛市,P2005,机械键盘,电脑配件,399,2,798,微信支付,已完成,无退款
ORD2025000373,2025-01-08 15:17:46,U00740,男,河南省,郑州市,P2001,AirPods Pro 2,数码配件,1899,1,1899,银行卡,待付款,无退款
ORD2025002638,2025-05-01 20:02:25,U01105,男,浙江省,温州市,P3003,机械革命游戏本,电脑办公,6299,1,6299,花呗,已完成,无退款
ORD2025000741,2025-08-15 13:27:57,U01436,男,浙江省,杭州市,P1003,华为 Mate 70,手机,5499,1,5499,微信支付,待付款,无退款
ORD2025000145,2025-12-08 02:01:29,U01549,女,浙江省,宁波市,P5001,雀巢咖啡,食品饮料,89,2,178,支付宝,退款中,退款中
ORD2025003709,2025-03-30 10:45:22,U00482,女,广东省,东莞市,P4003,优衣库羽绒服,服饰鞋包,799,2,1598,银行卡,已发货,无退款
ORD2025003116,2025-13-45 25:61:00,U01220, 女,北京市,北京市,P4003,优衣库羽绒服,服饰鞋包,799,3,2397,支付宝,已完成,无退款
ORD2025001950,2025-10-23 20:22:42,U01298,女,四川省,绵阳市,P4002,阿迪达斯卫衣,服饰鞋包,399,1,399,微信支付,已发货,无退款
ORD2025004173,2025-04-14 23:24:21,U00293,男,山东省,青岛市,P3002,联想小新笔记本,电脑办公,4999,2,9998,花呗,已完成,无退款
ORD2025002974,2025-01-25 21:05:32,U00511,女,江苏省,常州市,P5001,雀巢咖啡,食品饮料,89,2,178,花呗,已取消,已退款
ORD2025001529,2025-05-03 04:13:34,U00792,男,浙江省,杭州市,P5001,雀巢咖啡,食品饮料,89,1,89,花呗,已完成,无退款
ORD2025000389,2025-08-27 22:29:23,U00120,女,上海市,上海市,P5001,雀巢咖啡,食品饮料,89,1,89,花呗,已完成,无退款
ORD2025004655,2025-05-09 14:58:04,U01376,女,浙江省,宁波市,P3001,戴尔 27英寸显示器,电脑办公,1499,1,1499,支付宝,已完成,无退款
ORD2025003191,2025-10-12 12:21:48,U01378,女,四川省,成都市,P1002,iPhone 15 Pro,手机,6999,2,13998,银行卡,已完成,无退款
ORD2025002195,2025-10-04 01:52:40,U00668,男,江苏省,无锡市,P3002,联想小新笔记本,电脑办公,4999,3,14997,花呗,已完成,无退款
ORD2025002083,2025-02-09 20:40:48,U01612,女,山东省,青岛市,P5003,三只松鼠坚果,食品饮料,59,1,59,花呗,已取消,无退款
ORD2025000228,2025-03-15 09:00:36,U01358,男,四川省,成都市,P2004,罗技 MX Master 3S,电脑配件,699,1,699,银行卡,已完成,无退款
ORD2025004116,2025-10-23 10:40:02,U00316,女,上海市,上海市,P5001,雀巢咖啡,食品饮料,89,1,89,微信支付,已完成,无退款
ORD2025001651,2025-08-07 11:21:06,U01563,女,山东省,烟台市,P3003,机械革命游戏本,电脑办公,6299,1,6299,微信支付,已完成,无退款
ORD2025002720,2025-02-12 01:50:39,U01660,女,浙江省,宁波市,P5002,蒙牛纯牛奶,食品饮料,69,1,69,支付宝,已完成,无退款
ORD2025003017,2025-02-11 12:30:35,U00556,女,江苏省,苏州市,P1003,华为 Mate 70,手机,5499,1,5499,银行卡,已完成,无退款
ORD2025000582,2025-03-02 18:42:59,U00427,女,江苏省,无锡市,P1002,iPhone 15 Pro,手机,6999,1,6999,银行卡,已完成,无退款
ORD2025000644,2025-07-27 23:41:45,U00102,女,山东省,济南市,P1004,小米 15,手机,3999,2,7998,花呗,退款中,退款中
ORD2025001508,2025-06-20 18:28:10,U01583,女,四川省,成都市,P2003,小米手环 9,数码配件,299,2,598,花呗,已发货,无退款
ORD2025003639,2025-06-19 10:54:49,U01439,女,陕西省,宝鸡市,P3003,机械革命游戏本,电脑办公,6299,3,18897,花呗,已发货,无退款
ORD2025002640,2025-09-15 21:38:37,U01027,男,湖北省,襄阳市,P1003,华为 Mate 70,手机,5499,4,21996,花呗,已完成,无退款
ORD2025002436,2025-07-09 00:00:42,U01702,男,四川省,成都市,P1003,华为 Mate 70,手机,5499,2,10998,微信支付,已完成,无退款
ORD2025001131,2025-05-16 00:48:34,U00434,男,湖北省,襄阳市,P4001,耐克运动鞋,服饰鞋包,599,2,1198,银行卡,已完成,无退款
ORD2025003398,2025-01-16 09:45:34, ,女,上海市,上海市,P2003,小米手环 9,数码配件,299,2,598,银行卡,已发货,无退款
ORD2025001674,2025-09-14 04:46:31,U01266,男,四川省,德阳市,P3002,联想小新笔记本,电脑办公,4999,1,4999,微信支付,已完成,无退款
ORD2025002058,2025-02-01 13:53:22,U01738,女,山东省,青岛市,P1001,iPhone 15,手机,4999,1,4999,花呗,待付款,无退款
ORD2025001726,2025-08-29 13:29:35,U00545,男,广东省,深圳市,P3001,戴尔 27英寸显示器,电脑办公,1499,1,1499,微信支付,已完成,无退款
ORD2025003225,2025-09-10 15:32:09,U00507,男,浙江省,宁波市,P4002,阿迪达斯卫衣,服饰鞋包,399,1,399,银行卡,已完成,无退款
ORD2025000395,2025-10-27 13:43:22,U01689,男,陕西省,咸阳市,P3001,戴尔 27英寸显示器,电脑办公,1499,1,1499,微信支付,已完成,无退款
ORD2025004495,2025-03-05 09:43:41,U00575,男,湖北省,宜昌市,P4001,耐克运动鞋,服饰鞋包,599,1,599,支付宝,已发货,无退款
ORD2025002543,2025-10-22 07:33:15,U00854,女,北京市,北京市,P4001,耐克运动鞋,服饰鞋包,599,2,1198,银行卡,已完成,无退款
ORD2025003674,2025-08-31 00:03:01,U00231,女,山东省,青岛市,P1002,iPhone 15 Pro,手机,6999,1,6999,银行卡,已完成,无退款
ORD2025004005,2025-09-02 02:08:30,U00336,男,北京市,北京市,P4001,耐克运动鞋,服饰鞋包,599,3,1797,花呗,已完成,无退款
ORD2025000970,2025-04-16 07:50:20,U01699,男,上海市,上海市,P4002,阿迪达斯卫衣,服饰鞋包,399,1,399,微信支付,已完成,无退款
ORD2025001294,2025-11-26 11:53:00,U01509,女,江苏省,常州市,P4003,优衣库羽绒服,服饰鞋包,799,1,799,银行卡,已完成,无退款
ORD2025003860,2025-01-30 20:22:22,U01424,男,北京市,北京市,P5003,三只松鼠坚果,食品饮料,59,1,59,花呗,已完成,无退款
ORD2025004052,2025-01-21 16:11:30,U00619,男,浙江省,金华市,P1004,小米 15,手机,3999,1,3999,花呗,已完成,无退款
ORD2025000151,2025-08-14 05:42:47,U00223,男,北京市,北京市,P5003,三只松鼠坚果,食品饮料,59,1,59,银行卡,已完成,已退款
ORD2025003295,2025-04-07 07:09:58,U00885,女,山东省,青岛市,P3003,机械革命游戏本,电脑办公,6299,2,12598,支付宝,已完成,无退款
ORD2025003570,2025-04-04 06:25:53,U01593,女,山东省,烟台市,P1003,华为 Mate 70,手机,5499,3,16497,微信支付,已完成,无退款
ORD2025003671,2025-08-06 15:05:45,U01602,女,浙江省,宁波市,P2002,华为 FreeBuds,数码配件,999,3,2997,支付宝,已完成,无退款
ORD2025003149,2025-05-12 21:13:27,U00443,男,广东省,深圳市,P5002,蒙牛纯牛奶,食品饮料,69,1,69,花呗,待付款,无退款
ORD2025000927,2025-06-14 07:24:32,U00130,男,山东省,烟台市,P3001,戴尔 27英寸显示器,电脑办公,1499,2,2998,微信支付,已完成,无退款
ORD2025004987,2025-07-14 00:37:34,U00493,男,上海市,上海市,P4003,优衣库羽绒服,服饰鞋包,799,1,799,微信支付,已完成,无退款
ORD2025004601,2025-09-20 08:15:00,U00410,女,广东省,东莞市,P5001,雀巢咖啡,食品饮料,89,1,89,花呗,已完成,无退款
ORD2025000985,2025-10-14 17:30:41,U00769,男,陕西省,咸阳市,P4003,优衣库羽绒服,服饰鞋包,799,2,1598,银行卡,已完成,无退款
ORD2025002786,2025-09-29 04:53:45,U01513,女,江苏省,苏州市,P5003,三只松鼠坚果,食品饮料,59,1,59,银行卡,已完成,无退款
ORD2025002448,2025-01-18 19:42:37,U00309,女,广东省,深圳市,P4002,阿迪达斯卫衣,服饰鞋包,399,1,399,花呗,已发货,无退款
ORD2025000072,2025-03-11 01:20:45,U01528,女,浙江省,宁波市,P4002,阿迪达斯卫衣,服饰鞋包,399,1,399,花呗,已发货,无退款
ORD2025000224,2025-12-10 07:44:36,U00704,女,河南省,南阳市,P2005,机械键盘,电脑配件,399,1,399,花呗,已发货,无退款
ORD2025002077,2025-06-14 21:18:15,U00111,女,湖北省,武汉市,P2002,华为 FreeBuds,数码配件,999,2,1998,微信支付,已完成,无退款
ORD2025003566,2025-03-16 14:54:49,U01367,男,河南省,南阳市,P4002,阿迪达斯卫衣,服饰鞋包,399,1,399,银行卡,已取消,无退款
ORD2025004169,2025-01-17 15:45:22,U01201,男,陕西省,宝鸡市,P1004,小米 15,手机,3999,1,3999,微信支付,已完成,无退款
ORD2025001752,2025-11-03 07:18:47,U00124,女,四川省,成都市,P2002,华为 FreeBuds,数码配件,999,1,999,支付宝,已完成,无退款
ORD2025004180,2025-10-15 08:45:14,U00393,女,四川省,德阳市,P3004,打印机,电脑办公,899,1,899,银行卡,已完成,无退款
ORD2025004627,2025-08-28 10:54:56,U01654,女,上海市,上海市,P1004,小米 15,手机,3999,3,11997,银行卡,已完成,无退款
ORD2025002189,2025-02-02 07:16:06,U00668,男,陕西省,宝鸡市,P2003,小米手环 9,数码配件,299,2,598,支付宝,已完成,无退款
ORD2025003139,2025-04-12 22:46:10,U00959,男,河南省,洛阳市,P4003,优衣库羽绒服,服饰鞋包,799,4,3196,银行卡,已完成,无退款
ORD2025004776,2025-05-20 19:14:46,U00458,女,上海市,上海市,P1003,华为 Mate 70,手机,5499,3,16497,支付宝,已取消,无退款
ORD2025002286,2025-05-15 21:39:58,U00289,女,湖北省,武汉市,P5002,蒙牛纯牛奶,食品饮料,69,1,69,花呗,已完成,无退款
ORD2025001871,2025-09-21 06:03:12,U00031,男,浙江省,宁波市,P3003,机械革命游戏本,电脑办公,6299,1,6299,支付宝,已完成,无退款
ORD2025003432,2025-01-26 23:32:21,U00815,男,四川省,成都市,P2005,机械键盘,电脑配件,399,2,798,银行卡,已取消,无退款
ORD2025000066,2025-08-17 22:10:44,U01719,男,湖北省,武汉市,P4001,耐克运动鞋,服饰鞋包,599,1,599,银行卡,已完成,无退款
ORD2025001895,2025-07-05 08:01:04,U00195,女,上海市,上海市,P5001,雀巢咖啡,食品饮料,89,1,89,花呗,已完成,无退款
ORD2025000629,2025-09-20 22:24:04,U01766,女,山东省,青岛市,P4002,阿迪达斯卫衣,服饰鞋包,399,2,798,微信支付,已完成,无退款
ORD2025000539,2025-02-10 04:34:25,U01471,男,陕西省,宝鸡市,P1004,小米 15,手机,3999,1,3999,支付宝,待付款,无退款
ORD2025000874,2025-02-23 16:02:04,U00259,男,北京市,北京市,P1005,荣耀 Magic7,手机,4499,1,4499,银行卡,待付款,无退款
ORD2025003781,2025-04-30 22:02:13,U01294,女,湖北省,宜昌市,P4001,耐克运动鞋,服饰鞋包,599,1,599,银行卡,已完成,无退款
ORD2025002485,2025-07-15 09:37:29,U00553,女,湖北省,襄阳市,P3004,打印机,电脑办公,899,2,1798,微信支付,已完成,无退款
ORD2025003383,2025-03-26 11:28:35,U00520,男,浙江省,杭州市,P3002,联想小新笔记本,电脑办公,4999,1,4999,银行卡,已完成,已退款
ORD2025004648,2025-01-06 20:44:20,U01257,男,河南省,洛阳市,P5003,三只松鼠坚果,食品饮料,59,1,59,微信支付,已完成,无退款
ORD2025001454,2025-10-17 20:25:10,U00131,男,山东省,青岛市,P3004,打印机,电脑办公,899,1,899,微信支付,已完成,无退款
ORD2025001485,2025-09-08 23:55:42,U01021,女,河南,郑州市,P1001,iPhone 15,手机,4999,1,4999,支付宝,已完成,无退款
ORD2025003421,2025-09-14 09:24:01,U00298,女,山东省,济南市,P3003,机械革命游戏本,电脑办公,6299,1,6299,银行卡,已取消,无退款
ORD2025002973,2025-07-21 18:53:38,U00294,男,四川省,成都市,P3004,打印机,电脑办公,899,1,899,微信支付,已完成,无退款
ORD2025004968,2025-12-06 10:14:36,U01717,男,上海市,上海市,P1002,iPhone 15 Pro,手机,6999,1,6999,银行卡,已完成,无退款
ORD2025001758,2025-01-06 13:10:43,U00403,女,广东省,佛山市,P2001,AirPods Pro 2,数码配件,1899,1,1899,银行卡,已完成,无退款
ORD2025001121,2025-10-25 18:49:56,U00367,男,江苏省,常州市,P5001,雀巢咖啡,食品饮料,89,1,89,支付宝,已完成,无退款
ORD2025001282,2025-12-17 21:33:07,U00343,男,上海市,上海市,P4001,耐克运动鞋,服饰鞋包,599,1,599,微信支付,已完成,无退款
ORD2025004893,2025-10-24 21:02:00,U00236,女,浙江省,温州市,P1003,华为 Mate 70,手机,5499,3,16497,花呗,已完成,无退款
ORD2025002356,2025-05-04 10:43:30,U00337,女,上海市,上海市,P5003,三只松鼠坚果,食品饮料,59,1,59,微信支付,已完成,无退款
ORD2025001869,2025-11-11 14:32:48,U01226,女,陕西省,咸阳市,P3001,戴尔 27英寸显示器,电脑办公,1499,1,1499,微信支付,已完成,无退款
ORD2025001403,2025-08-28 19:14:47,U01728,男,上海市,上海市,P2004,罗技 MX Master 3S,电脑配件,699,2,1398,支付宝,已完成,无退款
ORD2025000493,2025-05-29 18:47:19,U00411,男,山东省,济南市,P1003,华为 Mate 70,手机,5499,1,5499,花呗,已发货,无退款
ORD2025004164,2025-10-08 06:10:14,U00108,女,广东省,东莞市,P5003,三只松鼠坚果,食品饮料,59,1,59,支付宝,待付款,无退款
ORD2025000120,2025-03-08 19:07:33,U01046,男,浙江省,温州市,P5001,雀巢咖啡,食品饮料,89,2,178,微信支付,已完成,无退款
ORD2025000292,2025-12-21 21:22:37,U00193,男,陕西省,宝鸡市,P1001,iPhone 15,手机,4999,1,4999,支付宝,已完成,无退款
ORD2025001292,2025-04-30 01:38:05,U00274,男,四川省,绵阳市,P1002,iPhone 15 Pro,手机,6999,2,13998,银行卡,已完成,无退款
ORD2025001471,2025-01-31 05:26:24,U00339,女,山东省,青岛市,P2003,小米手环 9,数码配件,299,2,598,花呗,已完成,无退款
ORD2025003369,2025-06-08 12:07:36,U00469,女,四川省,成都市,P5001,雀巢咖啡,食品饮料,89,1,89,支付宝,已完成,无退款
ORD2025004497,2025-01-29 11:21:06,U00229,男,广东省,东莞市,P1005,荣耀 Magic7,手机,4499,2,8998,花呗,已完成,无退款
ORD2025003137,2025-10-16 06:01:48,U00102,男,上海市,上海市,P3004,打印机,电脑办公,899,4,3596,支付宝,已完成,无退款
ORD2025004686,2025-13-45 25:61:00,U00617,男,广东省,深圳市,P3003,机械革命游戏本,电脑办公,0,1,6299,花呗,待付款,无退款
ORD2025002895,2025-06-12 00:51:34,U01570,女,北京市,北京市,P2004,罗技 MX Master 3S,电脑配件,699,3,2097,花呗,已完成,无退款
ORD2025003123,2025-07-18 05:01:38,U00184,女,上海市,上海市,P3004,打印机,电脑办公,899,1,899,银行卡,已完成,无退款
ORD2025002442,2025-09-18 04:47:33,U00832,男,河南省,南阳市,P4001,耐克运动鞋,服饰鞋包,599,2,1198,支付宝,已完成,无退款
ORD2025000581,2025-05-15 00:29:46,U01294,男,湖北省,襄阳市,P1001,iPhone 15,手机,4999,1,4999,支付宝,已完成,无退款
ORD2025002666,2025-01-11 23:49:35,U00607,女,陕西省,西安市,P4001,耐克运动鞋,服饰鞋包,599,2,1198,银行卡,待付款,无退款
ORD2025004565,2025-11-23 18:43:11,U01538,男,浙江省,温州市,P3004,打印机,电脑办公,899,2,1798,微信支付,已完成,无退款
ORD2025001688,2025-11-17 10:49:54,U00553,女,江苏省,苏州市,P1004,小米 15,手机,3999,2,7998,银行卡,已完成,无退款
ORD2025001463,2025-09-08 04:28:35,U00947,女,北京市,北京市,P1001,iPhone 15,手机,4999,1,4999,微信支付,退款中,退款中
ORD2025000817,2025-11-12 09:46:02,U00880,女,浙江省,宁波市,P1005,荣耀 Magic7,手机,4499,1,4499,微信支付,已完成,已退款
ORD2025004935,2025-03-15 02:07:25,U01474,女,湖北省,宜昌市,P1005,荣耀 Magic7,手机,4499,1,4499,支付宝,已发货,无退款
ORD2025003155,2025-04-26 12:54:04,U00268,男,浙江省,温州市,P3003,机械革命游戏本,电脑办公,6299,1,6299,微信支付,已完成,已退款
ORD2025001693,2025-06-24 22:02:32,U00935,女,浙江省,宁波市,P3001,戴尔 27英寸显示器,电脑办公,1499,1,1499,银行卡,已完成,无退款
ORD2025004467,2025-10-22 05:52:42,U00784,女,江苏省,无锡市,P3004,打印机,电脑办公,899,1,899,银行卡,已发货,无退款
ORD2025000757,2025-12-02 09:20:32,U01454,女,上海市,上海市,P1002,iPhone 15 Pro,手机,6999,1,6999,支付宝,已完成,无退款
ORD2025003797,2025-03-12 15:34:10,U01500,男,上海市,上海市,P1005,荣耀 Magic7,手机,4499,1,4499,花呗,已完成,无退款
ORD2025004039,2025-11-23 03:20:57,U00496,男,湖北省,宜昌市,P1001,iPhone 15,手机,4999,2,9998,花呗,已完成,无退款
ORD2025000654,2025-08-03 21:38:56,U00444,女,河南省,洛阳市,P3004,打印机,电脑办公,899,2,1798,银行卡,已完成,无退款
ORD2025002533,2025-08-08 07:44:13,U01082,女,四川省,绵阳市,P4003,优衣库羽绒服,服饰鞋包,799,3,2397,银行卡,已取消,无退款
ORD2025004513,2025-02-08 04:56:27,U00101,女,山东省,烟台市,P2003,小米手环 9,数码配件,299,1,299,支付宝,已完成,无退款
ORD2025000966,2025-03-23 08:44:04,U00174,男,浙江省,金华市,P4003,优衣库羽绒服,服饰鞋包,799,4,3196,支付宝,已取消,无退款
ORD2025001829,2025-10-20 05:05:38,U01538,女,湖北省,襄阳市,P2002,华为 FreeBuds,数码配件,999,1,999,花呗,已取消,无退款
ORD2025002495,2025-03-31 19:24:09,U00703,女,广东省,深圳市,P1003,华为 Mate 70,手机,5499,1,5499,花呗,已发货,无退款
ORD2025003668,2025-04-20 06:31:30,U01092,男,四川省,绵阳市,P4002,阿迪达斯卫衣,服饰鞋包,399,1,399,微信支付,已发货,无退款
ORD2025002180,2025-04-17 03:04:30,U00145,女,上海市,上海市,P5001,雀巢咖啡,食品饮料,89,1,89,支付宝,待付款,无退款
ORD2025004398,2025-07-24 05:26:42,U00976,男,陕西省,宝鸡市,P5002,蒙牛纯牛奶,食品饮料,69,1,69,银行卡,已完成,无退款
ORD2025003892,2025-12-20 05:43:47,U01007,男,四川省,绵阳市,P1002,iPhone 15 Pro,手机,6999,1,6999,支付宝,已完成,无退款
ORD2025003151,2025-12-25 09:14:28,U01003,女,湖北省,襄阳市,P4002,阿迪达斯卫衣,服饰鞋包,399,1,399,微信支付,已发货,无退款
ORD2025004977,2025-09-29 08:31:32,U01120,女,广东省,佛山市,P1002,iPhone 15 Pro,手机,6999,1,6999,支付宝,已完成,无退款
ORD2025002334,2025-11-25 05:47:46,U00979,女,江苏省,无锡市,P1004,小米 15,手机,3999,1,3999,银行卡,已完成,无退款
ORD2025004579,2025-05-12 13:39:48,U00478,女,四川省,成都市,P3004,打印机,电脑办公,899,3,2697,微信支付,已发货,无退款
ORD2025003455,2025-09-23 05:38:48,U01688,女,陕西省,宝鸡市,P1004,小米 15,手机,3999,1,3999,花呗,已完成,无退款
ORD2025004054,2025-01-16 20:47:51,U00200,女,江苏省,南京市,P1002,iPhone 15 Pro,手机,6999,1,6999,微信支付,已完成,无退款
ORD2025003486,2025-11-13 01:37:07,U00434,男,河南省,洛阳市,P1003,华为 Mate 70,手机,5499,5,27495,银行卡,待付款,无退款
ORD2025000473,2025-06-08 09:19:31,U00295,女,四川省,成都市,P2002,华为 FreeBuds,数码配件,999,3,2997,银行卡,已完成,无退款
ORD2025002643,2025-01-21 20:25:44,U00517,女,陕西省,宝鸡市,P2005,机械键盘,电脑配件,399,1,399,花呗,已完成,无退款
ORD2025002051,2025-02-09 02:10:48,U00306,女,广东省,佛山市,P4002,阿迪达斯卫衣,服饰鞋包,399,1,399,银行卡,已完成,无退款
ORD2025001194,2025-08-07 20:08:59,U01551,女,陕西省,西安市,P3001,戴尔 27英寸显示器,电脑办公,1499,1,1499,支付宝,已完成,无退款
ORD2025003061,2025-08-29 22:15:25,U01047,男,湖北省,襄阳市,P2002,华为 FreeBuds,数码配件,999,2,1998,支付宝,已完成,无退款
ORD2025003870,2025-04-02 09:12:31,U01608,女,湖北省,襄阳市,P4003,优衣库羽绒服,服饰鞋包,799,3,2397,银行卡,已完成,无退款
ORD2025002085,2025-04-24 04:41:27,U00443,女,广东省,佛山市,P2005,机械键盘,电脑配件,399,1,399,花呗,已完成,无退款
ORD2025000626,2025-08-26 04:03:19,U00961,女,四川省,德阳市,P1001,iPhone 15,手机,4999,3,14997,支付宝,已完成,无退款
ORD2025000314,2025-07-04 21:14:08,U01501,男,陕西省,宝鸡市,P3001,戴尔 27英寸显示器,电脑办公,1499,3,4497,花呗,待付款,无退款
ORD2025001413,2025-11-17 13:42:41,U00353,男,河南省,郑州市,P3004,打印机,电脑办公,899,1,899,花呗,已完成,无退款
ORD2025002830,2025-08-14 23:56:36,U00279,女,山东省,烟台市,P4003,优衣库羽绒服,服饰鞋包,799,2,1598,银行卡,已完成,无退款
ORD2025004839,2025-11-02 13:42:33,U01348,女,河南省,郑州市,P3003,机械革命游戏本,电脑办公,6299,1,6299,花呗,已完成,无退款
ORD2025003309,2025-11-04 00:38:34,U00810,男,河南省,南阳市,P1002,iPhone 15 Pro,手机,6999,1,6999,微信支付,已发货,无退款
ORD2025001724,2025-01-06 00:28:35,U01699,女,河南省,郑州市,P1004,小米 15,手机,3999,1,,支付宝,已发货,无退款
ORD2025003469,2025-10-12 23:37:57,U00496,男,北京市,北京市,P4002,阿迪达斯卫衣,服饰鞋包,399,2,798,支付宝,已完成,无退款
ORD2025001353,2025-07-24 08:03:34,U00606,男,江苏省,无锡市,P4001,耐克运动鞋,服饰鞋包,599,2,1198,支付宝,已完成,无退款
ORD2025004394,2025-03-17 23:19:28,U01552,,江苏省,无锡市,P4001,耐克运动鞋,服饰鞋包,599,1,599,花呗,已完成,无退款
ORD2025004538,2025-11-09 23:33:39,U01328,女,陕西省,咸阳市,P1002,iPhone 15 Pro,手机,6999,1,6999,花呗,已完成,无退款
ORD2025003495,2025-02-27 16:19:36,U00978,男,陕西省,西安市,P3003,机械革命游戏本,电脑办公,6299,1,6299,微信支付,已完成,已退款
ORD2025003727,2025-05-17 23:44:22,U00444,男,四川省,德阳市,P3002,联想小新笔记本,电脑办公,4999,1,4999,银行卡,已完成,无退款
ORD2025002009,2025-01-08 02:58:19,U00423,男,四川省,成都市,P2003,小米手环 9,数码配件,299,1,299,支付宝,已完成,无退款
ORD2025000427,2025-10-06 09:07:29,U01562,男,山东省,烟台市,P4002,阿迪达斯卫衣,服饰鞋包,399,1,399,微信支付,已取消,无退款
ORD2025002478,2025-12-05 16:57:57,U00016,男,山东省,青岛市,P2001,AirPods Pro 2,数码配件,1899,3,5697,微信支付,已完成,已退款
ORD2025003526,2025-11-15 20:21:32,U00805,女,湖北省,武汉市,P2004,罗技 MX Master 3S,电脑配件,699,3,2097,银行卡,已完成,无退款
ORD2025001654,2025-06-14 09:57:13,U00064,女,湖北省,武汉市,P1005,荣耀 Magic7,手机,4499,1,4499,微信支付,已取消,无退款
ORD2025004121,2025-10-17 01:50:50,U00772,男,陕西省,西安市,P3002,联想小新笔记本,电脑办公,4999,1,4999,花呗,已完成,无退款
ORD2025004469,2025-02-24 10:51:21,U01293,女,广东省,佛山市,P4003,优衣库羽绒服,服饰鞋包,799,1,799,微信支付,已完成,无退款
ORD2025000222,2025-10-14 04:00:32,U01006,男,上海市,上海市,P1002,iPhone 15 Pro,手机,6999,1,6999,支付宝,待付款,无退款
ORD2025004842,2025-04-19 01:10:57,U00751,男,江苏省,无锡市,P2005,机械键盘,电脑配件,399,1,399,支付宝,已完成,已退款
ORD2025000159,2025-12-09 13:09:52,U00231,男,河南省,郑州市,P2002,华为 FreeBuds,数码配件,999,1,999,支付宝,已发货,无退款
ORD2025004796,2025-10-15 20:31:25,U00543,男,四川省,成都市,P3002,联想小新笔记本,电脑办公,4999,1,4999,银行卡,已完成,无退款
ORD2025003599,2025-08-03 09:34:58,U00770,女,湖北省,武汉市,P1005,荣耀 Magic7,手机,4499,1,4499,支付宝,已完成,无退款
ORD2025002279,2025-04-22 08:32:04,U00148,女,江苏省,苏州市,P4001,耐克运动鞋,服饰鞋包,599,1,599,支付宝,已完成,无退款
ORD2025002115,2025-04-16 12:44:35,U00236,女,广东省,东莞市,P2005,机械键盘,电脑配件,399,1,399,支付宝,已完成,已退款
ORD2025003716,2025-09-26 18:08:40,U01441,男,北京市,北京市,P5001,雀巢咖啡,食品饮料,89,1,89,支付宝,已完成,无退款
ORD2025000491,2025-03-17 15:38:05,U01463,女,湖北省,宜昌市,P2003,小米手环 9,数码配件,299,2,598,支付宝,已完成,无退款
ORD2025003986,2025-06-28 00:06:07,U01747,女,江苏省,南京市,P2003,小米手环 9,数码配件,299,2,598,银行卡,已完成,无退款
ORD2025002526,2025-02-12 08:57:39,U01501,女,陕西省,咸阳市,P2005,机械键盘,电脑配件,399,1,399,支付宝,退款中,退款中
ORD2025000466,2025-08-23 22:44:32,U01731,男,浙江省,温州市,P4003,优衣库羽绒服,服饰鞋包,799,3,2397,微信支付,已完成,无退款
ORD2025003105,2025-06-13 05:55:50,U01423,女,广东省,广州市,P1001,iPhone 15,手机,4999,1,4999,银行卡,已取消,无退款
ORD2025003720,2025-05-03 21:48:02,U01086,男,上海市,上海市,P5003,三只松鼠坚果,食品饮料,59,2,118,微信支付,已完成,无退款
ORD2025000400,2025-03-17 20:43:21,U01319,男,河南省,洛阳市,P1002,iPhone 15 Pro,手机,6999,1,6999,微信支付,已完成,无退款
ORD2025002385,2025-12-09 05:18:11,U01271,男,四川省,德阳市,P1005,荣耀 Magic7,手机,4499,2,8998,微信支付,已发货,无退款
ORD2025000262,2025-08-16 09:15:34,U00121,男,河南省,郑州市,P3004,打印机,电脑办公,899,1,899,花呗,已完成,无退款
ORD2025004366,2025-02-24 03:07:32,U00206,男,浙江省,宁波市,P2003,小米手环 9,数码配件,299,1,299,微信支付,已完成,无退款
ORD2025000932,2025-05-09 07:56:31,U00586,男,上海市,上海市,P3004,打印机,电脑办公,899,3,2697,花呗,已完成,无退款
ORD2025000536,2025-11-24 11:03:54,U00765,男,浙江省,宁波市,P2004,罗技 MX Master 3S,电脑配件,699,1,699,微信支付,已完成,无退款
ORD2025000905,2025-05-29 19:06:54,U01581,男,湖北省,宜昌市,P5001,雀巢咖啡,食品饮料,89,1,89,银行卡,已完成,无退款
ORD2025003953,2025-12-15 18:30:24,U01057,男,上海市,上海市,P3001,戴尔 27英寸显示器,电脑办公,1499,1,1499,微信支付,已完成,无退款
ORD2025002052,2025-07-13 16:35:24,U01325,男,江苏省,苏州市,P5002,蒙牛纯牛奶,食品饮料,69,1,69,花呗,已完成,无退款
ORD2025004053,2025-11-29 06:49:02,U00069,女,湖北省,宜昌市,P3002,联想小新笔记本,电脑办公,4999,1,4999,银行卡,待付款,无退款
ORD2025000986,2025-05-20 06:34:19,U00818,女,山东省,烟台市,P4002,阿迪达斯卫衣,服饰鞋包,399,2,798,花呗,已完成,无退款
ORD2025000088,2025-09-01 05:10:39,U00150,男,上海市,上海市,P2001,AirPods Pro 2,数码配件,1899,1,1899,支付宝,已完成,无退款
ORD2025002159,2025-04-23 08:06:27,U00908,男,山东省,济南市,P1002,iPhone 15 Pro,手机,6999,1,6999,支付宝,已发货,无退款
ORD2025001612,2025-11-02 09:23:24,U00413,男,上海市,上海市,P2003,小米手环 9,数码配件,299,1,299,银行卡,已取消,无退款
ORD2025004885,2025-04-16 14:02:48,U01314,女,河南省,南阳市,P3002,联想小新笔记本,电脑办公,4999,1,4999,支付宝,已完成,无退款
ORD2025003548,2025-12-31 13:59:00,U00398,男,湖北省,襄阳市,P2001,AirPods Pro 2,数码配件,1899,1,1899,微信支付,已发货,无退款
ORD2025001313,2025-01-31 06:29:09,U00879,女,陕西省,宝鸡市,P1004,小米 15,手机,3999,1,3999,花呗,已完成,无退款
ORD2025002672,2025-02-23 21:38:20,U01527,女,北京市,北京市,P2003,小米手环 9,数码配件,299,1,299,微信支付,已完成,无退款
ORD2025004217,2025-01-14 11:31:23,U00684,女,陕西省,咸阳市,P2002,华为 FreeBuds,数码配件,999,2,1998,支付宝,已完成,无退款
ORD2025003917,2025-10-20 00:11:40,U01737,男,河南省,郑州市,P4001,耐克运动鞋,服饰鞋包,599,2,1198,微信支付,已完成,无退款
ORD2025000135,2025-12-18 21:23:43,U00488,男,广东省,佛山市,P1004,小米 15,手机,3999,1,3999,支付宝,已完成,无退款
ORD2025002405,2025-10-06 06:39:51,U00233,女,江苏省,常州市,P2001,AirPods Pro 2,数码配件,1899,2,3798,银行卡,已取消,已退款
ORD2025004611,2025-01-31 04:15:47,U01791,女,广东省,广州市,P1001,iPhone 15,手机,4999,1,4999,支付宝,已完成,无退款
ORD2025004087,2025-02-12 13:52:16,U00403,女,陕西省,宝鸡市,P3003,机械革命游戏本,电脑办公,6299,5,31495,微信支付,已完成,无退款
ORD2025000012,2025-09-27 01:00:15,U01335,女,山东省,青岛市,P4002,阿迪达斯卫衣,服饰鞋包,399,1,399,微信支付,已完成,无退款
ORD2025000022,2025-10-31 04:07:46,U01736,男,广东省,广州市,P1001,iPhone 15,手机,4999,2,9998,银行卡,已完成,无退款
ORD2025001161,2025-02-02 21:20:54,U00820,男,浙江省,宁波市,P3003,机械革命游戏本,电脑办公,6299,2,12598,银行卡,退款中,退款中
ORD2025001542,2025-12-03 04:24:51,U00388,男,江苏省,无锡市,P5002,蒙牛纯牛奶,食品饮料,69,1,69,银行卡,待付款,无退款
ORD2025001205,2025-02-13 05:56:12,U00122,女,广东省,深圳市,P5001,雀巢咖啡,食品饮料,89,4,356,银行卡,已完成,无退款
ORD2025004661,2025-03-23 21:48:22,U00251,男,北京市,北京市,P2005,机械键盘,电脑配件,399,1,399,微信支付,已完成,无退款
ORD2025003264,2025-03-12 07:28:51,U00524,男,上海市,上海市,P2003,小米手环 9,数码配件,299,3,897,银行卡,退款中,退款中
ORD2025001488,2025-11-17 22:08:11,U01354,女,四川省,成都市,P4002,阿迪达斯卫衣,服饰鞋包,399,4,1596,银行卡,已完成,无退款
ORD2025001597,2025-06-16 15:59:20,U01004,男,山东省,烟台市,P1004,小米 15,手机,3999,1,3999,微信支付,已完成,无退款
ORD2025000577,2025-03-11 14:46:36,U01333,男,山东省,烟台市,P1001,iPhone 15,手机,4999,1,4999,微信支付,已完成,无退款
ORD2025004589,2025-10-16 14:30:16,U01315,女,河南省,郑州市,P1003,华为 Mate 70,手机,5499,2,10998,微信支付,已完成,无退款
ORD2025004788,2025-12-31 10:27:10,U00288,男,四川省,德阳市,P1001,iPhone 15,手机,4999,1,4999,银行卡,已完成,无退款
ORD2025003009,2025-12-09 00:23:44,U00528,女,上海市,上海市,P5002,蒙牛纯牛奶,食品饮料,69,1,69,花呗,已完成,无退款
ORD2025004971,2025-10-15 14:23:27,U00506,女,广东省,佛山市,P2003,小米手环 9,数码配件,299,1,299,支付宝,已完成,无退款
ORD2025000190,2025-08-19 22:54:03,U01030,男,广东省,佛山市,P4003,优衣库羽绒服,服饰鞋包,799,-1,799,银行卡,已完成,无退款
ORD2025002709,2025-01-13 05:56:33,U01005,女,北京市,北京市,P1004,小米 15,手机,3999,1,3999,支付宝,已完成,无退款
ORD2025002667,2025-07-06 10:37:16,U01325,女,湖北省,宜昌市,P2001,AirPods Pro 2,数码配件,1899,1,1899,微信支付,已完成,无退款
ORD2025000378,2025-06-05 19:29:09,U00513,女,广东省,东莞市,P1005,荣耀 Magic7,手机,4499,2,8998,微信支付,已完成,无退款
ORD2025004563,2025-09-28 16:39:07,U00150,男,北京市,北京市,P2004,罗技 MX Master 3S,电脑配件,699,1,699,花呗,待付款,无退款
ORD2025001167,2025-08-26 14:16:31,U01002,男,北京市,北京市,P1005,荣耀 Magic7,手机,4499,1,4499,花呗,已完成,无退款
ORD2025004142,2025-08-24 07:05:07,U01390,女,山东省,烟台市,P5001,雀巢咖啡,食品饮料,89,1,89,支付宝,已完成,无退款
ORD2025000205,2025-04-09 17:31:04,U00053,女,陕西省,西安市,P1005,荣耀 Magic7,手机,4499,2,8998,银行卡,已完成,无退款
ORD2025004050,2025-08-20 18:17:37,U00323,男,四川省,德阳市,P2004,罗技 MX Master 3S,电脑配件,699,1,699,支付宝,已完成,无退款
ORD2025004543,2025-09-28 12:39:27,U00039,女,湖北省,宜昌市,P3002,联想小新笔记本,电脑办公,4999,2,9998,银行卡,已完成,无退款
ORD2025004883,2025-05-05 14:56:00,U00291,男,浙江省,杭州市,P3003,机械革命游戏本,电脑办公,6299,1,6299,支付宝,已发货,无退款
ORD2025001214,2025-10-08 00:53:45,U00931,女,湖北省,宜昌市,P3002,联想小新笔记本,电脑办公,4999,2,9998,银行卡,已完成,无退款
ORD2025004995,2025-05-15 10:26:03,U01112,女,上海市,上海市,P4001,耐克运动鞋,服饰鞋包,599,2,1198,微信支付,待付款,无退款
ORD2025002686,2025-05-25 17:53:04,U01398,女,湖北省,宜昌市,P3002,联想小新笔记本,电脑办公,4999,1,4999,微信支付,已完成,无退款
ORD2025003157,2025-10-04 03:58:53,U01447,女,江苏省,南京市,P5003,三只松鼠坚果,食品饮料,59,1,59,花呗,已完成,无退款
ORD2025001180,2025-09-23 06:00:34,U01388,女,北京市,北京市,P3003,机械革命游戏本,电脑办公,6299,1,6299,银行卡,已完成,无退款
ORD2025001020,2025-01-16 22:24:08,U01133,女,四川省,成都市,P1004,小米 15,手机,3999,1,3999,银行卡,已完成,无退款
ORD2025003164,2025-12-15 20:43:32,U00116,男,浙江省,宁波市,P2004,罗技 MX Master 3S,电脑配件,699,1,699,花呗,已完成,无退款
ORD2025003502,2025-05-11 12:59:17,U01126,男,北京市,北京市,P2004,罗技 MX Master 3S,电脑配件,699,2,1398,微信支付,已完成,无退款
ORD2025004762,2025-10-31 00:37:40,U00306,男,北京市,北京市,P3001,戴尔 27英寸显示器,电脑办公,1499,4,5996,银行卡,已完成,无退款
ORD2025000928,2025-03-02 10:25:48,U00315,男,陕西省,西安市,P2003,小米手环 9,数码配件,299,2,598,花呗,已取消,无退款
ORD2025004735,2025-08-05 17:23:28,U01115,女,湖北省,襄阳市,P2002,华为 FreeBuds,数码配件,999,2,1998,银行卡,已完成,无退款
ORD2025002183,2025-04-22 22:41:42,U00930,男,山东省,济南市,P2001,AirPods Pro 2,数码配件,1899,2,3798,花呗,已完成,无退款
ORD2025001707,2025-06-28 10:32:22,U01306,女,河南省,洛阳市,P4003,优衣库羽绒服,服饰鞋包,799,1,799,微信支付,已完成,无退款
ORD2025003973,2025-08-20 18:46:13,U01353,男,广东省,东莞市,P2003,小米手环 9,数码配件,299,2,598,支付宝,已完成,无退款
ORD2025002420,2025-06-11 02:04:51,U00857,女,北京市,北京市,P2002,华为 FreeBuds,数码配件,999,1,999,微信支付,已完成,无退款
ORD2025003499,2025-10-17 09:08:51,U01029,男,四川省,成都市,P2003,小米手环 9,数码配件,299,1,299,支付宝,已完成,无退款
ORD2025000828,2025-08-20 16:57:41,U00077,男,山东省,烟台市,P5002,蒙牛纯牛奶,食品饮料,69,1,69,银行卡,已完成,无退款
ORD2025004544,2025-06-02 02:48:14,U00303,男,上海市,上海市,P5002,蒙牛纯牛奶,食品饮料,69,1,69,支付宝,已完成,无退款
ORD2025001032,2025-12-02 14:38:41,U00354,女,广东省,佛山市,P5003,三只松鼠坚果,食品饮料,59,2,118,银行卡,已完成,无退款
ORD2025003184,2025-12-26 15:49:51,U00177,女,浙江省,杭州市,P3004,打印机,电脑办公,899,3,2697,支付宝,已完成,无退款
ORD2025003461,2025-05-13 03:30:09,U01423,男,浙江省,宁波市,P1004,小米 15,手机,3999,1,3999,银行卡,已完成,无退款
ORD2025004689,2025-12-07 20:16:54,U01709,男,陕西省,西安市,P3002,联想小新笔记本,电脑办公,4999,1,4999,花呗,已完成,无退款
ORD2025003498,2025-01-01 17:15:03,U00023,男,广东省,广州市,P5001,雀巢咖啡,食品饮料,89,2,178,支付宝,已发货,无退款
ORD2025003620,2025-11-19 16:47:07,U01398,女,陕西省,咸阳市,P2005,机械键盘,电脑配件,399,1,399,支付宝,已完成,无退款
ORD2025000253,2025-11-02 02:27:42,U01004,男,湖北省,武汉市,P1001,iPhone 15,手机,4999,1,4999,花呗,已完成,无退款
ORD2025003729,2025-03-09 08:07:09,U00184,男,湖北省,襄阳市,P2003,小米手环 9,数码配件,299,1,299,支付宝,已完成,无退款
ORD2025004449,2025-10-12 04:06:43,U01606,男,江苏省,南京市,P5001,雀巢咖啡,食品饮料,89,1,89,支付宝,已完成,无退款
ORD2025000094,2025-03-05 10:39:31,U01300,女,北京市,北京市,P1004,小米 15,手机,3999,1,3999,银行卡,已完成,无退款
ORD2025004375,2025-12-08 08:23:18,U00670,女,上海市,上海市,P1003,华为 Mate 70,手机,5499,1,5499,支付宝,已完成,无退款
ORD2025002564,2025-09-10 03:19:19,U00702,女,江苏省,常州市,P2001,AirPods Pro 2,数码配件,1899,3,5697,花呗,已取消,无退款
ORD2025004209,2025-12-21 02:50:10,U01347,男,江苏省,南京市,P1003,华为 Mate 70,手机,5499,1,5499,银行卡,已完成,无退款
ORD2025000620,2025-05-04 07:10:34,U00399,男,江苏省,无锡市,P1004,小米 15,手机,3999,2,7998,银行卡,已发货,无退款
ORD2025002966,2025-09-26 09:09:31,U00781,男,山东省,烟台市,P4002,阿迪达斯卫衣,服饰鞋包,399,2,798,银行卡,已完成,无退款
ORD2025003982,2025-06-24 13:41:32,U00053,男,山东省,烟台市,P1004,小米 15,手机,3999,1,3999,花呗,已完成,无退款
ORD2025004014,2025-04-30 17:59:00,U00628,男,广东省,东莞市,P5003,三只松鼠坚果,食品饮料,59,1,59,花呗,已完成,无退款
ORD2025000014,2025-02-08 07:36:44,U00358,女,陕西省,宝鸡市,P5002,蒙牛纯牛奶,食品饮料,69,1,69,支付宝,已完成,无退款
ORD2025001202,2025-11-09 21:37:30,U01570,男,上海市,上海市,P1001,iPhone 15,手机,4999,1,4999,花呗,已发货,无退款
ORD2025000339,2025-10-30 21:46:13,U01303,男,山东省,济南市,P4002,阿迪达斯卫衣,服饰鞋包,399,1,399,花呗,已发货,无退款
ORD2025004805,2025-05-14 11:53:30,U00047,女,湖北省,宜昌市,P3003,机械革命游戏本,电脑办公,6299,4,25196,支付宝,已完成,无退款
ORD2025004905,2025-04-30 07:36:15,U01678,女,四川省,德阳市,P1003,华为 Mate 70,手机,5499,2,10998,银行卡,已完成,无退款
ORD2025001898,2025-03-19 02:48:53,U01649,女,陕西省,宝鸡市,P2005,机械键盘,电脑配件,399,2,798,微信支付,已发货,无退款
ORD2025003912,2025-09-24 12:05:31,U00471,女,四川省,成都市,P1005,荣耀 Magic7,手机,4499,1,4499,花呗,已完成,无退款
ORD2025003465,2025-12-17 17:01:22,U01431,女,广东省,东莞市,P2004,罗技 MX Master 3S,电脑配件,699,1,699,花呗,已完成,无退款
ORD2025003114,2025-05-12 18:57:58,U00040,男,湖北省,武汉市,P1005,荣耀 Magic7,手机,4499,2,8998,支付宝,已发货,无退款
ORD2025004701,2025-08-27 02:03:52,U00278,男,江苏省,苏州市,P2004,罗技 MX Master 3S,电脑配件,699,2,1398,支付宝,已完成,无退款
ORD2025000912,2025-03-16 20:31:19,U01667,女,北京市,北京市,P3003,机械革命游戏本,电脑办公,6299,1,6299,支付宝,已完成,无退款
ORD2025000060,2025-05-24 08:05:33,U01103,男,上海市,上海市,P3004,打印机,电脑办公,899,2,1798,花呗,已完成,无退款
ORD2025000013,2025-07-18 17:06:43,U01730,女,湖北省,武汉市,P3002,联想小新笔记本,电脑办公,4999,1,4999,银行卡,已完成,无退款
ORD2025000608,2025-12-02 20:46:10,U00088,女,北京市,北京市,P2004,罗技 MX Master 3S,电脑配件,699,1,699,花呗,已完成,无退款
ORD2025002750,2025-09-03 12:29:53,U01212,男,河南省,洛阳市,P3003,机械革命游戏本,电脑办公,6299,3,18897,微信支付,已完成,无退款
ORD2025004721,2025-05-18 22:24:27,U01433,女,湖北省,武汉市,P1002,iPhone 15 Pro,手机,6999,2,13998,微信支付,已完成,无退款
ORD2025004061,2025-08-20 05:34:51,U01697,女,山东省,烟台市,P5003,三只松鼠坚果,食品饮料,59,4,236,银行卡,已完成,无退款
ORD2025000777,2025-11-29 18:03:21,U01412,女,广东省,佛山市,P3004,打印机,电脑办公,899,2,1798,微信支付,待付款,无退款
ORD2025003876,2025-02-23 10:00:15,U00393,女,北京市,北京市,P1001,iPhone 15,手机,4999,3,14997,微信支付,已取消,无退款
ORD2025004707,2025-11-12 16:07:07,U00582,男,北京市,北京市,P5003,三只松鼠坚果,食品饮料,59,1,59,银行卡,已完成,无退款
ORD2025003713,2025-03-09 19:09:57,U00064,女,浙江省,金华市,P5003,三只松鼠坚果,食品饮料,59,1,59,花呗,已完成,无退款
ORD2025004283,2025-06-16 00:11:06,U00575,男,江苏省,常州市,P1003,华为 Mate 70,手机,5499,1,5499,微信支付,已取消,无退款
ORD2025004145,2025-01-09 12:59:09,U00630,男,陕西省,西安市,P2002,华为 FreeBuds,数码配件,999,1,999,微信支付,已完成,无退款
ORD2025002011,2025-09-21 09:38:45,U00492,男,江苏省,苏州市,P3003,机械革命游戏本,电脑办公,6299,2,12598,花呗,已完成,无退款
ORD2025004314,2025-03-26 12:23:33,U01243,男,陕西省,咸阳市,P1003,华为 Mate 70,手机,5499,2,10998,花呗,已完成,无退款
ORD2025004210,2025-08-17 22:21:04,U00444,女,山东省,青岛市,P2004,罗技 MX Master 3S,电脑配件,699,1,699,花呗,已完成,无退款
ORD2025004819,2025-02-11 15:09:20,U01131,男,江苏省,无锡市,P3001,戴尔 27英寸显示器,电脑办公,1499,3,4497,花呗,已完成,无退款
ORD2025001739,2025-08-15 17:39:47,U01305,男,河南省,洛阳市,P4002,阿迪达斯卫衣,服饰鞋包,399,3,1197,微信支付,已完成,无退款
ORD2025000318,2025-05-02 21:46:26,U01477,女,湖北省,襄阳市,P9999,iPhone 15,手机,4999,2,9998,支付宝,已完成,无退款
ORD2025004067,2025-12-03 16:08:29,U01321,女,四川省,成都市,P5003,三只松鼠坚果,食品饮料,59,2,118,微信支付,已发货,无退款
ORD2025001606,2025-07-26 11:08:09,U01626,女,广东省,深圳市,P1003,华为 Mate 70,手机,5499,1,5499,微信支付,待付款,无退款
ORD2025002271,2025-10-22 19:14:02,U00557,女,广东省,广州市,P2002,华为 FreeBuds,电子配件,999,,1998,花呗,已完成,无退款
ORD2025002932,2025-05-24 13:23:01,U00081,男,江苏省,常州市,P1002,iPhone 15 Pro,手机,6999,4,27996,微信支付,已完成,无退款
ORD2025002328,2025-11-18 16:19:19,U00240,女,上海市,上海市,P1003,华为 Mate 70,手机,5499,4,21996,支付宝,待付款,无退款
ORD2025003147,2025-08-10 15:25:25,U00263,男,广东省,东莞市,P3001,戴尔 27英寸显示器,电脑办公,1499,1,1499,微信支付,已完成,无退款
ORD2025003829,2025-02-26 16:41:51,U00755,男,陕西省,西安市,P3004,打印机,电脑办公,899,1,899,支付宝,退款中,退款中
ORD2025003661,2025-10-30 18:25:24,U00958,男,四川省,绵阳市,P5002,蒙牛纯牛奶,食品饮料,69,2,138,花呗,已发货,无退款
ORD2025002168,2025-06-18 07:42:50,U01394,男,河南省,郑州市,P4002,阿迪达斯卫衣,服饰鞋包,399,1,399,银行卡,待付款,无退款
ORD2025000108,2025-05-26 10:22:17,U00139,女,北京市,北京市,P1004,小米 15,手机,3999,2,7998,花呗,已完成,无退款
ORD2025004575,2025-05-02 18:13:56,U00134,男,河南省,南阳市,P2003,小米手环 9,数码配件,299,1,299,银行卡,已完成,无退款
ORD2025003071,2025-05-03 08:19:31,U01400,男,四川省,绵阳市,P4001,耐克运动鞋,服饰鞋包,599,1,599,微信支付,已完成,无退款
ORD2025003257,2025-05-26 10:31:28,U01225,女,江苏省,无锡市,P4001,耐克运动鞋,服饰鞋包,599,3,1797,花呗,已完成,无退款
ORD2025003940,2025-01-07 10:58:40,U00306,女,浙江省,杭州市,P4001,耐克运动鞋,服饰鞋包,599,1,599,银行卡,已完成,无退款
ORD2025000408,2025-01-29 08:12:32,U01535,女,四川省,德阳市,P3003,机械革命游戏本,电脑办公,6299,1,6299,微信支付,已完成,无退款
ORD2025001092,2025-04-03 19:58:18,U01177,女,广东省,东莞市,P2005,机械键盘,电脑配件,399,4,1596,银行卡,已取消,无退款
ORD2025002300,2025-08-24 13:16:16,U00675,男,广东省,东莞市,P1005,荣耀 Magic7,手机,4499,2,8998,支付宝,已完成,无退款
ORD2025004778,2025-12-30 13:02:56,U01065,女,河南省,郑州市,P1003,华为 Mate 70,手机,5499,2,10998,花呗,已取消,无退款
ORD2025004753,2025-11-09 21:48:14,U00223,女,上海市,上海市,P4001,耐克运动鞋,服饰鞋包,599,2,1198,银行卡,待付款,无退款
ORD2025000933,2025-03-25 14:10:37,U00143,男,山东省,烟台市,P3001,戴尔 27英寸显示器,电脑办公,1499,1,1499,银行卡,已完成,无退款
ORD2025000306,2025-01-21 16:22:14,U00255,女,四川省,德阳市,P3004,打印机,电脑办公,899,1,899,银行卡,已完成,无退款
ORD2025001791,2025-12-29 20:09:55,U00831,男,江苏省,常州市,P5001,雀巢咖啡,食品饮料,89,1,89,微信支付,已完成,无退款
ORD2025004172,2025-07-28 05:17:12,U00875,男,湖北省,宜昌市,P3002,联想小新笔记本,电脑办公,4999,1,4999,支付宝,已发货,无退款
ORD2025002500,2025-05-17 13:45:23,U00734,女,广东省,深圳市,P1003,华为 Mate 70,手机,5499,1,5499,微信支付,已完成,无退款
ORD2025003788,2025-01-30 19:18:45,U00920,男,浙江省,宁波市,P2005,机械键盘,电脑配件,399,2,798,银行卡,已完成,无退款
ORD2025000831,2025-08-22 17:23:09,U01644,女,湖北省,襄阳市,P3003,机械革命游戏本,电脑办公,6299,2,12598,支付宝,已完成,无退款
ORD2025003852,2025-06-15 17:29:38,U01078,女,上海市,上海市,P2005,机械键盘,电脑配件,399,1,399,微信支付,已完成,无退款
ORD2025002997,2025-10-30 17:10:50,U00205,女,江苏省,无锡市,P2005,机械键盘,电脑配件,399,2,798,银行卡,已完成,无退款
ORD2025000130,2025-09-29 19:03:54,U00051,女,上海市,上海市,P5003,三只松鼠坚果,食品饮料,59,2,118,微信支付,已完成,无退款
ORD2025003173,2025-08-08 06:52:56,U01723,女,广东省,深圳市,P3004,打印机,电脑办公,899,1,899,微信支付,已完成,无退款
ORD2025003306,2025-09-10 05:48:03,U00144,男,北京市,北京市,P1002,iPhone 15 Pro,手机,6999,1,6999,花呗,已完成,无退款
ORD2025001632,2025-10-07 11:25:47,U00217,男,广东省,佛山市,P1002,iPhone 15 Pro,手机,6999,1,6999,花呗,已完成,无退款
ORD2025001323,2025-09-09 04:24:34,U00302,男,浙江省,金华市,P4002,阿迪达斯卫衣,服饰鞋包,399,2,798,支付宝,待付款,无退款
ORD2025001627,2025-03-10 01:32:45,U01783,男,上海市,上海市,P5002,蒙牛纯牛奶,食品饮料,69,1,69,花呗,已完成,无退款
ORD2025000279,2025-06-28 04:44:57,U00315,女,浙江省,温州市,P3003,机械革命游戏本,电脑办公,6299,1,6299,花呗,已取消,无退款
ORD2025002068,2025-03-17 05:55:21,U01139,男,广东省,佛山市,P2004,罗技 MX Master 3S,电脑配件,699,1,699,微信支付,已完成,无退款
ORD2025003818,2025-05-27 01:35:06,U00837,女,广东省,东莞市,P2003,小米手环 9,数码配件,299,1,299,支付宝,已完成,无退款
ORD2025001418,2025-12-07 04:28:08,U01276,女,河南省,洛阳市,P1005,荣耀 Magic7,手机,4499,1,4499,花呗,已取消,无退款
ORD2025000290,2025-06-01 12:39:40,U01459,女,广东省,东莞市,P2004,罗技 MX Master 3S,电脑配件,699,2,1398,微信支付,已完成,无退款
ORD2025004634,2025-01-03 09:31:08,U00558,男,广东省,深圳市,P4003,优衣库羽绒服,服饰鞋包,799,1,799,银行卡,已发货,无退款
ORD2025002386,2025-05-29 12:53:16,U00313,男,广东省,深圳市,P4002,阿迪达斯卫衣,服饰鞋包,399,4,1596,银行卡,已完成,无退款
ORD2025000009,2025-01-01 20:51:38,U01186,女,湖北省,宜昌市,P2003,小米手环 9,数码配件,299,2,598,微信支付,已发货,无退款
ORD2025001300,2025-07-24 08:25:01,U00408,男,湖北省,襄阳市,P2005,机械键盘,电脑配件,399,2,798,花呗,已完成,无退款
ORD2025001075,2025-07-21 14:31:03,U00389,男,山东省,烟台市,P2003,小米手环 9,数码配件,299,1,299,微信支付,已完成,已退款
ORD2025004108,2025-06-08 03:01:54,U01504,女,江苏省,苏州市,P1002,iPhone 15 Pro,手机,6999,1,6999,支付宝,已完成,无退款
ORD2025002012,2025-07-13 03:03:08,U00957,男,上海市,上海市,P2005,机械键盘,电脑配件,399,1,399,支付宝,已完成,无退款
ORD2025002098,2025-10-11 06:23:22,U01409,男 ,江苏省,南京市,P2002,华为 FreeBuds,3C数码,999,1,999,微信支付,已完成,无退款
ORD2025002502,2025-06-02 23:08:43,U01413,女,四川省,德阳市,P2003,小米手环 9,数码配件,299,1,299,银行卡,已完成,无退款
ORD2025004511,2025-01-04 02:20:01,U01288,女,北京市,北京市,P5003,三只松鼠坚果,食品饮料,59,1,0,支付宝,已发货,无退款
ORD2025002411,2025-06-30 16:03:27,U00277,男,北京市,北京市,P4001,耐克运动鞋,服饰鞋包,599,4,2396,银行卡,已完成,无退款
ORD2025002724,2025-11-15 17:04:27,U01245,女,广东省,深圳市,P2003,小米手环 9,数码配件,299,1,299,支付宝,已完成,无退款
ORD2025002605,2025-04-04 06:34:36,U01659,女,湖北省,襄阳市,P4002,阿迪达斯卫衣,服饰鞋包,399,1,399,银行卡,退款中,退款中
ORD2025004448,2025-07-07 19:24:33,U01131,男,上海市,上海市,P3003,机械革命游戏本,电脑办公,6299,1,6299,银行卡,已完成,无退款
ORD2025004872,2025-10-12 21:36:53,U01505,男,河南省,南阳市,P5002,蒙牛纯牛奶,食品饮料,69,2,138,花呗,已完成,无退款
ORD2025003878,2025-11-06 17:32:24,U00210,女,山东省,青岛市,P3004,打印机,电脑办公,899,2,1798,花呗,已完成,无退款
ORD2025000545,2025-03-04 17:59:47,U00001,男,广东省,广州市,P5002,蒙牛纯牛奶,食品饮料,69,2,138,花呗,已完成,无退款
ORD2025003931,2025-04-18 01:29:11,U00949,女,浙江省,温州市,P3004,打印机,电脑办公,899,3,2697,花呗,已完成,已退款
ORD2025000647,2025-02-17 00:47:35,U00388,男,山东省,烟台市,P3003,机械革命游戏本,电脑办公,6299,1,6299,花呗,已完成,无退款
ORD2025001592,2025-03-20 09:55:19,U00799,女,北京市,北京市,P3004,打印机,电脑办公,899,1,899,花呗,已完成,无退款
ORD2025004456,2025-06-19 13:01:33,U00222,男,河南省,洛阳市,P4001,耐克运动鞋,服饰鞋包,599,5,2995,花呗,已完成,无退款
ORD2025001744,2025-06-08 12:09:36,U01663,男,江苏省,苏州市,P2002,华为 FreeBuds,数码配件,999,1,999,银行卡,已完成,无退款
ORD2025000776,2025-01-31 00:31:12,U01503,男,山东省,青岛市,P3003,机械革命游戏本,电脑办公,6299,1,6299,支付宝,已完成,无退款
ORD2025003609,2025-08-10 05:40:37,U00496,男,四川省,成都市,P2003,小米手环 9,数码配件,299,1,299,银行卡,已完成,无退款
ORD2025002596,2025-06-17 21:43:10,U00651,男,浙江省,宁波市,P4003,优衣库羽绒服,服饰鞋包,799,1,799,花呗,已完成,无退款
ORD2025002965,2025-09-15 18:23:35,U01693,女,湖北省,武汉市,P2001,AirPods Pro 2,数码配件,1899,2,3798,微信支付,已完成,无退款
ORD2025004322,2025-12-22 22:49:16,U01271,女,广东省,广州市,P3002,联想小新笔记本,电脑办公,4999,2,9998,支付宝,已完成,无退款
ORD2025003460,2025-09-09 05:56:15,U01404,女,四川省,成都市,P2004,罗技 MX Master 3S,电脑配件,699,1,699,支付宝,已完成,无退款
ORD2025001384,2025-01-19 18:45:16,U01490,男,北京市,北京市,P1003,华为 Mate 70,手机,5499,1,5499,微信支付,已完成,无退款
ORD2025001556,2025-07-03 15:24:37,U00316,女,四川省,绵阳市,P1004,小米 15,手机,3999,2,7998,花呗,已完成,无退款
ORD2025001360,2025-10-18 08:43:45,U00770,女,陕西省,宝鸡市,P4001,耐克运动鞋,服饰鞋包,599,3,1797,花呗,已完成,无退款
ORD2025003527,2025-10-23 19:30:39,U00372,女,陕西省,西安市,P2004,罗技 MX Master 3S,电脑配件,699,2,1398,花呗,已完成,无退款
ORD2025001433,2025-03-29 17:37:55,U01354,男,浙江省,杭州市,P2005,机械键盘,电脑配件,399,2,798,花呗,已完成,无退款
ORD2025002025,2025-04-19 00:00:44,U00634,女,湖北省,宜昌市,P1002,iPhone 15 Pro,手机,6999,1,6999,支付宝,已发货,无退款
ORD2025003563,2025-03-02 03:44:51,U00042,女,浙江省,温州市,P1002,iPhone 15 Pro,手机,6999,1,6999,花呗,已完成,无退款
ORD2025002590,2025-08-07 21:11:53,U00602,女,江苏省,无锡市,P2003,小米手环 9,数码配件,299,1,299,支付宝,已完成,无退款
ORD2025000254,2025-03-29 10:10:57,U00258,女,陕西省,咸阳市,P2002,华为 FreeBuds,数码配件,999,1,999,花呗,已完成,无退款
ORD2025000923,2025-03-02 20:40:39,U01514,男,北京市,北京市,P3001,戴尔 27英寸显示器,电脑办公,1499,1,1499,花呗,已完成,无退款
ORD2025000920,2025-07-25 06:26:15,U00952,男,湖北省,武汉市,P5003,三只松鼠坚果,食品饮料,59,1,59,银行卡,已完成,无退款
ORD2025003473,2025-10-15 13:27:47,U01262,男,江苏省,无锡市,P3003,机械革命游戏本,电脑办公,6299,1,6299,银行卡,已发货,无退款
ORD2025002439,2025-05-24 14:56:42,U00319,男,湖北省,宜昌市,P5002,蒙牛纯牛奶,食品饮料,69,1,69,花呗,已完成,无退款
ORD2025003087,2025-08-05 22:58:34,U01384,女,湖北省,武汉市,P3004,打印机,电脑办公,899,1,899,微信支付,已完成,无退款
ORD2025003678,2025-03-24 22:18:37,U00242,男,河南省,南阳市,P2004,罗技 MX Master 3S,电脑配件,-6299,1,699,花呗,已完成,已退款
ORD2025001215,2025-02-10 02:35:10,U01798,男,广东省,深圳市,P4003,优衣库羽绒服,服饰鞋包,799,2,1598,花呗,已完成,无退款
ORD2025001722,2025-11-12 12:45:41,U01709,女,上海市,上海市,P2005,机械键盘,电脑配件,399,1,399,支付宝,已完成,无退款
ORD2025001399,2025-02-11 06:24:39,U01597,女,浙江省,宁波市,P4001,耐克运动鞋,服饰鞋包,599,3,1797,银行卡,已完成,无退款
ORD2025003374,2025-04-08 01:13:26,U00919,男,广东省,广州市,P5003,三只松鼠坚果,食品饮料,59,1,59,银行卡,待付款,无退款
ORD2025001516,2025-12-21 08:27:04,U01110,女,湖北省,襄阳市,P4003,优衣库羽绒服,服饰鞋包,799,1,799,支付宝,已完成,无退款
ORD2025002477,2025-06-11 00:37:07,U01272,男,江苏省,常州市,P4002,阿迪达斯卫衣,服饰鞋包,399,1,399,银行卡,退款中,退款中
ORD2025004105,2025-01-31 11:52:48,U01445,女,上海市,上海市,P1004,小米 15,手机,3999,1,3999,微信支付,已发货,无退款
ORD2025004083,2025-04-28 16:42:49,U00447,男,广东省,佛山市,P3001,戴尔 27英寸显示器,电脑办公,1499,1,1499,支付宝,已完成,无退款
ORD2025001934,2025-08-11 02:18:58,U00043,女,江苏省,南京市,P1003,华为 Mate 70,手机,5499,1,5499,支付宝,已完成,无退款
ORD2025003666,2025-03-04 14:15:01,U00938,女,上海市,上海市,P2001,AirPods Pro 2,数码配件,1899,1,1899,银行卡,已发货,无退款
ORD2025000366,2025-12-12 19:18:16,U01671,男,上海市,上海市,P1005,荣耀 Magic7,手机,4499,1,4499,微信支付,已完成,无退款
ORD2025003121,2025-12-05 08:33:16,U00140,女,北京市,北京市,P3002,联想小新笔记本,电脑办公,4999,2,9998,花呗,已完成,无退款
ORD2025004477,2025-12-26 08:29:43,U00841,男,湖北省,襄阳市,P1002,iPhone 15 Pro,手机,6999,1,6999,支付宝,待付款,无退款
ORD2025000474,2025-02-22 17:12:54,U01338,男,上海市,上海市,P4003,优衣库羽绒服,服饰鞋包,799,1,799,银行卡,待付款,无退款
ORD2025003745,2025-07-08 23:55:06,U00697,男,浙江省,温州市,P3004,打印机,电脑办公,899,1,899,支付宝,已完成,无退款
ORD2025001461,2025-04-14 11:12:58,U00180,女,山东省,烟台市,P4002,阿迪达斯卫衣,服饰鞋包,399,4,1596,微信支付,已完成,无退款
ORD2025001265,2025-11-18 09:09:16,U01231,女,陕西省,西安市,P2001,AirPods Pro 2,数码配件,1899,1,1899,银行卡,待付款,无退款
ORD2025003341,2025-09-12 11:33:35,U00763,男,广东省,深圳市,P2003,小米手环 9,数码配件,299,1,299,支付宝,已发货,无退款
ORD2025004218,2025-05-25 10:31:50,U00969,男,湖北省,武汉市,P3003,机械革命游戏本,电脑办公,6299,4,25196,微信支付,已发货,无退款
ORD2025001683,2025-11-05 02:01:58,U01199,女,江苏省,南京市,P5002,蒙牛纯牛奶,食品饮料,69,1,69,银行卡,已发货,无退款
ORD2025003218,2025-09-21 08:56:00,U01380,男,广东省,东莞市,P2001,AirPods Pro 2,数码配件,1899,2,3798,花呗,已完成,无退款
ORD2025001073,2025-08-15 10:43:36,U00293,女,北京市,北京市,P5003,三只松鼠坚果,食品饮料,59,1,59,银行卡,已发货,无退款
ORD2025001158,2025-03-30 08:17:44,U01108,女,湖北省,襄阳市,P1004,小米 15,手机,3999,1,3999,银行卡,已完成,无退款
ORD2025003939,2025-08-02 01:37:44,U00009,男,广东省,广州市,P5003,三只松鼠坚果,食品饮料,59,1,59,微信支付,已取消,无退款
ORD2025002191,2025-03-27 01:27:35,U00496,男,陕西省,西安市,P2003,小米手环 9,数码配件,299,1,299,支付宝,已完成,无退款
ORD2025004741,2025-04-15 23:08:09,U00854,男,上海市,上海市,P3001,戴尔 27英寸显示器,电脑办公,1499,1,1499,银行卡,已完成,无退款
ORD2025000214,2025-05-10 10:33:30,U01172,女,北京市,北京市,P4002,阿迪达斯卫衣,服饰鞋包,399,4,1596,支付宝,已发货,无退款
ORD2025002532,2025-11-28 14:01:33,U01110,男,北京市,北京市,P1004,小米 15,手机,3999,1,3999,花呗,已发货,无退款
ORD2025000771,2025-09-12 14:13:12,U00326,男,浙江省,宁波市,P1002,iPhone 15 Pro,手机,6999,1,6999,花呗,退款中,退款中
ORD2025002970,2025-04-07 16:09:55,U01578,男,河南省,郑州市,P4003,优衣库羽绒服,服饰鞋包,799,2,1598,银行卡,已取消,无退款
ORD2025002513,2025-08-06 05:45:57,U00452,女,广东省,佛山市,P1003,华为 Mate 70,手机,5499,1,5499,花呗,已完成,无退款
ORD2025004254,2025-08-20 23:45:56,U00378,女,广东省,佛山市,P1003,华为 Mate 70,手机,5499,1,5499,支付宝,已完成,无退款
ORD2025001082,2025-03-02 19:19:42,U00584,男,广东省,东莞市,P4003,优衣库羽绒服,服饰鞋包,799,1,799,支付宝,已完成,无退款
ORD2025000184,2025-12-21 11:29:44,U01027,男,上海市,上海市,P5001,雀巢咖啡,食品饮料,89,1,89,微信支付,已完成,无退款
ORD2025004479,2025-12-03 13:35:52,U01745,男,广东省,东莞市,P5001,雀巢咖啡,食品饮料,89,4,356,银行卡,已完成,无退款
ORD2025004288,2025-06-20 06:05:13,U01534,男,浙江省,温州市,P3002,联想小新笔记本,电脑办公,4999,1,4999,支付宝,已完成,无退款
ORD2025001153,2025-02-09 11:39:16,U01599,女,陕西省,咸阳市,P4003,优衣库羽绒服,服饰鞋包,799,1,799,银行卡,已完成,无退款
ORD2025004470,2025-11-17 14:18:36,U01521,女,江苏省,苏州市,P1004,小米 15,手机,3999,2,7998,支付宝,已完成,无退款
ORD2025002256,2025-03-13 21:57:59,U00672,男,北京市,北京市,P5001,雀巢咖啡,食品饮料,89,1,89,支付宝,已完成,已退款
ORD2025002028,2025-12-08 19:15:40,U00930,男,广东省,东莞市,P4001,耐克运动鞋,服饰鞋包,599,1,599,支付宝,已完成,无退款
ORD2025003722,2025-01-29 00:59:58,U00929,女,江苏省,无锡市,P1002,iPhone 15 Pro,手机,6999,1,6999,微信支付,已完成,无退款
ORD2025001792,2025-06-19 02:22:48,U01154,女,山东省,烟台市,P1003,华为 Mate 70,手机,5499,1,5499,微信支付,已完成,无退款
ORD2025004818,2025-02-01 07:19:49,U00887,男,广东省,广州市,P1002,iPhone 15 Pro,手机,6999,1,6999,花呗,待付款,无退款
ORD2025000054,2025-12-19 02:07:48,U00499,女,陕西省,西安市,P2005,机械键盘,电脑配件,399,3,1197,支付宝,退款中,退款中
ORD2025002362,2025-10-12 16:49:46,U01736,男,四川省,成都市,P1003,华为 Mate 70,手机,5499,1,5499,微信支付,已完成,无退款
ORD2025004670,2025-09-17 18:24:53,U00161,男,陕西省,西安市,P3004,打印机,电脑办公,899,3,2697,支付宝,已完成,无退款
ORD2025002482,2025-07-13 21:29:26,U00508,女,山东省,济南市,P5001,雀巢咖啡,食品饮料,89,2,178,微信支付,已完成,无退款
ORD2025001186,2025-09-03 23:14:28,U01327,男,河南省,郑州市,P4003,优衣库羽绒服,服饰鞋包,799,1,799,花呗,已完成,无退款
ORD2025002805,2025-04-08 12:05:49,U00985,男,河南省,南阳市,P3003,机械革命游戏本,电脑办公,6299,1,6299,支付宝,待付款,无退款
ORD2025000957,2025-06-01 16:27:32,U01314,女,湖北省,武汉市,P1005,荣耀 Magic7,手机,4499,1,4499,花呗,已完成,无退款
ORD2025000512,2025-11-04 19:57:51,U01517,女,浙江省,宁波市,P1005,荣耀 Magic7,手机,4499,1,4499,花呗,已发货,无退款
ORD2025002403,2025-10-18 07:43:05,U01368,男,北京市,北京市,P2004,罗技 MX Master 3S,电脑配件,699,1,699,花呗,已取消,无退款
ORD2025001017,2025-08-27 02:48:57,U01735,女,山东省,济南市,P1003,华为 Mate 70,手机,5499,1,5499,花呗,已完成,无退款
ORD2025004122,2025-02-01 19:59:33,U00712,男,浙江省,杭州市,P1001,iPhone 15,手机,4999,1,4999,花呗,已完成,无退款
ORD2025004582,2025-02-02 10:34:18,U01458,男,四川省,德阳市,P2002,华为 FreeBuds,数码配件,999,1,999,支付宝,已完成,无退款
ORD2025001022,2025-07-09 05:51:20,U00214,男,浙江省,宁波市,P1004,小米 15,手机,3999,2,7998,支付宝,已完成,无退款
ORD2025000174,2025-05-14 03:39:44,U00585,女,四川省,绵阳市,P2002,华为 FreeBuds,数码配件,999,4,3996,支付宝,已完成,无退款
ORD2025001218,2025-01-06 15:50:23,U01407,男,湖北省,武汉市,P2004,罗技 MX Master 3S,电脑配件,699,1,699,花呗,已完成,无退款
ORD2025002950,2025-06-13 14:27:45,U00335,女,陕西省,咸阳市,P2005,机械键盘,电脑配件,399,1,399,支付宝,已发货,无退款
ORD2025003808,2025-06-11 17:26:03,U01119,男,陕西省,宝鸡市,P5001,雀巢咖啡,食品饮料,89,1,89,花呗,已发货,无退款
ORD2025002019,2025-07-16 15:09:50,U01694,女,山东省,烟台市,P3001,戴尔 27英寸显示器,电脑办公,1499,4,5996,花呗,已完成,无退款
ORD2025002560,2025-10-14 21:41:44,U01491,女,江苏省,苏州市,P1005,荣耀 Magic7,手机,4499,1,4499,花呗,已完成,无退款
ORD2025001030,2025-04-07 13:59:11,U01466,男,陕西省,宝鸡市,P4001,耐克运动鞋,服饰鞋包,599,1,599,支付宝,已发货,无退款
ORD2025000382,2025-10-10 18:25:07,U01162,女,陕西省,西安市,P4002,阿迪达斯卫衣,服饰鞋包,399,1,399,花呗,已完成,无退款
ORD2025001535,2025-01-26 16:34:50,U00951,女,四川省,德阳市,P5002,蒙牛纯牛奶,食品饮料,69,1,69,银行卡,已发货,无退款
ORD2025004458,2025-03-12 23:53:57,U00293,男,浙江省,宁波市,P5001,雀巢咖啡,食品饮料,89,2,178,花呗,待付款,无退款
ORD2025004784,2025-05-13 06:28:57,U01238,女,浙江省,宁波市,P2005,机械键盘,电脑配件,399,1,399,花呗,已完成,无退款
ORD2025000456,2025-10-31 16:26:39,U00887,女,北京市,北京市,P2001,AirPods Pro 2,数码配件,1899,1,1899,支付宝,已完成,无退款
ORD2025001763,2025-04-12 04:47:07,U00343,女,山东省,济南市,P5003,三只松鼠坚果,食品饮料,59,1,59,花呗,已发货,无退款
ORD2025001039,2025-06-28 10:44:29,U00731,女,山东省,青岛市,P2002,华为 FreeBuds,数码配件,999,2,1998,花呗,已取消,无退款
ORD2025004930,2025-12-06 18:05:59,U00414,女,北京市,北京市,P1001,iPhone 15,手机,4999,1,4999,支付宝,已完成,无退款
ORD2025004888,2025-10-10 01:57:24,U01532,男,上海市,上海市,P1004,小米 15,手机,3999,3,11997,银行卡,已完成,无退款
ORD2025002220,2025-12-17 18:22:31,U00194,女,浙江省,金华市,P4001,耐克运动鞋,服饰鞋包,599,1,599,微信支付,已完成,无退款
ORD2025000311,2025-11-07 22:02:05,U00604,女,广东省,深圳市,P5002,蒙牛纯牛奶,食品饮料,69,2,138,银行卡,已完成,无退款
ORD2025002047,2025-08-19 13:17:22,U00292,女,陕西省,咸阳市,P2005,机械键盘,电脑配件,399,1,399,微信支付,待付款,无退款
ORD2025004745,2025-04-07 23:48:27,U00435,女,浙江省,金华市,P3003,机械革命游戏本,电脑办公,6299,1,6299,花呗,已完成,无退款
ORD2025003805,2025-11-10 15:36:58,U01044,女,广东省,东莞市,P4001,耐克运动鞋,服饰鞋包,599,2,1198,银行卡,已完成,无退款
ORD2025003042,2025-05-05 23:32:45,U01243,女,湖北省,宜昌市,P1001,iPhone 15,手机,4999,1,4999,微信支付,退款中,退款中
ORD2025001018,2025-05-18 22:43:42,U00385,男,北京市,北京市,P3004,打印机,电脑办公,899,2,1798,支付宝,已完成,无退款
ORD2025001128,2025-08-11 03:01:29,U00125,女,广东省,佛山市,P3004,打印机,电脑办公,899,2,1798,支付宝,已发货,无退款
ORD2025003679,2025-10-19 19:16:37,U00840,男,北京市,北京市,P3003,机械革命游戏本,电脑办公,6299,2,12598,微信支付,已完成,无退款
ORD2025004095,2025-05-05 20:57:22,U01164,男,江苏省,无锡市,P3003,机械革命游戏本,电脑办公,6299,1,6299,银行卡,已发货,无退款
ORD2025003376,2025-04-10 22:31:44,U00432,女,河南省,郑州市,P2001,AirPods Pro 2,数码配件,1899,2,3798,银行卡,已完成,无退款
ORD2025003161,2025-08-29 13:54:33,U00445,男,上海市,上海市,P1004,小米 15,手机,3999,1,3999,花呗,已完成,无退款
ORD2025001811,2025-12-27 01:07:18,U01143,女,陕西省,西安市,P1005,荣耀 Magic7,手机,4499,1,4499,银行卡,退款中,退款中
ORD2025000743,2025-04-24 22:41:26,U01610,男,上海市,上海市,P2003,小米手环 9,数码配件,299,1,299,微信支付,已完成,无退款
ORD2025002128,2025-03-18 13:25:10,U00671,女,北京市,北京市,P1003,华为 Mate 70,手机,5499,1,5499,支付宝,已发货,无退款
ORD2025003686,2025-08-15 20:04:10,U00657,男,广东省,佛山市,P4003,优衣库羽绒服,服饰鞋包,799,2,1598,银行卡,已发货,无退款
ORD2025001465,2025-09-27 21:04:57,U00856,男,北京市,北京市,P1001,iPhone 15,手机,4999,2,9998,银行卡,已完成,无退款
ORD2025002845,2025-04-28 11:52:47,U00006,女,广东省,广州市,P2002,华为 FreeBuds,数码配件,999,1,999,支付宝,已发货,无退款
ORD2025003746,2025-01-25 07:01:25,U01397,男,上海市,上海市,P5001,雀巢咖啡,食品饮料,89,1,89,微信支付,已发货,无退款
ORD2025000533,2025-12-15 01:27:01,U00935,男,浙江省,杭州市,P4003,优衣库羽绒服,服饰鞋包,799,1,799,微信支付,已完成,无退款
ORD2025003811,2025-10-21 05:53:10,U01165,男,湖北省,宜昌市,P3002,联想小新笔记本,电脑办公,4999,2,9998,银行卡,已完成,无退款
ORD2025003331,2025-12-02 23:02:45,U01491,女,江苏省,常州市,P2003,小米手环 9,数码配件,299,1,299,微信支付,已取消,无退款
ORD2025001557,2025-04-20 02:55:08,U00084,男,湖北省,襄阳市,P2005,机械键盘,电脑配件,399,2,798,花呗,已完成,无退款
ORD2025001051,2025-09-02 01:53:36,U00147,男,广东省,佛山市,P1004,小米 15,手机,3999,1,3999,花呗,已发货,无退款
ORD2025004946,2025-07-02 21:19:32,U00313,男,陕西省,宝鸡市,P4001,耐克运动鞋,服饰鞋包,599,1,599,银行卡,已完成,无退款
ORD2025001100,2025-07-29 21:11:09,U00247,女,山东省,济南市,P5003,三只松鼠坚果,食品饮料,59,4,236,花呗,已完成,无退款
ORD2025003900,2025-08-19 04:41:59,U01538,女,四川省,德阳市,P2005,机械键盘,电脑配件,399,1,399,银行卡,已发货,无退款
ORD2025001130,2025-02-23 10:52:30,U00568,男,河南省,洛阳市,P1005,荣耀 Magic7,手机,4499,2,8998,支付宝,已完成,无退款
ORD2025002188,2025-09-15 07:50:21,U00248,男,浙江省,温州市,P5003,三只松鼠坚果,食品饮料,59,3,177,花呗,已完成,无退款
ORD2025001392,2025-03-21 05:41:55,U00610,女,陕西省,咸阳市,P5002,蒙牛纯牛奶,食品饮料,69,1,69,微信支付,已完成,无退款
ORD2025004825,2025-12-25 17:42:27,U01088,男,山东省,烟台市,P3001,戴尔 27英寸显示器,电脑办公,1499,1,1499,银行卡,已完成,无退款
ORD2025000525,2025-01-17 11:53:18,U00364,女,北京市,北京市,P3004,打印机,电脑办公,899,1,899,微信支付,已完成,无退款
ORD2025000137,2025-09-21 08:18:00,U00543,男,湖北省,宜昌市,P4001,耐克运动鞋,服饰鞋包,599,2,1198,银行卡,已完成,无退款
ORD2025002529,2025-02-15 19:38:42,U00541,男,陕西省,咸阳市,P2001,AirPods Pro 2,数码配件,1899,1,1899,微信支付,已完成,无退款
ORD2025003390,2025-07-02 16:26:19,U01253,男,北京市,北京市,P5001,雀巢咖啡,食品饮料,89,3,267,银行卡,已完成,无退款
ORD2025003836,2025-08-23 04:20:12,U00922,女,上海市,上海市,P1002,iPhone 15 Pro,手机,6999,1,6999,银行卡,已取消,无退款
ORD2025003060,2025-10-22 02:55:39,U00252,女,四川省,绵阳市,P1005,荣耀 Magic7,手机,4499,1,4499,花呗,退款中,退款中
ORD2025001266,2025-03-21 02:38:58,U01160,女,河南省,南阳市,P5001,雀巢咖啡,食品饮料,89,1,89,花呗,待付款,无退款
ORD2025004202,2025-10-23 18:18:27,U01124,男,广东省,广州市,P4002,阿迪达斯卫衣,服饰鞋包,399,1,399,银行卡,已取消,无退款
ORD2025001790,2025-04-30 08:29:26,U01799,男,江苏省,常州市,P4002,阿迪达斯卫衣,服饰鞋包,399,4,1596,花呗,已完成,无退款
ORD2025000930,2025-01-05 00:23:18,U00731,女,陕西省,西安市,P2002,华为 FreeBuds,数码配件,999,1,999,微信支付,已完成,无退款
ORD2025000484,2025-03-28 23:28:31,U01745,男,浙江省,金华市,P4002,阿迪达斯卫衣,服饰鞋包,399,1,399,银行卡,已完成,无退款
ORD2025004242,2025-10-04 11:37:53,U01254,女,江苏省,南京市,P2004,罗技 MX Master 3S,电脑配件,699,1,699,微信支付,已完成,无退款
ORD2025004771,2025-08-21 05:36:40,U00308,女,浙江省,宁波市,P2003,小米手环 9,数码配件,299,1,299,微信支付,已完成,已退款
ORD2025000187,2025-04-05 09:25:03,U00867,男,陕西省,宝鸡市,P2003,小米手环 9,数码配件,299,5,1495,支付宝,已完成,无退款
ORD2025004060,2025-07-06 09:34:59,U01077,女,四川省,成都市,P5002,蒙牛纯牛奶,食品饮料,69,1,69,银行卡,已完成,无退款
ORD2025004286,2025-04-22 05:08:03,U00021,男,上海市,上海市,P5002,蒙牛纯牛奶,食品饮料,69,1,69,微信支付,待付款,无退款
ORD2025003340,2025-01-14 03:39:46,U01058,女,北京市,北京市,P4001,耐克运动鞋,服饰鞋包,599,1,599,银行卡,已完成,无退款
ORD2025002968,2025-03-21 21:32:11,U00206,男,浙江省,温州市,P2004,罗技 MX Master 3S,电脑配件,699,1,699,银行卡,已完成,无退款
ORD2025002811,2025-10-17 10:23:44,U00635,女,广东省,东莞市,P2001,AirPods Pro 2,数码配件,1899,1,1899,银行卡,已发货,无退款
ORD2025002723,2025-08-11 08:10:32,U00941,男,浙江省,宁波市,P1003,华为 Mate 70,手机,5499,1,5499,微信支付,已完成,无退款
ORD2025003776,2025-04-27 14:20:15,U00005,男,河南省,南阳市,P3003,机械革命游戏本,电脑办公,6299,1,6299,银行卡支付,已完成,无退款
ORD2025002157,2025-05-18 11:49:49,U01758,男,陕西省,西安市,P1005,荣耀 Magic7,手机,4499,1,4499,微信支付,已完成,无退款
ORD2025001104,2025-11-27 00:19:44,U00639,女,广东省,佛山市,P4001,耐克运动鞋,服饰鞋包,599,3,1797,支付宝,已完成,无退款
ORD2025003629,2025-07-20 20:00:51,U01592,男,浙江省,杭州市,P4001,耐克运动鞋,服饰鞋包,599,1,599,微信支付,已完成,无退款
ORD2025003767,2025-12-26 16:51:16,U01712,女,河南省,郑州市,P1001,iPhone 15,手机,4999,4,19996,花呗,已发货,无退款
ORD2025001455,2025-09-27 14:59:27,U00305,女,广东省,东莞市,P3003,机械革命游戏本,电脑办公,6299,2,12598,支付宝,已完成,无退款
ORD2025004415,2025-11-30 16:40:20,U01594,女,四川省,成都市,P2004,罗技 MX Master 3S,电脑配件,699,1,699,花呗,已完成,无退款
ORD2025003942,2025/10/28 09:12:53,U00889,男,广东省,东莞市,P2003,小米手环 9,数码配件,299,2,598,银行卡,已完成,无退款
ORD2025004056,2025-09-15 00:54:58,U00437,男,浙江省,杭州市,P2005,机械键盘,电脑配件,399,1,399,支付宝,已完成,无退款
ORD2025000336,2025-10-18 22:53:42,U01100,男,江苏省,苏州市,P2001,AirPods Pro 2,数码配件,1899,2,3798,支付宝,已完成,无退款
ORD2025002739,2025-08-03 15:57:06,U01604,女,山东省,烟台市,P1003,华为 Mate 70,手机,5499,3,16497,银行卡,已完成,无退款
ORD2025000392,2025-01-28 03:43:51,U01545,女,山东省,青岛市,P1002,iPhone 15 Pro,手机,6999,1,6999,花呗,已完成,无退款
ORD2025000902,2025-07-07 02:21:31,U00381,男,山东省,烟台市,P5003,三只松鼠坚果,食品饮料,59,3,177,微信支付,已完成,无退款
ORD2025003412,2025-11-25 13:02:09,U01494,男,广东省,深圳市,P1003,华为 Mate 70,手机,5499,1,5499,微信支付,退款中,退款中
ORD2025000237,2025-03-01 01:05:10,U00418,女,上海市,上海市,P4003,优衣库羽绒服,服饰鞋包,799,1,799,微信支付,已完成,已退款
ORD2025001349,2025-05-28 06:05:38,U01644,男,上海市,上海市,P4003,优衣库羽绒服,服饰鞋包,799,1,799,微信支付,已完成,无退款
ORD2025001814,2025-09-28 11:45:46,U01096,女,上海市,上海市,P2001,AirPods Pro 2,数码配件,1899,1,1899,支付宝,已发货,无退款
ORD2025000947,2025-03-18 22:18:20,U00178,男,河南省,郑州市,P1005,荣耀 Magic7,手机,4499,1,4499,花呗,待付款,无退款
ORD2025004980,2025-06-01 18:45:26,U01028,男,四川省,德阳市,P1003,华为 Mate 70,手机,5499,1,5499,微信支付,退款中,退款中
ORD2025003329,2025-05-19 18:47:07,U01128,男,河南省,洛阳市,P5003,三只松鼠坚果,食品饮料,59,1,59,银行卡,已取消,无退款
ORD2025003395,2025-09-23 17:25:17,U01037,男,上海市,上海市,P1005,荣耀 Magic7,手机,4499,1,4499,银行卡,已发货,无退款
ORD2025000614,2025-11-24 22:59:10,U00464,女,湖北省,武汉市,P2004,罗技 MX Master 3S,电脑配件,699,1,699,银行卡,已发货,无退款
ORD2025000404,2025-04-18 01:11:05,U01588,男,北京市,北京市,P3002,联想小新笔记本,电脑办公,4999,1,4999,微信支付,已完成,无退款
ORD2025004974,2025-02-06 05:57:34,U00565,女,四川省,绵阳市,P2002,华为 FreeBuds,数码配件,999,2,1998,支付宝,已完成,无退款
ORD2025004219,2025-09-27 00:04:16,U01179,男,江苏省,苏州市,P3001,戴尔 27英寸显示器,电脑办公,1499,3,4497,花呗,已发货,无退款
ORD2025004207,2025-12-13 12:59:39,U01535,男,广东省,佛山市,P4002,阿迪达斯卫衣,服饰鞋包,399,2,798,银行卡,已完成,无退款
ORD2025002027,2025-05-22 00:04:44,U01232,男,陕西省,咸阳市,P1001,iPhone 15,手机,4999,3,14997,花呗,已完成,无退款
ORD2025001230,2025-05-04 07:53:21,U00662,女,江苏省,常州市,P1003,华为 Mate 70,手机,5499,2,10998,支付宝,已完成,无退款
ORD2025002535,2025-06-19 18:45:31,U01686,女,山东省,济南市,P3004,打印机,电脑办公,899,1,899,支付宝,已完成,无退款
ORD2025000779,2025-08-03 13:27:01,U00943,女,上海市,上海市,P1004,小米 15,手机,3999,2,7998,花呗,已完成,无退款
ORD2025002383,2025-07-31 05:05:24,U01636,女,陕西省,西安市,P5003,三只松鼠坚果,食品饮料,59,2,118,支付宝,已完成,无退款
ORD2025002057,2025-01-31 08:43:50,U00829,女,湖北省,襄阳市,P5002,蒙牛纯牛奶,食品饮料,69,2,138,微信支付,已完成,无退款
ORD2025000878,2025-09-14 19:39:09,U01180,女,四川省,德阳市,P3003,机械革命游戏本,电脑办公,6299,3,18897,花呗,已发货,无退款
ORD2025003830,2025-08-27 12:37:19,U00426,女,四川省,绵阳市,P5003,三只松鼠坚果,食品饮料,59,1,59,花呗,待付款,无退款
ORD2025002998,2025-12-30 04:22:47,U00461,男,山东省,济南市,P1001,iPhone 15,手机,4999,1,4999,微信支付,已取消,无退款
ORD2025000233,2025-07-18 02:03:11,U00978,女,广东省,佛山市,P2003,小米手环 9,数码配件,299,1,299,花呗,已发货,无退款
ORD2025001630,2025-04-22 10:23:05,U00845,男,江苏省,无锡市,P2001,AirPods Pro 2,数码配件,1899,2,3798,微信支付,已完成,无退款
ORD2025004934,2025-09-19 13:00:10,U00733,男,四川省,德阳市,P4003,优衣库羽绒服,服饰鞋包,799,1,799,银行卡,已完成,无退款
ORD2025000401,2025-04-07 09:50:06,U00175,男,广东省,深圳市,P5002,蒙牛纯牛奶,食品饮料,69,1,69,花呗,已完成,无退款
ORD2025001452,2025-07-24 01:13:35,U00876,男,上海市,上海市,P1005,荣耀 Magic7,手机,4499,1,4499,支付宝,已发货,无退款
ORD2025000472,2025-08-15 02:11:03,U00029,男,北京市,北京市,P2005,机械键盘,电脑配件,399,1,399,支付宝,已完成,无退款
ORD2025002412,2025-04-24 03:00:52,U00925,女,江苏省,南京市,P5002,蒙牛纯牛奶,食品饮料,69,1,69,银行卡,已完成,无退款
ORD2025002425,2025-10-28 21:10:04,U00322,男,江苏省,无锡市,P3004,打印机,电脑办公,899,2,1798,银行卡,已发货,无退款
ORD2025003103,2025-04-27 07:04:32,U00087,女,上海市,上海市,P3003,机械革命游戏本,电脑办公,6299,1,6299,银行卡,已完成,无退款
ORD2025000082,2025-08-07 02:41:41,U00835,女,四川省,绵阳市,P3003,机械革命游戏本,电脑办公,6299,2,12598,支付宝,已完成,无退款
ORD2025002618,2025-06-12 00:48:04,U01541,男,浙江省,金华市,P1005,荣耀 Magic7,手机,4499,1,4499,花呗,已完成,无退款
ORD2025004450,2025-06-30 05:46:04,U00215,女,四川省,绵阳市,P2001,AirPods Pro 2,数码配件,1899,1,1899,微信支付,已完成,无退款
ORD2025004080,2025-11-20 21:32:01,U01466,男,河南省,郑州市,P1004,小米 15,手机,3999,3,11997,花呗,已完成,无退款
ORD2025000031,2025-05-30 08:29:13,U00463,男,上海市,上海市,P2003,小米手环 9,数码配件,299,1,299,银行卡,已完成,无退款
ORD2025000177,2025-08-12 20:45:09,U00405,男,北京市,北京市,P1004,小米 15,手机,3999,2,7998,花呗,已完成,无退款
ORD2025003928,2025-02-23 17:57:36,U01322,女,陕西省,西安市,P3004,打印机,电脑办公,899,1,899,花呗,已完成,无退款
ORD2025002684,2025-01-16 12:22:18,U00852,女,陕西省,咸阳市,P1004,小米 15,手机,3999,1,3999,支付宝,已完成,无退款
ORD2025003731,2025-12-23 07:07:28,U01364,男,陕西省,宝鸡市,P2002,华为 FreeBuds,数码配件,999,2,1998,银行卡,已完成,无退款
ORD2025002103,2025-12-02 07:12:37,U00987,女,河南省,洛阳市,P4003,优衣库羽绒服,服饰鞋包,799,4,3196,支付宝,已完成,无退款
ORD2025003865,2025-03-17 17:12:47,U01592,女,陕西省,西安市,P1003,华为 Mate 70,手机,5499,1,5499,银行卡,已完成,无退款
ORD2025000063,2025-08-09 16:28:06,U01289,男,江苏省,无锡市,P1003,华为 Mate 70,手机,5499,1,5499,花呗,已完成,无退款
ORD2025002396,2025-11-19 07:19:19,U01172,女,江苏省,无锡市,P4003,优衣库羽绒服,服饰鞋包,799,1,799,支付宝,已完成,无退款
ORD2025001372,2025-03-11 17:15:04,U00566,女,江苏省,无锡市,P1002,iPhone 15 Pro,手机,6999,1,6999,微信支付,已完成,无退款
ORD2025000133,2025-09-11 08:17:19,U00737,男,上海市,上海市,P5002,蒙牛纯牛奶,食品饮料,69,1,69,支付宝,已发货,无退款
ORD2025001590,2025-12-08 00:57:48,U01464,女,浙江省,宁波市,P1002,iPhone 15 Pro,手机,6999,1,6999,花呗,已完成,无退款
ORD2025004370,2025-11-01 03:47:50,U01169,女,山东省,烟台市,P2001,AirPods Pro 2,数码配件,1899,1,1899,微信支付,已完成,无退款
ORD2025003039,2025-04-11 16:21:06,U01618,女,广东省,佛山市,P4003,优衣库羽绒服,服饰鞋包,799,1,799,微信支付,已完成,无退款
ORD2025000007,2025-03-08 14:57:25,U00265,女,湖北省,武汉市,P2003,小米手环 9,数码配件,299,1,299,支付宝,已取消,无退款
ORD2025002426,2025-08-14 00:36:08,U00668,男,广东省,深圳市,P5001,雀巢咖啡,食品饮料,89,1,89,支付宝,已完成,已退款
ORD2025004894,2025-01-26 10:53:22,U01687,女,广东省,深圳市,P1001,iPhone 15,手机,4999,1,4999,银行卡,已完成,无退款
ORD2025004253,2025-10-12 08:57:01,U01442,男,浙江省,温州市,P2001,AirPods Pro 2,数码配件,1899,1,1899,微信支付,已完成,无退款
ORD2025002239,2025-10-01 00:12:06,U01200,男,浙江省,杭州市,P2002,华为 FreeBuds,数码配件,999,1,999,微信支付,已完成,无退款
ORD2025004716,2025-01-02 22:00:37,U00042,女,北京市,北京市,P3003,机械革命游戏本,电脑办公,6299,2,12598,微信支付,已完成,无退款
ORD2025002654,2025-10-03 22:45:47,U00048,女,浙江省,杭州市,P1003,华为 Mate 70,手机,5499,2,10998,微信支付,已发货,无退款
ORD2025004791,2025-03-14 03:33:05,U00151,男,湖北省,襄阳市,P5002,蒙牛纯牛奶,食品饮料,69,1,69,花呗,已完成,无退款
ORD2025004304,2025-04-27 17:42:13,U00375,男,上海市,上海市,P1004,小米 15,手机,3999,2,7998,微信支付,已完成,无退款
ORD2025001954,2025-11-09 13:16:48,U01261,女,广东省,佛山市,P1005,荣耀 Magic7,手机,4499,5,22495,银行卡,已完成,无退款
ORD2025004041,2025-08-04 12:07:03,U00297,女,北京市,北京市,P2003,小米手环 9,数码配件,299,1,299,支付宝,已发货,无退款
ORD2025003168,2025-02-24 11:25:05,U00020,男,四川省,成都市,P4001,耐克运动鞋,服饰鞋包,599,1,599,微信支付,已发货,无退款
ORD2025003607,2025-10-08 02:51:12,U00155,男,陕西省,咸阳市,P2005,机械键盘,电脑配件,399,1,399,支付宝,已发货,无退款
ORD2025004720,2025-05-30 17:56:22,U00344,女,湖北省,宜昌市,P3001,戴尔 27英寸显示器,电脑办公,1499,1,1499,支付宝,已完成,无退款
ORD2025002524,2025-05-12 12:58:51,U00025,女,北京市,北京市,P2005,机械键盘,电脑配件,399,1,399,微信支付,已完成,无退款
ORD2025000121,2025-09-27 13:07:49,U00170,男,四川省,成都市,P3004,打印机,电脑办公,899,1,899,支付宝,已完成,无退款
ORD2025002670,2025-01-29 05:20:02,U00053,男,北京市,北京市,P2005,机械键盘,电脑配件,399,1,399,支付宝,已取消,无退款
ORD2025000996,2025-07-29 09:39:58,U00637,女,陕西省,宝鸡市,P3004,打印机,电脑办公,899,3,2697,花呗,待付款,无退款
ORD2025001795,2025-07-12 08:51:18,U00502,男,江苏省,南京市,P4003,优衣库羽绒服,服饰鞋包,799,1,799,支付宝,已完成,无退款
ORD2025003979,2025-11-28 05:13:15, ,男,北京市,北京市,P1005,荣耀 Magic7,数码产品,4499,1,4499,银行卡,已发货,无退款
ORD2025000660,2025-06-28 05:41:28,U01486,女,陕西省,西安市,P3003,机械革命游戏本,电脑办公,6299,1,6299,微信支付,已完成,无退款
ORD2025001823,2025-11-01 06:40:09,U00320,男,陕西省,西安市,P5003,三只松鼠坚果,食品饮料,59,1,59,支付宝,已发货,无退款
ORD2025004356,2025-08-18 23:31:31,U01400,男,山东省,济南市,P2003,小米手环 9,数码配件,299,1,299,支付宝,已完成,无退款
ORD2025000716,2025-05-15 09:17:48,U00750,男,江苏省,常州市,P2001,AirPods Pro 2,数码配件,1899,1,1899,微信支付,已完成,无退款
ORD2025003458,2025-03-06 01:16:05,U00408,女,河南省,南阳市,P3001,戴尔 27英寸显示器,电脑办公,1499,1,1499,微信支付,已完成,无退款
ORD2025003240,2025-07-27 23:56:06,U01103,男,湖北省,襄阳市,P4001,耐克运动鞋,服饰鞋包,599,1,599,支付宝,已完成,无退款
ORD2025002544,2025-05-30 15:40:50,U01694,男,河南省,南阳市,P5003,三只松鼠坚果,食品饮料,59,4,236,支付宝,已完成,无退款
ORD2025003067,2025-09-22 15:31:56,U00737,男,上海市,上海市,P3001,戴尔 27英寸显示器,电脑办公,1499,1,1499,支付宝,已完成,
ORD2025003128,2025-01-13 17:58:13,U01295,女,江苏省,无锡市,P2003,小米手环 9,数码配件,299,3,897,微信支付,已完成,无退款
ORD2025003771,2025-02-18 11:41:51,U01224,女,江苏省,苏州市,P2003,小米手环 9,数码配件,299,2,598,花呗,已完成,无退款
ORD2025004215,2025-03-25 08:49:13,U00866,女,四川省,德阳市,P1004,小米 15,手机,3999,1,3999,银行卡,,无退款
ORD2025000625,2025-02-16 07:44:58,U00642,女,湖北省,襄阳市,P5001,雀巢咖啡,食品饮料,89,1,89,花呗,已完成,无退款
ORD2025002130,2025-01-10 19:50:01,U00095,男,上海市,上海市,P5001,雀巢咖啡,食品饮料,89,1,89,花呗,退款中,退款中
ORD2025003816,2025-03-04 21:34:36,U00676,男,陕西省,咸阳市,P2002,华为 FreeBuds,数码配件,999,1,999,银行卡,已完成,无退款
ORD2025004385,2025-08-09 06:59:49,U00185,女,四川省,成都市,P1004,小米 15,手机,3999,1,3999,花呗,已完成,无退款
ORD2025000773,2025-12-14 12:29:52,U01325,女,江苏省,无锡市,P2004,罗技 MX Master 3S,电脑配件,699,1,699,微信支付,已完成,无退款
ORD2025000099,2025-12-27 00:03:06,U00134,男,浙江省,温州市,P1002,iPhone 15 Pro,手机,6999,1,6999,微信支付,已完成,无退款
ORD2025004433,2025-12-26 08:31:52,U00713,男,北京市,北京市,P2004,罗技 MX Master 3S,电脑配件,699,2,1398,支付宝,已取消,无退款
ORD2025002803,2025-06-14 10:38:10,U00587,女,上海市,上海市,P5002,蒙牛纯牛奶,食品饮料,69,1,69,支付宝,待付款,无退款
ORD2025002456,2025-01-11 20:53:55,U01075,男,湖北省,宜昌市,P1003,华为 Mate 70,手机,5499,1,5499,微信支付,已完成,无退款
ORD2025002490,2025-03-09 06:58:55,U00729,女,山东省,烟台市,P2001,AirPods Pro 2,数码配件,1899,1,1899,银行卡,已完成,无退款
ORD2025003422,2025-10-08 08:13:11,U01495,男,山东省,济南市,P5003,三只松鼠坚果,食品饮料,59,4,236,微信支付,退款中,退款中
ORD2025002628,2025-12-17 21:56:48,U00613,女,山东省,青岛市,P1005,荣耀 Magic7,手机,4499,1,4499,支付宝,已完成,无退款
ORD2025002488,2025-10-14 01:01:47,U00738,女,江苏省,无锡市,P3001,戴尔 27英寸显示器,电脑办公,1499,2,2998,银行卡,已发货,无退款
ORD2025000062,2025-03-17 02:02:07,U01384,男,四川省,绵阳市,P2001,AirPods Pro 2,数码配件,1899,1,1899,花呗,已完成,无退款
ORD2025001166,2025-12-10 02:17:55,U00090,女,四川省,绵阳市,P1002,iPhone 15 Pro,手机,6999,1,6999,花呗,已完成,无退款
ORD2025002118,2025-12-18 16:16:50,U01713,女,浙江省,宁波市,P2003,小米手环 9,数码配件,299,1,299,银行卡,已完成,无退款
ORD2025003050,2025-04-15 05:54:46,U01581,女,上海市,上海市,P2005,机械键盘,电脑配件,399,1,399,支付宝,已完成,无退款
ORD2025001102,2025-10-22 01:13:59,U00011,女,广东省,佛山市,P4002,阿迪达斯卫衣,服饰鞋包,399,1,399,花呗,已完成,无退款
ORD2025000814,2025-10-25 02:31:37,U00101,男,广东省,东莞市,P1005,荣耀 Magic7,手机,4499,3,13497,支付宝,已发货,无退款
ORD2025000787,2025-11-07 05:38:11,U00524,男,山东省,济南市,P3002,联想小新笔记本,电脑办公,4999,1,4999,支付宝,已完成,无退款
ORD2025003196,2025-07-30 21:18:27,U01182,女,四川省,成都市,P2001,AirPods Pro 2,数码配件,1899,2,3798,花呗,已完成,无退款
ORD2025001340,2025-10-23 13:37:16,U01248,男,四川省,德阳市,P5001,雀巢咖啡,食品饮料,89,1,89,银行卡,已完成,无退款
ORD2025001281,2025-11-27 17:07:17,U00621,男,山东省,青岛市,P3002,联想小新笔记本,电脑办公,4999,2,9998,微信支付,已完成,无退款
ORD2025004632,2025-05-27 04:31:05,U01067,男,陕西省,咸阳市,P3001,戴尔 27英寸显示器,电脑办公,1499,2,2998,花呗,已完成,无退款
ORD2025002763,2025-09-03 18:29:13,U01285,女,山东省,济南市,P2005,机械键盘,电脑配件,399,1,399,银行卡,已完成,无退款
ORD2025002916,2025-10-31 11:05:05,U00137,女,山东省,济南市,P3003,机械革命游戏本,电脑办公,6299,2,12598,花呗,已完成,无退款
ORD2025003684,2025-12-21 18:59:41,U01669,女,北京市,北京市,P5001,雀巢咖啡,食品饮料,89,2,178,微信支付,已完成,无退款
ORD2025001436,2025-01-06 10:18:51,U00009,女,四川省,德阳市,P1005,荣耀 Magic7,手机,4499,2,8998,微信支付,已完成,无退款
ORD2025001268,2025-05-09 14:04:22,U01466,女,广东省,广州市,P1002,iPhone 15 Pro,手机,6999,2,13998,银行卡,已发货,无退款
ORD2025002521,2025-07-21 22:50:18,U00398,男,河南省,郑州市,P5003,三只松鼠坚果,食品饮料,59,2,118,支付宝,已完成,无退款
ORD2025000598,2025-09-18 16:56:13,U01284,女,广东省,广州市,P2001,AirPods Pro 2,数码配件,1899,1,1899,银行卡,已完成,无退款
ORD2025000489,2025-02-10 04:06:00,U01534,男,上海市,上海市,P1004,小米 15,手机,3999,1,3999,银行卡,退款中,退款中
ORD2025000673,2025-03-22 14:42:00,U00262,女,湖北省,武汉市,P2002,华为 FreeBuds,数码配件,999,1,999,支付宝,退款中,退款中
ORD2025004966,2025-01-30 08:28:11,U00349,女,四川省,绵阳市,P4003,优衣库羽绒服,服饰鞋包,799,1,799,微信支付,已完成,无退款
ORD2025002033,2025-03-05 00:30:28,U01185,男,广东省,深圳市,P2001,AirPods Pro 2,数码配件,1899,1,1899,银行卡,已完成,无退款
ORD2025003765,2025-06-18 14:19:39,U01122,女,上海市,上海市,P2005,机械键盘,电脑配件,399,4,1596,银行卡,已完成,无退款
ORD2025000901,2025-11-18 03:38:57,U00805,女,四川省,绵阳市,P5001,雀巢咖啡,食品饮料,89,1,89,花呗,待付款,无退款
ORD2025002914,2025-09-26 11:30:47,U00487,女,上海市,上海市,P2002,华为 FreeBuds,数码配件,999,1,999,支付宝,退款中,退款中
ORD2025002003,2025-04-20 05:45:38,U00304,男,湖北省,襄阳市,P3002,联想小新笔记本,电脑办公,4999,1,4999,微信支付,已发货,无退款
ORD2025001513,2025-06-25 15:11:46,U00239,男,上海市,上海市,P2004,罗技 MX Master 3S,电脑配件,699,2,1398,支付宝,已完成,无退款
ORD2025004348,2025-05-20 16:38:30,U01244,女,河南省,南阳市,P2001,AirPods Pro 2,数码配件,1899,1,1899,支付宝,已发货,无退款
ORD2025002920,2025-08-09 09:11:21,U01121,男,江苏省,无锡市,P3003,机械革命游戏本,电脑办公,6299,1,6299,银行卡,已完成,无退款
ORD2025003809,2025-08-16 16:26:26,U00810,女,四川省,绵阳市,P3004,打印机,电脑办公,899,1,899,银行卡,待付款,无退款
ORD2025002922,2025-06-26 23:54:24,U01679,男,江苏省,苏州市,P4001,耐克运动鞋,服饰鞋包,599,4,2396,支付宝,待付款,无退款
ORD2025002971,2025-08-02 08:33:38,U00909,男,江苏省,苏州市,P3001,戴尔 27英寸显示器,电脑办公,1499,2,2998,银行卡,已发货,无退款
ORD2025003365,2025-06-26 21:42:22,U01153,女,浙江省,杭州市,P1001,iPhone 15,手机,4999,1,4999,微信支付,已完成,无退款
ORD2025002901,2025-05-14 03:41:33,U00653,女,四川省,绵阳市,P1003,华为 Mate 70,手机,5499,5,27495,支付宝,已完成,无退款
ORD2025002856,2025-12-30 03:30:12,U01281,男,陕西省,西安市,P1005,荣耀 Magic7,手机,4499,2,8998,花呗,已发货,无退款
ORD2025003786,2025-09-17 20:05:37,U01594,男,广东省,广州市,P1003,华为 Mate 70,手机,5499,1,5499,银行卡,已完成,无退款
ORD2025004136,2025-05-11 00:22:49,U00640,男,广东省,深圳市,P2001,AirPods Pro 2,数码配件,1899,1,1899,银行卡,已完成,无退款
ORD2025004704,2025-10-30 07:31:47,U01469,男,上海市,上海市,P4001,耐克运动鞋,服饰鞋包,599,3,1797,微信支付,已完成,无退款
ORD2025002886,2025-12-31 13:12:28,U01043,男,河南省,洛阳市,P2003,小米手环 9,数码配件,299,1,299,支付宝,已取消,已退款
ORD2025002650,2025-12-06 02:55:14,U00342,女,陕西省,咸阳市,P1002,iPhone 15 Pro,手机,6999,2,13998,支付宝,已发货,无退款
ORD2025000921,2025-10-31 23:38:19,U01397,男,广东省,佛山市,P1004,小米 15,手机,3999,1,3999,微信支付,已取消,无退款
ORD2025001179,2025-05-05 09:08:49,U00652,女,江苏省,常州市,P5002,蒙牛纯牛奶,食品饮料,69,2,138,银行卡,已完成,无退款
ORD2025004822,2025-04-12 11:04:47,U01780,女,江苏省,苏州市,P1005,荣耀 Magic7,手机,4499,2,8998,微信支付,已完成,无退款
ORD2025004598,2025-10-21 02:12:08,U01347,男,广东省,深圳市,P1003,华为 Mate 70,手机,5499,1,5499,银行卡,已完成,无退款
ORD2025003856,2025-12-10 19:20:49,U00034,男,河南省,郑州市,P1005,荣耀 Magic7,手机,4499,3,13497,花呗,待付款,无退款
ORD2025000636,2025-08-27 02:52:47,U01450,女,北京市,北京市,P5003,三只松鼠坚果,食品饮料,59,1,59,花呗,已完成,无退款
ORD2025004994,2025-08-23 07:34:38,U01443,女,江苏省,苏州市,P1001,iPhone 15,手机,4999,1,4999,花呗,已发货,无退款
ORD2025000485,2025-11-16 12:00:44,U01408,女,山东省,烟台市,P1001,iPhone 15,手机,4999,1,4999,支付宝,已完成,无退款
ORD2025004478,2025-03-19 07:58:55,U01393,男,湖北省,宜昌市,P2004,罗技 MX Master 3S,电脑配件,699,4,2796,花呗,已取消,无退款
ORD2025001596,2025-03-28 18:53:31,U00313,男,广东省,广州市,P1005,荣耀 Magic7,手机,4499,1,4499,花呗,已完成,无退款
ORD2025001761,2025-11-09 17:23:04,U01716,女,浙江省,温州市,P4003,优衣库羽绒服,服饰鞋包,799,1,799,支付宝,已完成,已退款
ORD2025000235,2025-06-23 05:59:03,U00141,女,浙江省,金华市,P3003,机械革命游戏本,电脑办公,6299,1,6299,微信支付,已完成,无退款
ORD2025002841,2025-12-12 16:03:34,U00831,女,北京市,北京市,P5001,雀巢咖啡,食品饮料,89,1,89,银行卡,已完成,无退款
ORD2025004561,2025-12-24 03:01:03,U00625,女,山东省,青岛市,P3003,机械革命游戏本,电脑办公,6299,2,12598,微信支付,已完成,无退款
ORD2025001806,2025-05-01 12:26:12,U01115,女,北京市,北京市,P1005,荣耀 Magic7,手机,4499,1,4499,支付宝,退款中,退款中
ORD2025001931,2025-09-30 20:16:57,U01296,男,河南省,南阳市,P1004,小米 15,手机,3999,4,15996,微信支付,已发货,无退款
ORD2025002314,2025-11-07 07:26:20,U00091,男,上海市,上海市,P3001,戴尔 27英寸显示器,电脑办公,1499,1,1499,微信支付,已完成,无退款
ORD2025000496,2025-09-30 19:21:02,U00545,男,湖北省,襄阳市,P3004,打印机,电脑办公,899,1,899,花呗,已取消,无退款
ORD2025003343,2025-10-19 23:57:08,U00581,女,湖北省,武汉市,P1001,iPhone 15,手机,4999,1,4999,微信支付,已完成,无退款
ORD2025001715,2025-02-15 07:54:48,U00865,女,广东省,深圳市,P2001,AirPods Pro 2,数码配件,1899,1,1899,微信支付,已完成,无退款
ORD2025002865,2025-02-09 15:38:49,U01177,男,浙江省,宁波市,P2002,华为 FreeBuds,数码配件,999,2,1998,花呗,已完成,无退款
ORD2025001422,2025-05-30 01:03:40,U00183,女,陕西省,宝鸡市,P1002,iPhone 15 Pro,手机,6999,1,6999,微信支付,已完成,已退款
ORD2025001391,2025-11-20 00:14:13,U00391,男,北京市,北京市,P2004,罗技 MX Master 3S,电脑配件,699,1,699,花呗,已完成,无退款
ORD2025004986,2025-08-03 14:18:41,U01594,男,北京市,北京市,P2003,小米手环 9,数码配件,299,3,897,银行卡,已完成,已退款
ORD2025001280,2025-06-23 21:05:07,U01047,男,浙江省,金华市,P4001,耐克运动鞋,服饰鞋包,599,1,599,微信支付,已取消,无退款
ORD2025000038,2025-09-05 10:10:51,U01772,男,陕西省,西安市,P1002,iPhone 15 Pro,手机,6999,1,6999,支付宝,已完成,无退款
ORD2025001773,2025-09-14 11:01:02,U00269,女,山东省,济南市,P2001,AirPods Pro 2,数码配件,1899,3,5697,支付宝,已取消,无退款
ORD2025000603,2025-08-14 17:59:32,U00155,女,北京市,北京市,P3001,戴尔 27英寸显示器,电脑办公,1499,1,1499,微信支付,已完成,无退款
ORD2025000605,2025-08-06 01:34:47,U00953,女,北京市,北京市,P5002,蒙牛纯牛奶,食品饮料,69,3,207,支付宝,退款中,退款中
ORD2025001248,2025-09-01 14:22:44,U01706,女,湖北省,宜昌市,P1001,iPhone 15,手机,4999,2,9998,支付宝,已完成,无退款
ORD2025001605,2025-11-28 06:49:52,U01321,男,北京市,北京市,P1005,荣耀 Magic7,手机,4499,4,17996,微信支付,已完成,无退款
ORD2025003457,2025-11-26 22:11:29,U00646,男,山东省,青岛市,P5003,三只松鼠坚果,食品饮料,59,1,59,花呗,已完成,无退款
ORD2025001042,2025-06-06 20:07:05,U00773,男,湖北省,宜昌市,P1001,iPhone 15,手机,4999,1,4999,花呗,已发货,无退款
ORD2025000688,2025-10-28 17:21:43,U01019,女,上海市,上海市,P1001,iPhone 15,手机,4999,4,19996,微信支付,已完成,无退款
ORD2025003539,2025-04-18 20:28:29,U01688,女,陕西省,西安市,P1002,iPhone 15 Pro,手机,6999,2,13998,银行卡,已完成,无退款
ORD2025003292,2025-09-05 12:45:44,U00749,男,广东省,佛山市,P5003,三只松鼠坚果,食品饮料,59,1,59,银行卡,已完成,无退款
ORD2025004250,2025-11-17 18:09:14,U01359,女,浙江省,宁波市,P2002,华为 FreeBuds,数码配件,999,1,999,花呗,已发货,无退款
ORD2025002004,2025-07-26 05:43:40,U01575,女,江苏省,常州市,P2001,AirPods Pro 2,数码配件,1899,1,1899,花呗,已完成,无退款
ORD2025000979,2025-12-29 16:57:15,U00857,男,江苏省,常州市,P3002,联想小新笔记本,电脑办公,4999,1,4999,微信支付,已完成,无退款
ORD2025002906,2025-08-18 04:03:08,U00887,男,上海市,上海市,P2001,AirPods Pro 2,数码配件,1899,1,1899,支付宝,已完成,无退款
ORD2025003842,2025-11-21 11:04:40,U00233,女,江苏省,无锡市,P4001,耐克运动鞋,服饰鞋包,599,1,599,银行卡,已完成,无退款
ORD2025000091,2025-09-06 09:16:15,U01408,女,河南省,郑州市,P1005,荣耀 Magic7,手机,4499,1,4499,花呗,已取消,无退款
ORD2025001878,2025-03-20 14:33:49,U00125,男,广东省,东莞市,P3003,机械革命游戏本,电脑办公,6299,1,6299,支付宝,已完成,无退款
ORD2025000103,2025-11-13 23:22:44,U00359,女,江苏省,无锡市,P3004,打印机,电脑办公,899,1,899,支付宝,已完成,无退款
ORD2025002170,2025-12-31 22:00:08,U00062,男,四川省,成都市,P3001,戴尔 27英寸显示器,电脑办公,1499,2,2998,花呗,已取消,无退款
ORD2025004328,2025-04-19 23:54:27,U00068,男,浙江省,温州市,P3001,戴尔 27英寸显示器,电脑办公,1499,1,1499,支付宝,待付款,无退款
ORD2025000495,2025-12-29 22:50:30,U01653,男,山东省,烟台市,P1003,华为 Mate 70,手机,5499,1,5499,银行卡,已完成,无退款
ORD2025003985,2025-07-13 22:39:14,U01129,女,湖北省,武汉市,P1003,华为 Mate 70,手机,5499,2,10998,花呗,已取消,无退款
ORD2025004203,2025-11-10 01:15:20,U00403,女,山东省,青岛市,P2003,小米手环 9,数码配件,299,2,598,支付宝,已完成,无退款
ORD2025004163,2025-11-15 12:08:39,U01794,女,四川省,德阳市,P4003,优衣库羽绒服,服饰鞋包,799,2,1598,银行卡,已完成,无退款
ORD2025002629,2025-03-10 10:32:30,U01798,男,北京市,北京市,P1005,荣耀 Magic7,手机,4499,1,4499,银行卡,已发货,无退款
ORD2025001902,2025-05-27 05:56:21,U00487,男,陕西省,宝鸡市,P3002,联想小新笔记本,电脑办公,4999,3,14997,花呗,已完成,无退款
ORD2025000531,2025-10-19 12:26:30,U00796,男,上海市,上海市,P4002,阿迪达斯卫衣,服饰鞋包,399,1,399,支付宝,已完成,无退款
ORD2025002285,2025-02-12 02:25:15,U01087,女,陕西省,宝鸡市,P3004,打印机,电脑办公,899,5,4495,微信支付,已完成,已退款
ORD2025001735,2025-08-12 14:09:23,U01768,女,广东省,深圳市,P2001,AirPods Pro 2,数码配件,1899,1,1899,银行卡,已完成,无退款
ORD2025002129,2025-05-05 17:30:03,U01294,女,河南省,南阳市,P1001,iPhone 15,手机,4999,1,4999,支付宝,已发货,无退款
ORD2025002479,2025-05-17 14:18:23,U01374,女,江苏省,南京市,P4002,阿迪达斯卫衣,服饰鞋包,399,1,399,银行卡,已完成,无退款
ORD2025004091,2025-01-28 23:48:58,U01450,女,陕西省,宝鸡市,P2001,AirPods Pro 2,数码配件,1899,2,3798,支付宝,已取消,无退款
ORD2025004711,2025-09-17 09:25:05,U00567,男,四川省,德阳市,P2003,小米手环 9,数码配件,299,1,299,支付宝,已完成,无退款
ORD2025004380,2025-05-14 18:47:46,U00052,男,浙江省,金华市,P2005,,电脑配件,399,1,399,支付宝,已完成,无退款
ORD2025003111,2025-11-14 03:44:28,U00540,男,陕西省,宝鸡市,P1001,iPhone 15,手机,4999,1,4999,花呗,已完成,无退款
ORD2025000354,2025-12-10 07:28:55,U00867,女,河南省,南阳市,P2001,AirPods Pro 2,数码配件,1899,1,1899,银行卡,已完成,无退款
ORD2025001048,2025-02-23 01:56:32,U00639,女,浙江省,宁波市,P3004,打印机,电脑办公,899,4,3596,支付宝,待付款,无退款
ORD2025002263,2025-07-08 07:40:01,U01469,女,陕西省,西安市,P4001,耐克运动鞋,服饰鞋包,599,1,599,微信支付,已完成,无退款
ORD2025001189,2025-04-03 04:02:36,U00456,男,上海市,上海市,P2004,罗技 MX Master 3S,电脑配件,699,1,699,花呗,待付款,无退款
ORD2025004645,2025-06-25 20:13:08,U01413,女,浙江省,宁波市,P2002,华为 FreeBuds,数码配件,999,2,1998,微信支付,已发货,无退款
ORD2025004918,2025-08-23 16:32:10,U00467,女,陕西省,咸阳市,P3001,戴尔 27英寸显示器,电脑办公,1499,3,4497,银行卡,已取消,无退款
ORD2025002937,2025-03-20 03:33:28,U01572,男,四川省,绵阳市,P5003,三只松鼠坚果,食品饮料,59,2,118,微信支付,已完成,无退款
ORD2025002747,2025-03-11 05:50:13,U00896,男,山东省,济南市,P3003,机械革命游戏本,电脑办公,6299,4,25196,花呗,已完成,无退款
ORD2025000123,2025-11-21 20:24:47,U01623,男,山东省,青岛市,P5001,雀巢咖啡,食品饮料,89,2,178,支付宝,已发货,无退款
ORD2025004191,2025-09-16 16:31:27,U01780,男,江苏省,南京市,P3002,联想小新笔记本,电脑办公,4999,2,9998,银行卡,已完成,无退款
ORD2025003324,2025-03-29 17:09:38,U00905,男,江苏省,南京市,P5001,雀巢咖啡,食品饮料,89,1,89,支付宝,退款中,退款中
ORD2025000867,2025-02-24 10:37:13,U01320,男,北京市,北京市,P3001,戴尔 27英寸显示器,电脑办公,1499,2,2998,花呗,已取消,无退款
ORD2025003178,2025-01-12 18:51:22,U01505,男,北京市,北京市,P1003,华为 Mate 70,手机,5499,3,16497,银行卡,已完成,无退款
ORD2025002350,2025-02-09 06:54:42,U00715,男,陕西省,咸阳市,P2003,小米手环 9,数码配件,299,1,299,微信支付,已完成,无退款
ORD2025004276,2025-05-28 16:36:29,U00292,女,四川省,德阳市,P3001,戴尔 27英寸显示器,电脑办公,1499,3,4497,微信支付,已完成,无退款
ORD2025000067,2025-12-02 00:17:49,U01129,女,上海市,上海市,P3002,联想小新笔记本,电脑办公,4999,2,9998,微信支付,已完成,无退款
ORD2025004733,2025-03-09 06:15:19,U00739,男,上海市,上海市,P2002,华为 FreeBuds,数码配件,999,1,999,微信支付,待付款,无退款
ORD2025002461,2025-06-26 06:57:52,U01714,男,浙江省,杭州市,P5003,三只松鼠坚果,食品饮料,59,1,59,花呗,已发货,无退款
ORD2025004717,2025-12-09 13:34:48,U01104,女,湖北省,宜昌市,P5002,蒙牛纯牛奶,食品饮料,69,2,138,支付宝,已完成,无退款
ORD2025000364,2025-05-04 19:11:03,U01623,女,河南省,洛阳市,P1003,华为 Mate 70,手机,5499,1,5499,支付宝,退款中,退款中
ORD2025003371,2025-04-04 23:14:04,U01494,男,陕西省,咸阳市,P2005,机械键盘,电脑配件,399,1,399,支付宝,已完成,无退款
ORD2025003757,2025-02-01 15:34:55,U00655,男,浙江省,杭州市,P3003,机械革命游戏本,电脑办公,6299,2,12598,微信支付,待付款,无退款
ORD2025002392,2025-12-11 16:02:49,U00473,女,河南省,郑州市,P2004,罗技 MX Master 3S,电脑配件,699,2,1398,微信支付,已完成,无退款
ORD2025002433,2025-09-10 02:29:01,U01362,男,山东省,青岛市,P1002,iPhone 15 Pro,手机,6999,2,13998,花呗,已完成,无退款
ORD2025004528,2025-11-10 01:12:21,U00524,男,陕西省,宝鸡市,P1005,荣耀 Magic7,手机,4499,2,8998,支付宝,已完成,无退款
ORD2025000441,2025-05-29 16:19:06,U00727,男,陕西省,咸阳市,P1004,小米 15,手机,3999,2,7998,支付宝,已完成,无退款
ORD2025001921,2025-10-12 03:21:54,U01587,男,江苏省,苏州市,P1001,iPhone 15,手机,4999,1,4999,微信支付,已完成,无退款
ORD2025002883,2025-09-02 07:55:55,U00340,男,河南省,南阳市,P3001,戴尔 27英寸显示器,电脑办公,1499,1,1499,银行卡,已发货,无退款
ORD2025002432,2025-01-06 20:46:42,U00259,女,浙江省,宁波市,P2002,华为 FreeBuds,数码配件,999,1,999,银行卡,已发货,无退款
ORD2025001717,2025-07-29 22:16:28,U01080,女,广东省,东莞市,P2005,机械键盘,电脑配件,399,2,798,微信支付,已完成,无退款
ORD2025004107,2025-01-21 08:17:41,U01574,男,陕西省,西安市,P1002,iPhone 15 Pro,手机,6999,2,13998,微信支付,已完成,无退款
ORD2025004029,2025-12-14 13:11:28,U01603,男,浙江省,温州市,P1002,iPhone 15 Pro,手机,6999,1,6999,微信支付,已发货,无退款
ORD2025004723,2025-09-20 09:08:52,U01399,女,山东省,青岛市,P3001,戴尔 27英寸显示器,电脑办公,1499,1,1499,支付宝,已完成,无退款
ORD2025000518,2025-09-03 16:23:29,U00867,男,湖北省,宜昌市,P3001,戴尔 27英寸显示器,电脑办公,1499,4,5996,微信支付,已完成,无退款
ORD2025001610,2025-02-14 06:41:39,U00791,女,四川省,德阳市,P1002,iPhone 15 Pro,手机,6999,2,13998,支付宝,已取消,无退款
ORD2025004153,2025-03-05 00:55:16,U01728,男,湖北省,宜昌市,P4001,耐克运动鞋,服饰鞋包,599,2,1198,支付宝,已完成,无退款
ORD2025002165,2025-12-17 23:57:11,U01304,男,江苏省,南京市,P4002,阿迪达斯卫衣,服饰鞋包,399,1,399,花呗,已完成,无退款
ORD2025001537,2025-12-18 12:02:19,U01390,女,湖北省,襄阳市,P1002,iPhone 15 Pro,手机,6999,1,6999,花呗,已完成,无退款
ORD2025001855,2025-11-16 13:57:22,U01657,男,江苏省,南京市,P2002,华为 FreeBuds,数码配件,999,1,999,支付宝,已完成,无退款
ORD2025004308,2025-01-16 21:50:29,U01100,男,北京市,北京市,P1001,iPhone 15,手机,4999,2,9998,支付宝,已完成,无退款
ORD2025001877,2025-03-28 02:30:26,U01392,男,上海市,上海市,P1001,iPhone 15,手机,4999,1,4999,银行卡,已完成,无退款
ORD2025004687,2025-04-02 09:22:53,U01593,男,山东省,烟台市,P2002,华为 FreeBuds,数码配件,999,1,999,银行卡,已发货,无退款
ORD2025002587,2025-01-05 21:40:03,U00331,男,湖北省,宜昌市,P1003,华为 Mate 70,手机,5499,3,16497,银行卡,已完成,无退款
ORD2025004715,2025-04-23 12:45:36,U00031,女,陕西省,咸阳市,P3002,联想小新笔记本,电脑办公,4999,1,4999,微信支付,已完成,无退款
ORD2025004213,2025-09-28 18:34:02,U00956,女,四川省,德阳市,P4003,优衣库羽绒服,服饰鞋包,799,1,799,银行卡,已完成,无退款
ORD2025000975,2025-07-26 04:11:10,U01402,女,广东省,佛山市,P1003,华为 Mate 70,手机,5499,2,10998,微信支付,已发货,无退款
ORD2025001677,2025-05-26 05:07:37,U01478,女,浙江省,杭州市,P2004,罗技 MX Master 3S,电脑配件,699,1,699,花呗,已完成,无退款
ORD2025002355,2025-04-24 03:29:54,U00018,女,河南省,郑州市,P1005,荣耀 Magic7,手机,4499,1,4499,花呗,已完成,已退款
ORD2025003102,2025-08-06 12:19:23,U00020,女,江苏省,南京市,P5003,三只松鼠坚果,食品饮料,59,1,59,支付宝,已完成,无退款
ORD2025000709,2025-06-23 21:44:52,U00189,男,陕西省,西安市,P4003,优衣库羽绒服,服饰鞋包,799,1,799,银行卡,已完成,无退款
ORD2025001432,2025-12-27 07:26:26,U00982,女,上海市,上海市,P3002,联想小新笔记本,电脑办公,4999,1,4999,微信支付,已完成,无退款
ORD2025003549,2025-09-27 09:34:39,U01008,女,陕西省,咸阳市,P2001,AirPods Pro 2,数码配件,1899,1,1899,花呗,已完成,无退款
ORD2025003297,2025-05-19 17:38:55,U00774,女,广东省,广州市,P3001,戴尔 27英寸显示器,电脑办公,1499,1,1499,银行卡,退款中,退款中
ORD2025002634,2025-09-12 21:37:48,U00010,女,浙江省,金华市,P2004,罗技 MX Master 3S,电脑配件,699,2,1398,支付宝,已完成,无退款
ORD2025000591,2025-11-20 23:54:32,U00280,男,浙江省,杭州市,P5001,雀巢咖啡,食品饮料,89,2,178,银行卡,已完成,无退款
ORD2025003707,2025-10-07 11:03:14,U01749,女,浙江省,宁波市,P4003,优衣库羽绒服,服饰鞋包,799,2,1598,支付宝,待付款,无退款
ORD2025001561,2025-08-26 07:44:08,U01576,女,上海市,上海市,P3002,联想小新笔记本,电脑办公,4999,1,4999,银行卡,退款中,退款中
ORD2025002255,2025-07-15 14:49:29,U00216,女,四川省,德阳市,P1002,iPhone 15 Pro,手机,6999,1,6999,花呗,已完成,无退款
ORD2025002179,2025-08-12 08:44:31,U00104,男,浙江省,杭州市,P2005,机械键盘,电脑配件,399,2,798,花呗,已完成,无退款
ORD2025001137,2025-11-16 06:57:20,U00607,男,陕西省,咸阳市,P3001,戴尔 27英寸显示器,电脑办公,1499,1,1499,微信支付,已完成,无退款
ORD2025002457,2025-09-18 09:57:40,U00147,男,广东省,深圳市,P5002,蒙牛纯牛奶,食品饮料,69,1,69,花呗,已发货,无退款
ORD2025000892,2025-03-30 12:08:26,U01357,男,山东省,烟台市,P4002,阿迪达斯卫衣,服饰鞋包,399,2,798,微信支付,已完成,无退款
ORD2025003509,2025-09-16 20:36:27,U00249,男,陕西省,咸阳市,P3001,戴尔 27英寸显示器,电脑办公,1499,1,1499,支付宝,已完成,无退款
ORD2025001997,2025-01-20 07:57:38,U00561,男,四川省,德阳市,P2003,小米手环 9,数码配件,299,2,598,花呗,已取消,无退款
ORD2025001303,2025-10-20 04:44:40,U01644,女,四川省,德阳市,P1004,小米 15,手机,3999,1,3999,花呗,退款中,退款中
ORD2025004782,2025-02-28 18:12:28,U01792,女,山东省,青岛市,P3001,戴尔 27英寸显示器,电脑办公,1499,2,2998,花呗,已完成,无退款
ORD2025004335,2025-11-08 23:13:08,U01164,女,四川省,成都市,P3003,机械革命游戏本,电脑办公,6299,2,12598,银行卡,已取消,无退款
ORD2025001527,2025-11-15 07:14:03,U01481,女,浙江省,宁波市,P5001,雀巢咖啡,食品饮料,89,1,89,微信支付,已取消,无退款
ORD2025002645,2025-03-12 23:52:47,U00536,男,河南省,洛阳市,P3003,机械革命游戏本,电脑办公,6299,1,6299,银行卡,已完成,无退款
ORD2025004887,2025-06-26 20:28:53,U01193,女,浙江省,金华市,P5001,雀巢咖啡,食品饮料,89,1,89,花呗,已完成,无退款
ORD2025002599,2025-02-23 12:46:30,U00356,女,上海市,上海市,P1003,华为 Mate 70,手机,5499,1,5499,微信支付,已完成,无退款
ORD2025000050,2025-03-28 01:44:26,U00719,男,广东省,深圳市,P2002,华为 FreeBuds,数码配件,999,3,2997,微信支付,已取消,无退款
ORD2025004028,2025-07-22 13:35:22,U00019,男,北京市,北京市,P5003,三只松鼠坚果,食品饮料,59,1,59,花呗,已完成,无退款
ORD2025001917,2025-08-12 08:41:39,U00977,男,河南省,南阳市,P5002,蒙牛纯牛奶,食品饮料,69,1,69,微信支付,已完成,无退款
ORD2025003316,2025-05-08 06:53:56,U01028,女,广东省,广州市,P3003,机械革命游戏本,电脑办公,6299,1,6299,支付宝,已完成,已退款
ORD2025001014,2025-03-18 13:38:44,U00378,女,上海市,上海市,P1005,荣耀 Magic7,手机,4499,1,4499,花呗,已完成,无退款
ORD2025000816,2025-02-21 17:59:13,U01303,男,北京市,北京市,P1001,iPhone 15,手机,4999,2,9998,支付宝,已发货,无退款
ORD2025001309,2025-10-24 22:04:23,U01122,男,北京市,北京市,P2002,华为 FreeBuds,数码配件,999,1,999,银行卡,已完成,无退款
ORD2025002208,2025-01-05 15:21:50,U01623,男,上海市,上海市,P5001,雀巢咖啡 ,食品饮料,89,2,178,微信支付,已发货,无退款
ORD2025000144,2025-02-12 07:07:23,U01393,女,江苏省,无锡市,P2004,罗技 MX Master 3S,电脑配件,699,2,1398,支付宝,已取消,无退款
ORD2025004961,2025-09-04 10:57:09,U01674,女,四川省,德阳市,P3003,机械革命游戏本,电脑办公,6299,1,6299,微信支付,退款中,退款中
ORD2025004177,2025-04-09 19:19:14,U00323,男,四川省,成都市,P4001,耐克运动鞋,服饰鞋包,599,1,599,银行卡,已完成,无退款
ORD2025002772,2025-12-15 21:32:37,U00405,男,河南省,郑州市,P1001,iPhone 15,手机,4999,1,4999,银行卡,已完成,无退款
ORD2025004491,2025-01-20 17:54:14,U00777,女,河南省,洛阳市,P2002,华为 FreeBuds,数码配件,999,2,1998,微信支付,已发货,无退款
ORD2025000288,2025-02-18 02:33:27,U01362,女,上海市,上海市,P3002,联想小新笔记本,电脑办公,4999,5,24995,微信支付,已完成,无退款
ORD2025003263,2025-02-27 11:29:27,U01350,男,江苏省,无锡市,P5002,蒙牛纯牛奶,食品饮料,69,2,138,花呗,已完成,无退款
ORD2025002542,2025-05-26 19:17:47,U00498,男,上海市,上海市,P3004,打印机,电脑办公,899,1,899,支付宝,退款中,退款中
ORD2025003554,2025-09-16 19:56:17,U01776,男,山东省,济南市,P2002,华为 FreeBuds,数码配件,999,3,2997,花呗,已完成,无退款
ORD2025000792,2025-05-23 20:18:19,U01676,女,广东省,东莞市,P5002,蒙牛纯牛奶,食品饮料,69,2,138,银行卡,已完成,无退款
ORD2025003849,2025-11-18 13:42:54,U00849,女,广东省,佛山市,P4003,优衣库羽绒服,服饰鞋包,799,2,1598,花呗,已完成,无退款
ORD2025001016,2025-02-07 00:14:42,U00542,男,四川省,绵阳市,P5003,三只松鼠坚果,食品饮料,59,1,59,花呗,已完成,无退款
ORD2025001588,2025-10-14 19:36:48,U01549,男,河南省,南阳市,P1001,iPhone 15,手机,4999,1,4999,支付宝,已完成,无退款
ORD2025003659,2025-03-12 13:29:49,U01761,男,四川省,绵阳市,P2005,机械键盘,电脑配件,399,1,399,银行卡,已完成,无退款
ORD2025000879,2025-02-22 19:44:56,U01208,男,江苏省,南京市,P3002,联想小新笔记本,电脑办公,4999,1,4999,微信支付,已完成,无退款
ORD2025002381,2025-03-09 06:49:56,U01111,男,浙江省,金华市,P2001,AirPods Pro 2,数码配件,1899,1,1899,花呗,已完成,无退款
ORD2025003951,2025-06-03 02:22:59,U00179,男,江苏省,南京市,P4002,阿迪达斯卫衣,服饰鞋包,399,1,399,银行卡,已发货,无退款
ORD2025000064,2025-04-14 06:16:24,U01366,男,北京市,北京市,P4001,耐克运动鞋,服饰鞋包,599,1,599,银行卡,已完成,无退款
ORD2025000296,2025-07-30 09:33:53,U00673,男,北京市,北京市,P4001,耐克运动鞋,服饰鞋包,599,1,599,银行卡,已发货,无退款
ORD2025003690,2025-02-11 00:23:05,U00393,男,浙江省,宁波市,P2005,机械键盘,电脑配件,399,1,399,花呗,已完成,无退款
ORD2025000890,2025-12-13 16:45:07,U01763,男,四川省,成都市,P2002,华为 FreeBuds,数码配件,999,1,999,花呗,已发货,无退款
ORD2025003689,2025-12-27 22:16:54,U01256,女,浙江省,杭州市,P2001,AirPods Pro 2,数码配件,1899,1,1899,微信支付,已完成,无退款
ORD2025004848,2025-01-06 00:54:17,U01030,男,四川省,成都市,P2004,罗技 MX Master 3S,电脑配件,699,2,1398,花呗,待付款,无退款
ORD2025003262,2025-07-28 01:26:13,U01780,男,北京市,北京市,P2003,小米手环 9,数码配件,299,1,299,银行卡,已完成,无退款
ORD2025002866,2025-03-07 17:28:48,U01625,女,浙江省,金华市,P3001,戴尔 27英寸显示器,电脑办公,1499,3,4497,银行卡,已完成,无退款
ORD2025002065,2025-02-21 16:25:28,U00250,男,江苏省,南京市,P5002,蒙牛纯牛奶,食品饮料,69,4,276,银行卡,退款中,退款中
ORD2025003821,2025-09-09 22:45:50,U00578,男,江苏省,常州市,P4001,耐克运动鞋,服饰鞋包,599,3,1797,微信支付,已完成,无退款
ORD2025004693,2025-10-10 14:09:49,U01659,女,四川省,绵阳市,P1003,华为 Mate 70,手机,5499,1,5499,银行卡,已完成,无退款
ORD2025000723,2025-06-01 16:27:15,U01424,女,广东省,深圳市,P3001,戴尔 27英寸显示器,电脑办公,1499,1,1499,微信支付,已完成,无退款
ORD2025004852,2025-02-17 13:37:00,U00078,男,河南省,南阳市,P3001,戴尔 27英寸显示器,电脑办公,1499,1,1499,支付宝,已完成,无退款
ORD2025003109,2025-02-08 03:15:45,U00437,男,河南省,洛阳市,P5001,雀巢咖啡,食品饮料,89,1,89,花呗,已完成,无退款
ORD2025001288,2025-09-26 08:45:02,U00561,男,湖北省,武汉市,P2001,AirPods Pro 2,数码配件,1899,1,1899,银行卡,已完成,无退款
ORD2025001903,2025-11-05 01:49:09,U00543,男,上海市,上海市,P5003,三只松鼠坚果,食品饮料,59,1,59,支付宝,已完成,无退款
ORD2025001469,2025-12-14 03:45:10,U01231,女,上海市,上海市,P2003,小米手环 9,数码配件,299,1,299,银行卡,已完成,无退款
ORD2025000911,2025-07-04 06:09:41,U00077,女,河南省,南阳市,P3003,机械革命游戏本,电脑办公,6299,3,18897,微信支付,已完成,无退款
ORD2025000535,2025-01-31 05:49:05,U01659,女,陕西省,咸阳市,P2003,小米手环 9,数码配件,299,1,299,支付宝,已完成,无退款
ORD2025003428,2025-02-24 10:26:57,U01615,男,浙江省,杭州市,P5001,雀巢咖啡,食品饮料,89,3,267,支付宝,已取消,无退款
ORD2025001001,2025-09-28 23:50:48,U00011,男,河南省,洛阳市,P1001,iPhone 15,手机,4999,2,9998,银行卡,已取消,已退款
ORD2025001691,2025-07-12 21:30:21,U00216,女,江苏省,无锡市,P1003,华为 Mate 70,手机,5499,1,5499,银行卡,已完成,无退款
ORD2025003027,2025-08-29 23:50:17,U00892,女,四川省,德阳市,P5002,蒙牛纯牛奶,食品饮料,69,1,69,支付宝,已取消,无退款
ORD2025004090,2025-06-08 08:16:06,U00708,女,陕西省,宝鸡市,P2005,机械键盘,电脑配件,399,1,399,花呗,已完成,无退款
ORD2025003213,2025-01-21 19:02:25,U01213,女,山东省,济南市,P2002,华为 FreeBuds,数码配件,999,1,999,花呗,已完成,无退款
ORD2025003056,2025-10-13 01:26:58,U01464,男,江苏省,无锡市,P3001,戴尔 27英寸显示器,电脑办公,1499,2,2998,花呗,已完成,无退款
ORD2025004151,2025-08-22 02:02:15,U00981,女,湖北省,襄阳市,P3004,打印机,电脑办公,899,1,899,支付宝,已取消,无退款
ORD2025001690,2025-12-30 05:31:39,U01685,女,江苏省,苏州市,P5003,三只松鼠坚果,食品饮料,59,1,59,花呗,已发货,无退款
ORD2025002534,2025-09-12 19:43:22,U00519,男,浙江省,温州市,P4003,优衣库羽绒服,服饰鞋包,799,2,1598,花呗,待付款,无退款
ORD2025000729,2025-04-16 02:11:58,U01690,女,湖北省,武汉市,P4002,阿迪达斯卫衣,服饰鞋包,399,2,798,花呗,已完成,无退款
ORD2025002949,2025-03-12 02:18:43,U01590,男,四川省,德阳市,P1001,iPhone 15,手机,4999,1,4999,银行卡,已完成,无退款
ORD2025000414,2025-04-27 17:36:36,U00165,男,江苏省,苏州市,P1002,iPhone 15 Pro,手机,6999,1,6999,微信支付,已发货,无退款
ORD2025003321,2025-12-14 13:16:29,U00876,女,四川省,成都市,P1003,华为 Mate 70,手机,5499,1,5499,花呗,已完成,已退款
ORD2025001876,2025-11-16 16:33:05,U01635,女,上海市,上海市,P1003,华为 Mate 70,手机,5499,1,5499,支付宝,已完成,无退款
ORD2025002964,2025-08-03 12:10:33,U01580,女,浙江省,金华市,P5003,三只松鼠坚果,食品饮料,59,2,118,支付宝,已发货,无退款
ORD2025003933,2025-10-19 00:12:50,U01217,男,浙江省,杭州市,P3001,戴尔 27英寸显示器,电脑办公,1499,1,1499,银行卡,已发货,无退款
ORD2025004651,2025-08-12 22:27:48,U00085,男,上海市,上海市,P4003,优衣库羽绒服,服饰鞋包,799,1,799,微信支付,已完成,无退款
ORD2025000287,2025-05-24 04:15:40,U01528,女,江苏省,苏州市,P2003,小米手环 9,数码配件,299,2,598,银行卡,已完成,无退款
ORD2025002808,2025-12-18 07:02:54,U00771,男,山东省,青岛市,P5002,蒙牛纯牛奶,食品饮料,69,4,276,银行卡,已完成,无退款
ORD2025004826,2025-01-03 00:06:44,U01100,男,浙江省,杭州市,P1001,iPhone 15,手机,4999,1,4999,微信支付,已完成,无退款
ORD2025002254,2025-12-02 14:21:52,U00551,女,河南省,洛阳市,P4002,阿迪达斯卫衣,服饰鞋包,399,1,399,微信支付,退款中,退款中
ORD2025004189,2025-01-03 11:02:41,U00043,女,四川省,德阳市,P1002,iPhone 15 Pro,手机,6999,1,6999,支付宝,已完成,无退款
ORD2025000733,2025-03-10 06:48:54,U01214,男,四川省,绵阳市,P5003,三只松鼠坚果,食品饮料,59,1,59,微信支付,已发货,无退款
ORD2025000738,2025-10-18 23:37:07,U00487,女,上海市,上海市,P5001,雀巢咖啡,食品饮料,89,3,267,微信支付,已完成,无退款
ORD2025000217,2025-01-03 17:06:16,U00364,女,湖北省,武汉市,P1005,荣耀 Magic7,手机,4499,3,13497,银行卡,已完成,无退款
ORD2025003401,2025-07-19 13:54:46,U01653,女,江苏省,南京市,P4001,耐克运动鞋,服饰鞋包,599,2,1198,银行卡,已完成,无退款
ORD2025002729,2025-03-08 09:13:19,U00613,男,北京市,北京市,P5001,雀巢咖啡,食品饮料,89,1,89,微信支付,已完成,无退款
ORD2025000538,2025-04-27 13:25:52,U00561,女,江苏省,无锡市,P2003,小米手环 9,数码配件,299,1,299,支付宝,已完成,无退款
ORD2025000267,2025-06-23 23:25:24,U01069,男,江苏省,南京市,P3004,打印机,电脑办公,899,2,1798,支付宝,已完成,无退款
ORD2025001942,2025-11-12 01:41:18,U00898,男,浙江省,杭州市,P4003,优衣库羽绒服,服饰鞋包,799,1,799,支付宝,已完成,无退款
ORD2025001132,2025-12-22 10:11:22,U00618,男,河南省,洛阳市,P4001,耐克运动鞋,服饰鞋包,599,3,1797,支付宝,已完成,无退款
ORD2025004013,2025-05-23 22:46:08,U01297,女,广东省,广州市,P3001,戴尔 27英寸显示器,电脑办公,1499,1,1499,银行卡,已完成,无退款
ORD2025004797,2025-03-16 18:01:31,U01590,女,山东省,济南市,P2001,AirPods Pro 2,数码配件,1899,1,1899,微信支付,已取消,无退款
ORD2025000759,2025-07-27 19:14:15,U00172,男,四川省,成都市,P3001,戴尔 27英寸显示器,电脑办公,1499,5,7495,支付宝,已取消,无退款
ORD2025003426,2025-02-04 06:20:32,U00820,男,广东省,东莞市,P3002,联想小新笔记本,电脑办公,4999,2,9998,微信支付,已取消,无退款
ORD2025002608,2025-06-23 08:46:40,U01509,男,陕西省,西安市,P1005,荣耀 Magic7,手机,4499,1,4499,微信支付,已取消,无退款
ORD2025001828,2025-09-10 09:17:50,U01345,男,北京市,北京市,P4001,耐克运动鞋,服饰鞋包,599,1,599,支付宝,已完成,无退款
ORD2025003654,2025-10-27 00:59:46,U00383,男,河南省,洛阳市,P4003,优衣库羽绒服,服饰鞋包,799,3,2397,微信支付,已完成,无退款
ORD2025004616,2025-11-15 09:32:55,U01495,女,浙江省,金华市,P2001,AirPods Pro 2,数码配件,1899,1,1899,银行卡,已完成,无退款
ORD2025002034,2025-05-22 01:22:23,U00157,男,湖北省,宜昌市,P5003,三只松鼠坚果,食品饮料,59,3,177,银行卡,已完成,无退款
ORD2025001114,2025-12-01 02:36:06,U01040,女,上海市,上海市,P3004,打印机,电脑办公,899,1,899,微信支付,已完成,无退款
ORD2025001910,2025-09-12 05:16:30,U00093,女,广东省,深圳市,P5001,雀巢咖啡,食品饮料,89,1,89,花呗,退款中,退款中
ORD2025002376,2025-07-10 15:20:22,U01078,女,浙江省,宁波市,P2003,小米手环 9,数码配件,299,2,598,支付宝,已完成,无退款
ORD2025003140,2025-05-19 23:50:41,U01779,男,江苏省,无锡市,P2002,华为 FreeBuds,数码配件,999,1,999,支付宝,已发货,无退款
ORD2025002917,2025-04-27 13:31:57,U00322,女,浙江省,宁波市,P1004,小米 15,手机,3999,1,3999,银行卡,已取消,无退款
ORD2025002492,2025-10-14 09:03:31,U00466,女,北京市,北京市,P4001,耐克运动鞋,服饰鞋包,599,3,1797,花呗,已完成,无退款
ORD2025001646,2025-07-24 01:05:06,U00810,男,四川省,成都市,P4003,优衣库羽绒服,服饰鞋包,799,1,799,花呗,已完成,无退款
ORD2025001480,2025-05-28 19:18:46,U01658,男,四川省,绵阳市,P5003,三只松鼠坚果,食品饮料,59,2,118,银行卡,已发货,无退款
ORD2025001174,2025-08-23 12:47:09,U00444,男,北京市,北京市,P1004,小米 15,手机,3999,2,7998,微信支付,已完成,无退款
ORD2025001084,2025-05-11 11:45:22,U00890,男,四川省 ,德阳市,P3003,机械革命游戏本,电脑办公,6299,1,6299,微信支付,已取消,无退款
ORD2025002388,2025-03-06 08:33:47,U00718,女,河南省,郑州市,P2003,小米手环 9,数码配件,299,1,299,银行卡,已发货,无退款
ORD2025002336,2025-07-21 08:03:32,U00575,男,上海市,上海市,P2003,小米手环 9,数码配件,299,1,299,花呗,已完成,无退款
ORD2025003936,2025-03-28 22:55:41,U00388,男,湖北省,襄阳市,P3004,打印机,电脑办公,899,1,899,银行卡,已完成,无退款
ORD2025001789,2025-05-29 13:00:58,U00063,女,浙江省,宁波市,P2004,罗技 MX Master 3S,电脑配件,699,2,1398,银行卡,已完成,无退款
ORD2025002250,2025-09-13 05:31:02,U00147,男,山东省,青岛市,P2004,罗技 MX Master 3S,电脑配件,699,1,699,花呗,已完成,无退款
ORD2025000315,2025-12-03 05:18:22,U01741,男,陕西省,咸阳市,P1005,荣耀 Magic7,手机,4499,1,4499,银行卡,已完成,无退款
ORD2025003344,2025-01-21 13:32:36,U00631,女,陕西省,西安市,P2004,罗技 MX Master 3S,电脑配件,699,2,1398,花呗,已完成,无退款
ORD2025004653,2025-12-13 00:31:42,U01383,女,河南省,南阳市,P1002,iPhone 15 Pro,手机,6999,3,20997,花呗,已完成,无退款
ORD2025001287,2025-11-02 00:36:56,U00225,男,山东省,青岛市,P4001,耐克运动鞋,服饰鞋包,599,1,599,银行卡,已完成,无退款
ORD2025003592,2025-03-05 05:08:07,U01675,男,广东省,广州市,P1005,荣耀 Magic7,手机,4499,1,4499,银行卡,已完成,无退款
ORD2025001672,2025-03-21 14:21:01,U01475,女,湖北省,武汉市,P5003,三只松鼠坚果,食品饮料,59,2,118,微信支付,已完成,无退款
ORD2025003572,2025-04-21 19:12:11,U01787,男,北京市,北京市,P3003,机械革命游戏本,电脑办公,6299,5,31495,花呗,已发货,无退款
ORD2025003948,2025-05-06 14:24:26,U00833,男,湖北省,武汉市,P1001,iPhone 15,手机,4999,2,9998,银行卡,已发货,无退款
ORD2025003618,2025-09-18 00:26:46,U00972,男,四川省,德阳市,P1004,小米 15,手机,3999,1,3999,微信支付,已完成,无退款
ORD2025000286,2025-02-27 18:06:42,U00472,男,浙江省,杭州市,P3002,联想小新笔记本,电脑办公,4999,2,9998,支付宝,已完成,无退款
ORD2025000193,2025-08-01 17:41:44,U01330,男,四川省,绵阳市,P1005,荣耀 Magic7,手机,4499,3,13497,花呗,已完成,无退款
ORD2025003760,2025-09-13 14:01:06,U00581,男,广东省,深圳市,P1001,iPhone 15,手机,4999,4,19996,支付宝,已完成,无退款
ORD2025000482,2025-01-09 14:04:13,U01207,男,上海市,上海市,P1001,iPhone 15,手机,4999,2,9998,支付宝,退款中,退款中
ORD2025001317,2025-04-10 23:57:25,U00952,女,江苏省,苏州市,P4003,优衣库羽绒服,服饰鞋包,799,1,799,花呗,已完成,无退款
ORD2025001769,2025-02-08 17:11:55,U00581,男,山东省,烟台市,P2003,小米手环 9,数码配件,299,5,1495,银行卡,已完成,无退款
ORD2025000487,2025-12-14 05:59:50,U00680,女,湖北省,武汉市,P3003,机械革命游戏本,电脑办公,6299,1,6299,支付宝,已完成,无退款
ORD2025003441,2025-09-11 01:23:33,U01495,男,陕西省,宝鸡市,P1004,小米 15,手机,3999,1,3999,花呗,已完成,无退款
ORD2025002728,2025-11-19 12:34:05,U00789,女,湖北省,襄阳市,P2002,华为 FreeBuds,数码配件,999,1,999,支付宝,已发货,无退款
ORD2025000534,2025-11-07 19:21:33,U01128,女,四川省,绵阳市,P1003,华为 Mate 70,手机,5499,2,10998,花呗,已完成,无退款
ORD2025000746,2025-12-29 13:53:44,U01771,女,北京市,北京市,P2002,华为 FreeBuds,数码配件,999,3,2997,支付宝,已完成,无退款
ORD2025001720,2025-09-10 20:17:54,U01526,男,河南省,南阳市,P5003,三只松鼠坚果,食品饮料,59,2,118,支付宝,已完成,无退款
ORD2025003296,2025-10-07 12:14:18,U00163,女,北京市,北京市,P1001,iPhone 15,手机,4999,1,4999,银行卡,已完成,无退款
ORD2025003055,2025-10-11 16:46:36,U00318,女,上海市,上海市,P3001,戴尔 27英寸显示器,电脑办公,1499,1,1499,微信支付,已完成,无退款
ORD2025002626,2025-06-16 00:31:14,U00212,女,山东省,烟台市,P5003,三只松鼠坚果,食品饮料,59,1,59,银行卡,已取消,未退款
ORD2025001141,2025-09-15 20:30:13,U00637,男,陕西省,西安市,P2004,罗技 MX Master 3S,电脑配件,699,3,2097,支付宝,已发货,无退款
ORD2025002760,2025-11-20 19:52:00,U00733,男,河南省,南阳市,P1002,iPhone 15 Pro,手机,6999,1,6999,花呗,已完成,无退款
ORD2025001446,2025-12-12 03:09:52,U01318,女,浙江省,金华市,P2004,罗技 MX Master 3S,电脑配件,699,2,1398,支付宝,已完成,无退款
ORD2025000944,2025-06-01 06:54:23,U00899,男,河南省,洛阳市,P4003,优衣库羽绒服,服饰鞋包,799,4,3196,花呗,已取消,无退款
ORD2025003756,2025-08-07 13:02:19,U01577,女,北京市,北京市,P2003,小米手环 9,数码配件,299,1,299,花呗,已完成,无退款
ORD2025001844,2025-05-13 03:46:21,U01707,女,江苏省,南京市,P2004,罗技 MX Master 3S,电脑配件,699,4,2796,花呗,已取消,无退款
ORD2025004019,2025-04-02 10:35:37,U00278,男,江苏省,苏州市,P4003,优衣库羽绒服,服饰鞋包,799,1,799,支付宝,已完成,无退款
ORD2025000281,2025-06-09 20:56:48,U00711,女,江苏省,南京市,P1001,iPhone 15,手机,4999,1,4999,花呗,已完成,无退款
ORD2025001431,2025-06-10 09:45:58,U00007,男,北京市,北京市,P4002,阿迪达斯卫衣,服饰鞋包,399,1,399,支付宝,待付款,无退款
ORD2025002493,2025-11-24 19:55:05,U00681,男,北京市,北京市,P3003,机械革命游戏本,电脑办公,6299,3,18897,支付宝,已完成,无退款
ORD2025003282,2025-04-29 22:49:18,U00295,女,江苏省,常州市,P4002,阿迪达斯卫衣,服饰鞋包,399,1,399,微信支付,已完成,无退款
ORD2025004896,2025-03-24 06:33:53,U00575,男,江苏省,无锡市,P1004,小米 15,手机,3999,1,3999,微信支付,已完成,无退款
ORD2025002251,2025-03-28 02:51:16,U01685,男,湖北省,武汉市,P2005,机械键盘,电脑配件,399,2,798,支付宝,已完成,无退款
ORD2025003561,2025-09-16 09:50:58,U01120,男,四川省,德阳市,P2003,小米手环 9,数码配件,299,1,299,银行卡,已完成,无退款
ORD2025004697,2025-08-02 21:18:35,U00877,男,上海市,上海市,P4001,耐克运动鞋,服饰鞋包,599,1,599,支付宝,已发货,无退款
ORD2025000576,2025-01-13 12:37:45,U01616,女,四川省,成都市,P5001,雀巢咖啡,食品饮料,89,1,89,支付宝,已取消,无退款
ORD2025001925,2025-05-18 15:10:33,U00496,女,湖北省,宜昌市,P1001,iPhone 15,手机,4999,3,14997,微信支付,已完成,无退款
ORD2025002787,2025-05-03 23:11:56,U01792,女,四川省,成都市,P2002,华为 FreeBuds,数码配件,999,1,999,微信支付,已取消,无退款
ORD2025003845,2025-02-14 00:00:48,U01146,女,广东省,广州市,P1001,iPhone 15,手机,4999,1,4999,银行卡,已完成,无退款
ORD2025001247,2025-08-23 18:40:09,U01641,男,北京市,北京市,P5001,雀巢咖啡,食品饮料,89,1,89,支付宝,已发货,无退款
ORD2025003014,2025-07-11 15:06:12,U00957,男,四川省,绵阳市,P3001,戴尔 27英寸显示器,电脑办公,1499,1,1499,微信支付,退款中,退款中
ORD2025001456,2025-12-20 06:43:50,U00679,女,北京市,北京市,P2001,AirPods Pro 2,数码配件,1899,1,1899,微信支付,已取消,无退款
ORD2025001818,2025-10-17 11:55:15,U00618,女,上海市,上海市,P1005,荣耀 Magic7,手机,4499,1,4499,银行卡,已取消,无退款
ORD2025004891,2025-07-09 15:14:28,U01655,男,陕西省,宝鸡市,P2005,机械键盘,电脑配件,399,1,399,支付宝,已完成,无退款
ORD2025003521,2025-10-17 21:06:23,U01157,男,广东省,东莞市,P2004,罗技 MX Master 3S,电脑配件,699,1,699,银行卡,已完成,无退款
ORD2025001302,2025-07-08 12:34:05,U00130,男,河南省,南阳市,P2004,罗技 MX Master 3S,电脑配件,699,1,699,微信支付,已完成,无退款
ORD2025001120,2025-09-05 17:45:37,U01190,男,河南省,南阳市,P1001,iPhone 15,手机,4999,2,9998,银行卡,已完成,无退款
ORD2025000478,2025-06-08 13:15:37,U01285,男,北京市,北京市,P3002,联想小新笔记本,电脑办公,4999,1,4999,银行卡,已完成,无退款
ORD2025001994,2025-08-19 15:48:02,U00535,男,湖北省,宜昌市,P3004,打印机,电脑办公,899,1,899,银行卡,已完成,无退款
ORD2025000442,2025-08-19 09:26:11,U01294,女,四川省,绵阳市,P1003,华为 Mate 70,手机,5499,1,5499,花呗,已完成,无退款
ORD2025004344,2025-02-20 00:55:15,U00364,男,上海市,上海市,P2002,华为 FreeBuds,数码配件,999,1,999,花呗,已完成,无退款
ORD2025002833,2025-09-16 12:10:10,U00568,女,湖北省,宜昌市,P4002,阿迪达斯卫衣,服饰鞋包,399,1,399,支付宝,已完成,无退款
ORD2025001198,2025-12-20 19:14:27,U00092,男,上海市,上海市,P5001,雀巢咖啡,食品饮料,89,1,89,支付宝,已完成,无退款
ORD2025002219,2025-10-24 20:41:13,U00754,男,上海市,上海市,P5002,蒙牛纯牛奶,食品饮料,69,2,138,花呗,已完成,无退款
ORD2025001919,2025-12-03 20:02:13,U01093,男,浙江省,杭州市,P3003,机械革命游戏本,电脑办公,6299,2,12598,微信支付,已完成,无退款
ORD2025001622,2025-10-03 19:52:29,U00612,女,陕西省,宝鸡市,P1002,iPhone 15 Pro,手机,6999,2,13998,支付宝,已取消,无退款
ORD2025004336,2025-04-04 23:40:05,U00282,女,浙江省,杭州市,P3001,戴尔 27英寸显示器,电脑办公,1499,1,1499,支付宝,已取消,无退款
ORD2025004493,2025-09-14 07:04:43,U00747,女,山东省,济南市,P3001,戴尔 27英寸显示器,电脑办公,1499,2,2998,微信支付,已完成,无退款
ORD2025000945,2025-01-29 10:39:29,U01589,女,山东省,青岛市,P2004,罗技 MX Master 3S,电脑配件,699,2,1398,银行卡,已完成,无退款
ORD2025002397,2025-11-24 13:03:42,U00825,女,上海市,上海市,P5003,三只松鼠坚果,食品饮料,59,1,59,支付宝,已完成,无退款
ORD2025001687,2025-05-28 04:26:46,U01687,女,山东省,青岛市,P3002,联想小新笔记本,电脑办公,4999,2,9998,微信支付,已发货,无退款
ORD2025002827,2025-08-07 08:59:48,U00170,女,河南省,洛阳市,P3002,联想小新笔记本,电脑办公,4999,1,4999,微信支付,已完成,无退款
ORD2025004085,2025-06-03 08:59:55,U01531,女,浙江省,杭州市,P4003,优衣库羽绒服,服饰鞋包,799,1,799,支付宝,已发货,无退款
ORD2025000622,2025-03-09 08:35:41,U01645,女,上海市,上海市,P1001,iPhone 15,手机,4999,3,14997,银行卡,已完成,无退款
ORD2025003945,2025-03-31 18:19:37,U01090,女,陕西省,西安市,P3004,打印机,电脑办公,899,2,1798,花呗,已完成,无退款
ORD2025002346,2025-08-20 07:39:52,U01007,男,山东省,青岛市,P2002,华为 FreeBuds,数码配件,999,1,999,支付宝,已取消,无退款
ORD2025001798,2025-05-11 02:48:07,U00955,男,上海市,上海市,P4001,耐克运动鞋,服饰鞋包,599,1,599,银行卡,已完成,无退款
ORD2025003823,2025-04-02 17:58:41,U01776,男,河南省,郑州市,P2005,机械键盘,电脑配件,399,1,399,微信支付,已发货,无退款
ORD2025003192,2025-11-17 02:52:51,U01551,男,陕西省,西安市,P1002,iPhone 15 Pro,手机,6999,1,6999,银行卡,已发货,无退款
ORD2025000403,2025-05-14 04:39:51,U01154,男,浙江省,宁波市,P5003,三只松鼠坚果,食品饮料,59,2,118,银行卡,已完成,无退款
ORD2025003881,2025-06-10 14:40:08,U00086,男,浙江省,金华市,P1001,iPhone 15,手机,4999,2,9998,花呗,已完成,无退款
ORD2025002049,2025-07-27 13:08:37,U00494,女,湖北省,武汉市,P5001,雀巢咖啡,食品饮料,89,1,89,花呗,已完成,无退款
ORD2025003667,2025-06-29 09:56:25,U01006,女,江苏省,无锡市,P2004,罗技 MX Master 3S,电脑配件,699,1,699,微信支付,已完成,无退款
ORD2025004718,2025-07-26 13:02:37,U01337,男,陕西省,西安市,P3004,打印机,电脑办公,899,1,899,支付宝,已完成,无退款
ORD2025001579,2025-11-02 20:50:10,U00479,女,湖北省,武汉市,P1002,iPhone 15 Pro,手机,6999,1,6999,微信支付,已完成,无退款
ORD2025000119,2025-01-18 03:07:44,U01147,男,河南省,郑州市,P2002,华为 FreeBuds,数码配件,999,2,1998,花呗,已完成,已退款
ORD2025003430,2025-04-25 17:37:46,U00164,女,上海市,上海市,P1001,iPhone 15,手机,4999,1,4999,支付宝,待付款,无退款
ORD2025003132,2025-05-26 17:47:42,U01253,男,山东省,青岛市,P3002,联想小新笔记本,电脑办公,4999,1,4999,微信支付,已完成,无退款
ORD2025000580,2025-02-07 05:25:54,U01777,女,陕西省,宝鸡市,P1002,iPhone 15 Pro,手机,6999,1,6999,微信支付,已完成,无退款
ORD2025002008,2025-12-19 19:19:09,U00661,女,上海市,上海市,P5003,三只松鼠坚果,食品饮料,59,1,59,花呗,已完成,无退款
ORD2025002349,2025-12-17 08:50:44,U01332,女,上海市,上海市,P2003,小米手环 9,数码配件,299,1,299,微信支付,已完成,无退款
ORD2025000280,2025-02-22 13:47:55,U00302,男,河南省,郑州市,P1004,小米 15,手机,3999,1,3999,微信支付,已取消,无退款
ORD2025002777,2025-03-04 22:33:08,U00308,男,四川省,绵阳市,P1005,荣耀 Magic7,手机,4499,2,8998,支付宝,已完成,无退款
ORD2025002087,2025-02-21 23:51:26,U00805,男,山东省,烟台市,P2002,华为 FreeBuds,数码配件,999,1,999,微信支付,已取消,无退款
ORD2025003165,2025-11-25 00:52:20,U01461,女,广东省,广州市,P3001,戴尔 27英寸显示器,电脑办公,1499,2,2998,银行卡,已完成,无退款
ORD2025003587,2025-11-01 15:36:37,U01351,女,北京市,北京市,P3004,打印机,电脑办公,899,4,3596,银行卡,已完成,无退款
ORD2025000034,2025-07-22 12:09:27,U01218,女,四川省,绵阳市,P4001,耐克运动鞋,服饰鞋包,599,2,1198,银行卡,已完成,无退款
ORD2025000908,2025-05-13 17:18:42,U00424,女,湖北省,襄阳市,P1005,荣耀 Magic7,手机,4499,1,4499,银行卡,已完成,无退款
ORD2025002517,2025-09-26 10:18:36,U01160,男,四川省,绵阳市,P1004,小米 15,手机,3999,1,3999,微信支付,已完成,无退款
ORD2025000385,2025-10-07 06:03:49,U01275,男,湖北省,襄阳市,P5002,蒙牛纯牛奶,食品饮料,69,4,276,支付宝,已发货,无退款
ORD2025001126,2025-10-16 13:37:29,U00252,女,四川省,绵阳市,P3002,联想小新笔记本,电脑办公,4999,1,4999,银行卡,已完成,无退款
ORD2025001530,2025-12-02 12:28:07,U00738,男,湖北省,宜昌市,P4002,阿迪达斯卫衣,服饰鞋包,399,2,798,花呗,已发货,无退款
ORD2025004251,2025-01-22 20:15:15,U01129,女,河南省,南阳市,P1003,华为 Mate 70,手机,5499,3,16497,支付宝,已完成,无退款
ORD2025003382,2025-07-25 12:04:35,U00863,女,陕西省,咸阳市,P2003,小米手环 9,数码配件,299,3,897,银行卡,已取消,无退款
ORD2025004167,2025-01-12 23:11:42,U00823,男,湖北省,襄阳市,P4002,阿迪达斯卫衣,服饰鞋包,399,1,399,支付宝,已发货,无退款
ORD2025001668,2025-03-21 10:05:15,U01364,女,山东省,烟台市,P1002,iPhone 15 Pro,手机,6999,3,20997,支付宝,已完成,无退款
ORD2025003822,2025-04-14 08:56:41,U00191,男,湖北省,宜昌市,P2001,AirPods Pro 2,数码配件,1899,2,3798,花呗,已完成,无退款
ORD2025003216,2025-10-15 11:36:19,U00028,女,江苏省,南京市,P4001,耐克运动鞋,服饰鞋包,599,2,1198,银行卡,已完成,无退款
ORD2025002838,2025-03-25 17:04:38,U01226,男,河南省,南阳市,P2004,罗技 MX Master 3S,电脑配件,699,1,699,银行卡,已完成,无退款
ORD2025000247,2025-09-07 01:37:25,U00992,女,广东省,东莞市,P5001,雀巢咖啡,食品饮料,89,1,89,花呗,已发货,无退款
ORD2025003120,2025-12-24 10:53:51,U01140,女,浙江省,温州市,P3004,打印机,电脑办公,899,1,899,花呗,已完成,无退款
ORD2025004103,2025-02-20 07:26:05,U00142,女,湖北省,襄阳市,P3001,戴尔 27英寸显示器,电脑办公,1499,2,2998,微信支付,已完成,无退款
ORD2025004833,2025-07-14 01:47:03,U00470,女,河南省,南阳市,P4001,耐克运动鞋,服饰鞋包,599,2,1198,花呗,已完成,无退款
ORD2025000674,2025-09-15 13:30:35,U00540,男,山东省,济南市,P4001,耐克运动鞋,服饰鞋包,599,1,599,支付宝,已完成,无退款
ORD2025001204,2025-05-14 22:28:16,U01376,男,广东省,东莞市,P2003,小米手环 9,数码配件,299,1,299,微信支付,已完成,无退款
ORD2025002612,2025-04-24 19:01:14,U01604,女,上海市,上海市,P5002,蒙牛纯牛奶,食品饮料,69,2,138,支付宝,已完成,无退款
ORD2025004102,2025-04-29 19:35:25,U00101,女,北京市,北京市,P1004,小米 15,手机,3999,1,3999,支付宝,已完成,无退款
ORD2025004510,2025-09-01 22:24:55,U01276,女,河南省,南阳市,P5002,蒙牛纯牛奶,食品饮料,69,1,69,花呗,已完成,无退款
ORD2025000238,2025-05-26 09:18:26,U01191,男,湖北省,宜昌市,P3004,打印机,电脑办公,899,2,1798,花呗,已发货,无退款
ORD2025000990,2025-03-25 13:07:35,U01386,男,浙江省,金华市,P3001,戴尔 27英寸显示器,电脑办公,1499,1,1499,支付宝,待付款,无退款
ORD2025002095,2025-04-12 14:32:24,U01593,男,浙江省,宁波市,P1004,小米 15,手机,3999,2,7998,花呗,已完成,无退款
ORD2025003136,2025-11-14 00:34:16,U00890,女,湖北省,武汉市,P1001,iPhone 15,手机,4999,2,9998,银行卡,已完成,无退款
ORD2025002771,2025-08-20 16:57:45,U01487,女,江苏省,南京市,P2001,AirPods Pro 2,数码配件,1899,1,1899,支付宝,已完成,无退款
ORD2025004457,2025-01-21 01:20:55,U00918,男,河南省,南阳市,P3004,打印机,电脑办公,899,1,899,银行卡,已完成,无退款
ORD2025000423,2025-04-27 04:50:04,U00162,男,河南省,郑州市,P3002,联想小新笔记本,电脑办公,4999,1,4999,支付宝,已完成,无退款
ORD2025002985,2025-10-12 13:55:41,U01267,男,北京市,北京市,P2001,AirPods Pro 2,数码配件,1899,2,3798,银行卡,已完成,无退款
ORD2025004082,2025-10-10 07:07:09,U00355,女,江苏省,苏州市,P2003,小米手环 9,数码配件,299,1,299,银行卡,待付款,无退款
ORD2025003345,2025-08-04 07:40:10,U00610,女,广东省,广州市,P2004,罗技 MX Master 3S,电脑配件,699,1,699,支付宝,已完成,无退款
ORD2025004226,2025-06-29 00:25:24,U00406,女,江苏省,苏州市,P3001,戴尔 27英寸显示器,电脑办公,1499,2,2998,花呗,已完成,无退款
ORD2025001860,2025-05-13 04:17:29,U01046,男,湖北省,宜昌市,P1002,iPhone 15 Pro,手机,6999,1,6999,银行卡,已发货,无退款
ORD2025001390,2025-04-30 19:41:49,U00962,男,河南省,洛阳市,P2001,AirPods Pro 2,数码配件,1899,1,1899,支付宝,已取消,已退款
ORD2025001905,2025-02-02 21:49:36,U01200,女,江苏省,南京市,P3002,联想小新笔记本,电脑办公,4999,2,9998,微信支付,已完成,无退款
ORD2025001339,2025-05-15 14:22:37,U01394,男,江苏省,南京市,P3001,戴尔 27英寸显示器,电脑办公,1499,1,1499,微信支付,已完成,无退款
ORD2025003272,2025-07-19 09:41:49,U00443,男,江苏省,苏州市,P4001,耐克运动鞋,服饰鞋包,599,1,599,支付宝,已发货,无退款
ORD2025004009,2025-05-17 14:20:44,U01122,女,湖北省,武汉市,P2005,机械键盘,电脑配件,399,2,798,银行卡,已完成,无退款
ORD2025001647,2025-08-03 16:32:33,U00659,男,湖北省,武汉市,P5003,三只松鼠坚果,食品饮料,59,4,236,微信支付,已完成,无退款
ORD2025002293,2025-03-02 12:51:54,U01093,女,江苏省,苏州市,P5002,蒙牛纯牛奶,食品饮料,69,1,69,微信支付,已发货,无退款
ORD2025003984,2025-05-03 08:19:44,U01209,女,河南省,郑州市,P3004,打印机,电脑办公,899,1,899,花呗,已完成,无退款
ORD2025004963,2025-09-28 09:28:01,U01254,男,广东省,深圳市,P3001,戴尔 27英寸显示器,电脑办公,1499,1,1499,银行卡,已完成,无退款
ORD2025002204,2025-02-15 15:41:05,U01754,女,北京市,北京市,P1004,小米 15,手机,3999,1,3999,支付宝,已完成,无退款
ORD2025000861,2025-02-20 21:22:49,U01049,女,湖北省,襄阳市,P3003,机械革命游戏本,电脑办公,6299,1,6299,支付宝,已完成,无退款
ORD2025002902,2025-09-24 13:16:47,U00021,男,浙江省,宁波市,P2002,华为 FreeBuds,数码配件,999,2,1998,支付宝,已完成,无退款
ORD2025002150,2025-07-05 00:01:14,U01390,男,广东省,深圳市,P5002,蒙牛纯牛奶,食品饮料,69,1,69,银行卡,已完成,无退款
ORD2025000703,2025-09-18 21:01:44,U00483,女,北京市,北京市,P2003,小米手环 9,数码配件,299,1,299,支付宝,已完成,无退款
ORD2025001682,2025-10-28 17:12:53,U01783,女,上海市,上海市,P4002,阿迪达斯卫衣,服饰鞋包,399,3,1197,支付宝,已完成,无退款
ORD2025004157,2025-06-03 05:16:49,U01456,女,湖北省,武汉市,P1002,iPhone 15 Pro,手机,6999,1,6999,花呗,已完成,无退款
ORD2025003110,2025-09-30 22:59:19,U00129,女,广东省,东莞市,P2003,小米手环 9,数码配件,299,1,299,花呗,已完成,无退款
ORD2025000856,2025-12-12 09:02:30,U00870,男,北京市,北京市,P5001,雀巢咖啡,食品饮料,89,1,89,银行卡,已完成,无退款
ORD2025002959,2025-02-10 10:07:46,U00328,男,河南省,洛阳市,P4001,耐克运动鞋,服饰鞋包,599,1,599,银行卡,待付款,无退款
ORD2025000731,2025-06-07 18:29:34,U00043,男,陕西省,宝鸡市,P1001,iPhone 15,手机,4999,3,14997,微信支付,退款中,退款中
ORD2025004949,2025-04-28 18:15:21,U00667,女,山东省,青岛市,P5001,雀巢咖啡,食品饮料,89,3,267,银行卡,已发货,无退款
ORD2025004440,2025-11-30 17:01:09,U00817,男,广东省,佛山市,P2001,AirPods Pro 2,数码配件,1899,1,1899,花呗,已完成,无退款
ORD2025000207,2025-09-25 21:40:17,U01780,女,北京市,北京市,P5003,三只松鼠坚果,食品饮料,59,2,118,支付宝,退款中,退款中
ORD2025002125,2025-03-15 19:11:52,U01314,女,四川省,绵阳市,P2002,华为 FreeBuds,数码配件,999,1,999,支付宝,已完成,无退款
ORD2025003801,2025-10-25 10:35:15,U01459,女,浙江省,温州市,P3004,打印机,电脑办公,899,1,899,花呗,已取消,无退款
ORD2025001243,2025-07-29 21:10:12,U01433,男,北京市,北京市,P1001,iPhone 15,手机,4999,4,19996,微信支付,已完成,无退款
ORD2025003844,2025-12-05 22:01:34,U00971,男,陕西省,宝鸡市,P4001,耐克运动鞋,服饰鞋包,599,3,1797,花呗,已取消,无退款
ORD2025002652,2025-08-25 19:52:30,U00306,男,湖北省,襄阳市,P5001,雀巢咖啡,食品饮料,89,2,178,支付宝,已完成,无退款
ORD2025004048,2025-04-29 00:25:01,U00668,女,浙江省,温州市,P2001,AirPods Pro 2,数码配件,1899,5,9495,银行卡,已完成,无退款
ORD2025002704,2025-01-22 08:29:16,U01332,男,河南省,洛阳市,P4001,耐克运动鞋,服饰鞋包,599,1,599,花呗,已完成,无退款
ORD2025001254,2025-02-14 19:06:24,U01349,男,陕西省,咸阳市,P5001,雀巢咖啡,食品饮料,89,3,267,支付宝,已完成,无退款
ORD2025003529,2025-02-26 23:21:23,U00011,女,北京市,北京市,P1003,华为 Mate 70,手机,5499,1,5499,银行卡,已发货,无退款
ORD2025000437,2025-03-17 11:34:51,U00120,男,北京市,北京市,P1003,华为 Mate 70,手机,5499,1,5499,花呗,已完成,无退款
ORD2025000416,2025-06-22 10:31:01,U00794,男,山东省,青岛市,P4001,耐克运动鞋,服饰鞋包,599,1,599,花呗,已完成,无退款
ORD2025002615,2025-10-04 18:25:06,U01703,女,浙江省,温州市,P5003,三只松鼠坚果,食品饮料,59,1,59,微信支付,已完成,无退款
ORD2025000270,2025-04-23 10:01:28,U00838,女,江苏省,常州市,P5003,三只松鼠坚果,食品饮料,59,3,177,支付宝,已完成,无退款
ORD2025001686,2025-12-08 01:48:16,U01068,女,北京市,北京市,P4002,阿迪达斯卫衣,服饰鞋包,399,1,399,支付宝,退款中,退款中
ORD2025001380,2025-10-11 14:11:19,U00724,女,陕西省,西安市,P4002,阿迪达斯卫衣,服饰鞋包,399,1,399,花呗,已完成,无退款
ORD2025004472,2025-09-22 07:28:13,U00525,男,四川省,德阳市,P5003,三只松鼠坚果,食品饮料,59,1,59,微信支付,待付款,无退款
ORD2025002319,2025-09-17 05:45:10,U01602,男,四川省,德阳市,P1001,iPhone 15,手机,4999,1,4999,微信支付,已发货,无退款
ORD2025000497,2025-12-21 08:44:46,U01462,男,江苏省,常州市,P1004,小米 15,手机,3999,1,3999,微信支付,已取消,无退款
ORD2025000089,2025-07-19 09:45:13,U00218,男,广东省,佛山市,P2004,罗技 MX Master 3S,电脑配件,699,3,2097,银行卡,已完成,无退款
ORD2025001274,2025-03-27 07:17:52,U00922,男,浙江省,金华市,P1001,iPhone 15,手机,4999,1,4999,花呗,已完成,无退款
ORD2025001689,2025-06-14 06:39:33,U00481,男,广东省,佛山市,P4003,优衣库羽绒服,服饰鞋包,799,1,799,银行卡,已发货,无退款
ORD2025003706,2025-12-14 12:38:37,U00355,男,四川省,绵阳市,P1004,小米 15,手机,3999,1,3999,银行卡,已完成,无退款
ORD2025001859,2025-11-20 11:08:50,U00737,男,上海市,上海市,P2001,AirPods Pro 2,数码配件,1899,1,1899,支付宝,已完成,无退款
ORD2025004006,2025-06-14 07:09:35,U01464,女,河南省,南阳市,P1003,华为 Mate 70,手机,5499,1,5499,微信支付,已完成,无退款
ORD2025001400,2025-07-13 17:10:21,U00391,男,北京市,北京市,P4001,耐克运动鞋,服饰鞋包,599,1,599,微信支付,已完成,已退款
ORD2025000749,2025-01-08 10:20:27,U00571,男,湖北省,宜昌市,P1001,iPhone 15,手机,4999,2,9998,花呗,待付款,无退款
ORD2025001764,2025-09-29 09:36:20,U00681,女,江苏省,常州市,P1005,荣耀 Magic7,手机,4499,1,4499,支付宝,已取消,无退款
ORD2025002274,2025-09-17 12:16:55,U01331,女,四川省,德阳市,P3001,戴尔 27英寸显示器,电脑办公,1499,1,1499,微信支付,已发货,无退款
ORD2025002815,2025-03-28 06:11:35,U00498,男,北京市,北京市,P4002,阿迪达斯卫衣,服饰鞋包,399,1,399,支付宝,已完成,无退款
ORD2025001155,2025-08-11 19:44:41,U00811,女,湖北省,宜昌市,P3003,机械革命游戏本,电脑办公,6299,2,12598,微信支付,已完成,无退款
ORD2025001928,2025-10-15 08:53:20,U01108,女,四川省,绵阳市,P1002,iPhone 15 Pro,手机,6999,1,6999,银行卡,已完成,无退款
ORD2025002036,2025-08-24 02:05:32,U01721,女,山东省,青岛市,P5001,雀巢咖啡,食品饮料,89,1,89,微信支付,已完成,无退款
ORD2025000544,2025-10-14 22:21:46,U00397,男,湖北省,襄阳市,P5003,三只松鼠坚果,食品饮料,59,3,177,银行卡,已完成,无退款
ORD2025002834,2025-12-25 12:51:15,U00796,男,浙江省,宁波市,P2003,小米手环 9,数码配件,299,1,299,花呗,已完成,无退款
ORD2025000563,2025-06-29 01:47:12,U01573,女,陕西省,宝鸡市,P5002,蒙牛纯牛奶,食品饮料,69,1,69,支付宝,已完成,无退款
ORD2025001211,2025-04-10 14:29:13,U01077,女,山东省,青岛市,P4003,优衣库羽绒服,服饰鞋包,799,1,799,支付宝,已发货,无退款
ORD2025002625,2025-09-16 05:12:15,U01678,男,北京市,北京市,P2003,小米手环 9,数码配件,299,1,299,银行卡,已完成,无退款
ORD2025002876,2025-08-12 15:48:07,U01419,男,江苏省,南京市,P5002,蒙牛纯牛奶,食品饮料,69,1,69,花呗,已完成,无退款
ORD2025001788,2025-11-18 15:32:01,U01509,男,北京市,北京市,P3002,联想小新笔记本,电脑办公,4999,1,4999,银行卡,已发货,无退款
ORD2025000872,2025-10-16 01:08:22,U01118,女,江苏省,常州市,P2001,AirPods Pro 2,数码配件,1899,1,1899,银行卡,已完成,无退款
ORD2025004292,2025-01-10 06:06:26,U00750,男,江苏省,南京市,P2004,罗技 MX Master 3S,电脑配件,699,2,1398,支付宝,已完成,无退款
ORD2025003826,2025-06-26 07:40:26,U00963,男,北京市,北京市,P1002,iPhone 15 Pro,手机,6999,1,6999,银行卡,已完成,无退款
ORD2025003012,2025-03-21 20:27:59,U00525,男,河南省,南阳市,P5001,雀巢咖啡,食品饮料,89,1,89,支付宝,已完成,无退款
ORD2025001307,2025-08-23 23:26:59,U01763,男,江苏省,南京市,P3003,机械革命游戏本,电脑办公,6299,3,18897,微信支付,已完成,无退款
ORD2025002066,2025-05-24 11:18:57,U00577,男,北京市,北京市,P1004,小米 15,手机,3999,1,3999,支付宝,已完成,无退款
ORD2025000380,2025-08-27 07:10:07,U01579,男,江苏省,南京市,P1003,华为 Mate 70,手机,5499,1,5499,花呗,已完成,无退款
ORD2025000430,2025-05-04 01:57:50,U00567,女,河南省,郑州市,P4001,耐克运动鞋,服饰鞋包,599,1,599,银行卡,已发货,无退款
ORD2025000967,2025-09-09 00:04:49,U00245,女,陕西省,宝鸡市,P2004,罗技 MX Master 3S,电脑配件,699,2,1398,花呗,已完成,无退款
ORD2025004928,2025-08-06 17:41:01,U00230,男,北京市,北京市,P3004,打印机,电脑办公,899,1,899,微信支付,退款中,退款中
ORD2025001467,2025-09-30 10:15:15,U01462,女,湖北省,宜昌市,P1002,iPhone 15 Pro,手机,6999,2,13998,支付宝,已完成,无退款
ORD2025001611,2025-04-25 22:50:29,U01368,女,四川省,德阳市,P1001,iPhone 15,手机,4999,2,9998,微信支付,已完成,已退款
ORD2025003431,2025-02-02 16:07:45,U00220,女,陕西省,咸阳市,P4003,优衣库羽绒服,服饰鞋包,799,1,799,银行卡,已发货,无退款
ORD2025002460,2025-04-23 04:52:08,U00531,男,河南省,洛阳市,P2002,华为 FreeBuds,数码配件,999,3,2997,支付宝,已完成,无退款
ORD2025002061,2025-08-23 03:42:56,U01620,女,河南省,郑州市,P1001,iPhone 15,手机,4999,2,9998,支付宝,已完成,无退款
ORD2025004731,2025-01-28 23:44:31,U00355,女,湖北省,武汉市,P4001,耐克运动鞋,服饰鞋包,599,1,599,支付宝,已完成,无退款
ORD2025001800,2025-03-31 13:46:15,U00844,女,北京市,北京市,P1001,iPhone 15,手机,4999,4,19996,花呗,已完成,无退款
ORD2025003299,2025-04-09 19:14:07,U00044,男,北京市,北京市,P3001,戴尔 27英寸显示器,电脑办公,1499,1,1499,银行卡,已发货,无退款
ORD2025000127,2025-10-31 08:29:26,U00555,女,湖北省,襄阳市,P1003,华为 Mate 70,手机,5499,3,16497,银行卡,已完成,无退款
ORD2025001119,2025-09-20 02:33:19,U00636,男,陕西省,西安市,P5001,雀巢咖啡,食品饮料,89,4,356,花呗,待付款,无退款
ORD2025003228,2025-06-05 07:20:29,U01761,女,河南省,南阳市,P1001,iPhone 15,手机,4999,2,9998,花呗,已取消,无退款
ORD2025004386,2025-11-14 21:33:49,U00142,女,上海市,上海市,P5002,蒙牛纯牛奶,食品饮料,69,1,69,支付宝,已完成,无退款
ORD2025004338,2025-03-11 22:45:21,U00885,女,江苏省,常州市,P2004,罗技 MX Master 3S,电脑配件,699,3,2097,支付宝,已发货,无退款
ORD2025004726,2025-12-10 04:28:01,U01744,男,山东省,济南市,P3004,打印机,电脑办公,899,1,899,花呗,已取消,无退款
ORD2025000272,2025-04-09 18:55:13,U00961,女,浙江省,金华市,P2002,华为 FreeBuds,数码配件,999,3,2997,微信支付,已完成,无退款
ORD2025004280,2025-11-03 01:37:21,U00176,女,广东省,广州市,P3004,打印机,电脑办公,899,1,899,支付宝,退款中,退款中
ORD2025001094,2025-04-08 21:38:48,U01018,女,山东省,青岛市,P4002,阿迪达斯卫衣,服饰鞋包,399,2,798,微信支付,已完成,无退款
ORD2025003327,2025-02-27 12:13:51,U01262,女,陕西省,宝鸡市,P2001,AirPods Pro 2,数码配件,1899,1,1899,花呗,退款中,退款中
ORD2025004525,2025-05-15 00:39:10,U00320,女,山东省,烟台市,P2001,AirPods Pro 2,数码配件,1899,1,1899,花呗,已完成,无退款
ORD2025001183,2025-08-04 08:31:26,U00352,女,湖北省,襄阳市,P1001,iPhone 15,手机,4999,1,4999,花呗,已完成,无退款
ORD2025003166,2025-01-06 16:07:50,U00703,男,四川省,德阳市,P1001,iPhone 15,手机,4999,1,4999,花呗,已完成,无退款
ORD2025000433,2025-08-16 16:25:30,U00274,女,浙江省,宁波市,P3004,打印机,电脑办公,899,2,1798,银行卡,已完成,无退款
ORD2025004079,2025-08-04 18:18:59,U00749,男,陕西省,咸阳市,P3001,戴尔 27英寸显示器,电脑办公,1499,4,5996,银行卡,已完成,无退款
ORD2025004141,2025-02-27 01:48:35,U01652,男,山东省,青岛市,P2001,AirPods Pro 2,数码配件,1899,1,1899,支付宝,已完成,无退款
ORD2025004665,2025-04-22 02:24:50,U00899,女,广东省,东莞市,P2002,华为 FreeBuds,数码配件,999,1,999,支付宝,已发货,无退款
ORD2025003438,2025-10-21 06:06:38,U01364,男,湖北省,武汉市,P2004,罗技 MX Master 3S,电脑配件,699,1,699,银行卡,已完成,无退款
ORD2025001346,2025-10-15 09:17:04,U01245,男,陕西省,西安市,P1003,华为 Mate 70,手机,5499,1,5499,支付宝,已完成,无退款
ORD2025003325,2025-01-14 16:14:55,U01588,女,北京市,北京市,P4003,优衣库羽绒服,服饰鞋包,799,1,799,微信支付,待付款,无退款
ORD2025003628,2025-10-08 13:21:51,U00880,男,上海市,上海市,P3004,打印机,电脑办公,899,1,899,花呗,已完成,无退款
ORD2025001276,2025-10-03 04:17:57,U00052,女,北京市,北京市,P1001,iPhone 15,手机,4999,1,4999,微信支付,已发货,无退款
ORD2025000232,2025-06-11 19:05:30,U01564,男,河南省,南阳市,P3001,戴尔 27英寸显示器,电脑办公,1499,3,4497,微信支付,已发货,无退款
ORD2025001385,2025-09-08 05:24:24,U00343,男,四川省,德阳市,P2005,机械键盘,电脑配件,399,1,399,花呗,已完成,无退款
ORD2025003888,2025-10-06 18:22:02,U01048,男,陕西省,宝鸡市,P1005,荣耀 Magic7,手机,4499,3,13497,花呗,已完成,已退款
ORD2025002186,2025-12-11 23:13:59,U00036,女,广东省,深圳市,P1004,小米 15,手机,3999,1,3999,银行卡,已取消,无退款
ORD2025001964,2025-04-29 12:35:40,U01680,女,四川省,成都市,P2005,机械键盘,电脑配件,399,2,798,微信支付,已完成,无退款
ORD2025003079,2025-09-11 15:49:26,U00336,男,四川省,德阳市,P5002,蒙牛纯牛奶,食品饮料,69,1,69,银行卡,已完成,无退款
ORD2025004096,2025-09-11 17:02:14,U01789,女,北京市,北京市,P4003,优衣库羽绒服,服饰鞋包,799,4,3196,支付宝,待付款,无退款
ORD2025004978,2025-04-02 21:09:49,U00160,男,四川省,绵阳市,P4001,耐克运动鞋,服饰鞋包,599,2,1198,微信支付,已完成,无退款
ORD2025001497,2025-07-09 00:22:46,U01682,女,江苏省,无锡市,P5003,三只松鼠坚果,食品饮料,59,2,118,微信支付,已完成,无退款
ORD2025002438,2025-01-27 07:17:11,U00935,女,陕西省,宝鸡市,P3001,戴尔 27英寸显示器,电脑办公,1499,2,2998,花呗,退款中,退款中
ORD2025000251,2025-08-12 01:27:11,U00699,女,河南省,郑州市,P4001,耐克运动鞋,服饰鞋包,599,1,599,花呗,已完成,无退款
ORD2025001667,2025-12-14 13:58:45,U00305,女,北京市,北京市,P5001,雀巢咖啡,食品饮料,89,1,89,微信支付,已完成,无退款
ORD2025000417,2025-11-16 19:41:31,U00023,女,四川省,绵阳市,P5003,三只松鼠坚果,食品饮料,59,1,59,支付宝,已完成,无退款
ORD2025001835,2025-08-23 06:05:05,U00843,男,北京市,北京市,P1001,iPhone 15,手机,4999,2,9998,花呗,已发货,无退款
ORD2025004243,2025-04-08 06:48:45,U01002,女,江苏省,苏州市,P4001,耐克运动鞋,服饰鞋包,599,1,599,支付宝,已完成,无退款
ORD2025001756,2025-03-23 06:22:00,U01724,女,北京市,北京市,P3002,联想小新笔记本,电脑办公,4999,2,9998,银行卡,已完成,无退款
ORD2025004856,2025-05-01 03:31:14,U01281,女,上海市,上海市,P1003,华为 Mate 70,手机,5499,1,5499,支付宝,已完成,无退款
ORD2025001459,2025-04-08 02:00:36,U00990,女,四川省,德阳市,P2001,AirPods Pro 2,数码配件,1899,2,3798,微信支付,已完成,无退款
ORD2025004086,2025-09-24 13:05:42,U00245,女,四川省,成都市,P3001,戴尔 27英寸显示器,电脑办公,1499,2,2998,支付宝,退款中,退款中
ORD2025000213,2025-06-06 02:05:21,U00619,男,湖北省,武汉市,P1001,iPhone 15,手机,4999,1,4999,银行卡,已完成,已退款
ORD2025004488,2025-03-03 19:48:39,U00251,男,江苏省,无锡市,P2003,小米手环 9,数码配件,299,1,299,花呗,已完成,无退款
ORD2025004557,2025-04-15 05:38:44,U00246,女,浙江省,温州市,P3004,打印机,电脑办公,899,1,899,支付宝,已完成,无退款
ORD2025002018,2025-11-26 00:14:37,U01299,女,河南省,洛阳市,P2002,华为 FreeBuds,数码配件,999,2,1998,支付宝,已完成,无退款
ORD2025001762,2025-08-23 21:42:10,U00366,女,四川省,德阳市,P4003,优衣库羽绒服,服饰鞋包,799,1,799,银行卡,待付款,无退款
ORD2025003410,2025-01-08 01:14:47,U01465,女,北京市,北京市,P2002,华为 FreeBuds,数码配件,999,1,999,花呗,已完成,无退款
ORD2025002700,2025-04-01 16:59:09,U01040,女,四川省,成都市,P2002,华为 FreeBuds,数码配件,999,1,999,银行卡,已发货,无退款
ORD2025003182,2025-04-07 11:49:09,U00411,女,上海市,上海市,P1001,iPhone 15,手机,4999,3,14997,银行卡,已取消,无退款
ORD2025002311,2025-02-14 12:09:03,U01471,男,北京市,北京市,P1002,iPhone 15 Pro,手机,6999,2,13998,银行卡,已完成,无退款
ORD2025003145,2025-02-25 16:24:47,U00003,男,上海市,上海市,P2004,罗技 MX Master 3S,电脑配件,699,1,699,微信支付,已完成,无退款
ORD2025004907,2025-12-08 19:09:04,U00191,女,山东省,青岛市,P2004,罗技 MX Master 3S,电脑配件,699,1,699,微信支付,待付款,无退款
ORD2025004282,2025-03-30 21:05:02,U00373,男,北京市,北京市,P1001,iPhone 15,手机,4999,1,4999,支付宝,已完成,无退款
ORD2025000467,2025-02-28 18:36:46,U01749,女,山东省,济南市,P2003,小米手环 9,数码配件,299,2,598,花呗,已完成,无退款
ORD2025000291,2025-12-28 00:00:10,U01648,男,广东省,深圳市,P2005,机械键盘,电脑配件,399,4,1596,银行卡,已完成,无退款
ORD2025001277,2025-09-03 03:50:32,U00607,男,上海市,上海市,P5001,雀巢咖啡,食品饮料,89,1,89,微信支付,已完成,无退款
ORD2025004813,2025-07-24 07:38:04,U00330,女,山东省,济南市,P2002,华为 FreeBuds,数码配件,999,1,999,微信支付,已完成,无退款
ORD2025004289,2025-06-11 03:44:17,U00576,女,北京市,北京市,P1005,荣耀 Magic7,手机,4499,1,4499,微信支付,退款中,退款中
ORD2025002523,2025-03-06 09:05:03,U00894,男,浙江省,杭州市,P3001,戴尔 27英寸显示器,电脑办公,1499,2,2998,微信支付,已完成,无退款
ORD2025000056,2025-07-26 09:04:30,U01289,女,北京市,北京市,P3004,打印机,电脑办公,899,1,899,微信支付,已发货,无退款
ORD2025000592,2025-11-29 07:20:25,U00338,女,北京市,北京市,P4003,优衣库羽绒服,服饰鞋包,799,1,799,支付宝,已完成,无退款
ORD2025003215,2025-10-25 10:35:18,U01129,女,浙江省,杭州市,P3002,联想小新笔记本,电脑办公,4999,1,4999,银行卡,已发货,无退款
ORD2025002455,2025-05-06 08:49:47,U00235,女,北京市,北京市,P2001,AirPods Pro 2,数码配件,1899,1,1899,银行卡,已完成,无退款
ORD2025000839,2025-01-12 08:33:16,U00359,男,河南省,郑州市,P1005,荣耀 Magic7,手机,4499,1,4499,支付宝,已完成,无退款
ORD2025001547,2025-04-16 17:04:47,U00260,女,陕西省,宝鸡市,P3002,联想小新笔记本,电脑办公,4999,4,19996,微信支付,已完成,无退款
ORD2025003135,2025-05-25 18:27:32,U00072,男,江苏省,无锡市,P1002,iPhone 15 Pro,手机,6999,2,13998,银行卡,已完成,无退款
ORD2025001406,2025-11-19 02:53:01,U01287,女,浙江省,宁波市,P4001,耐克运动鞋,服饰鞋包,599,1,599,支付宝,已完成,无退款
ORD2025004836,2025-10-18 21:04:02,U00597,男,广东省,东莞市,P1001,iPhone 15,手机,4999,1,4999,微信支付,已完成,无退款
ORD2025000255,2025-02-09 07:53:01,U00260,男,湖北省,武汉市,P3003,机械革命游戏本,电脑办公,6299,3,18897,花呗,已完成,无退款
ORD2025003944,2025-12-21 13:58:39,U00092,女,陕西省,宝鸡市,P1004,小米 15,手机,3999,3,11997,支付宝,已发货,无退款
ORD2025001615,2025-08-25 15:37:31,U01557,女,浙江省,金华市,P5002,蒙牛纯牛奶,食品饮料,69,1,69,支付宝,已完成,无退款
ORD2025004146,2025-10-26 08:38:36,U00631,男,四川省,绵阳市,P1003,华为 Mate 70,手机,5499,1,5499,支付宝,已完成,无退款
ORD2025002983,2025-06-18 10:23:17,U01712,男,广东省,深圳市,P3004,打印机,电脑办公,899,1,899,花呗,已取消,无退款
ORD2025002989,2025-11-14 07:04:14,U00198,男,上海市,上海市,P2001,AirPods Pro 2,数码配件,1899,2,3798,微信支付,已发货,无退款
ORD2025001973,2025-05-13 12:40:28,U00470,女,陕西省,宝鸡市,P2001,AirPods Pro 2,数码配件,1899,3,5697,支付宝,已完成,无退款
ORD2025000407,2025-01-20 23:52:27,U01259,男,山东省,烟台市,P5001,雀巢咖啡,食品饮料,89,1,89,银行卡,已完成,无退款
ORD2025000468,2025-01-21 14:45:28,U01050,女,广东省,佛山市,P4001,耐克运动鞋,服饰鞋包,599,2,1198,支付宝,已完成,无退款
ORD2025001356,2025-01-08 00:53:38,U01445,男,江苏省,南京市,P3001,戴尔 27英寸显示器,电脑办公,1499,1,1499,花呗,已完成,无退款
ORD2025001515,2025-04-16 00:57:00,U00772,女,湖北省,宜昌市,P4002,,服饰鞋包,399,1,399,微信支付,退款中,退款中
ORD2025000730,2025-10-30 09:33:35,U01501,男,上海市,上海市,P1001,iPhone 15,手机,4999,2,9998,花呗,已完成,无退款
ORD2025003568,2025-03-06 08:00:28,U01085,女,河南省,南阳市,P5002,蒙牛纯牛奶,食品饮料,69,1,69,微信支付,已完成,无退款
ORD2025000289,2025-10-04 06:35:06,U01648,男,江苏省,苏州市,P2003,小米手环 9,数码配件,299,1,299,花呗,已完成,无退款
ORD2025002606,2025-06-11 15:04:32,U01339,女,北京市,北京市,P3002,联想小新笔记本,电脑办公,4999,2,9998,银行卡,已完成,无退款
ORD2025000136,2025-03-07 14:19:22,U00318,女,湖北省,襄阳市,P4003,优衣库羽绒服,服饰鞋包,799,2,1598,微信支付,已完成,无退款
ORD2025003239,2025-07-08 07:13:09,U00835,男,山东省,济南市,P2003,小米手环 9,数码配件,299,2,598,微信支付,待付款,无退款
ORD2025002071,2025-07-11 17:25:06,U00526,女,浙江省,杭州市,P3003,机械革命游戏本,电脑办公,6299,3,18897,银行卡,已完成,无退款
ORD2025002577,2025-08-22 19:26:16,U01605,男,广东省,广州市,P4003,优衣库羽绒服,服饰鞋包,799,1,799,支付宝,已完成,无退款
ORD2025000853,2025-10-03 11:03:41,U00745,男,江苏省,苏州市,P2004,罗技 MX Master 3S,电脑配件,699,2,1398,花呗,已完成,无退款
ORD2025002380,2025-12-23 20:41:27,U00424,男,上海市,上海市,P5001,雀巢咖啡,食品饮料,89,1,89,花呗,已完成,无退款
ORD2025004679,2025-09-12 18:05:54,U00988,女,江苏省,无锡市,P4001,耐克运动鞋,服饰鞋包,599,1,599,花呗,已完成,无退款
ORD2025003879,2025-11-17 16:46:25,U01238,女,山东省,青岛市,P1001,iPhone 15,手机,4999,2,9998,银行卡,已完成,无退款
ORD2025003920,2025-02-11 08:58:09,U01015,女,江苏省,苏州市,P1002,iPhone 15 Pro,手机,6999,1,6999,花呗,已发货,无退款
ORD2025002795,2025-11-02 16:57:25,U00302,男,上海市,上海市,P2002,华为 FreeBuds,数码配件,999,1,999,微信支付,退款中,退款中
ORD2025001025,2025-10-13 02:13:09,U01553,男,陕西省,宝鸡市,P5001,雀巢咖啡,食品饮料,89,2,178,微信支付,已发货,无退款
ORD2025004064,2025-03-11 15:54:23,U00332,男,湖北省,武汉市,P2001,AirPods Pro 2,数码配件,1899,2,3798,支付宝,已完成,无退款
ORD2025000718,2025-04-22 08:47:36,U01263,男,湖北省,襄阳市,P2005,机械键盘,电脑配件,399,2,798,微信支付,已完成,无退款
ORD2025002727,2025-10-16 09:56:00,U00336,女,浙江省,温州市,P3003,机械革命游戏本,电脑办公,6299,1,6299,微信支付,已完成,无退款
ORD2025003868,2025-09-05 10:29:37,U01264,男,上海市,上海市,P1003,华为 Mate 70,手机,5499,2,10998,银行卡,已完成,无退款
ORD2025002718,2025-01-31 02:13:30,U00186,女,四川省,成都市,P2005,机械键盘,电脑配件,399,5,1995,微信支付,已完成,无退款
ORD2025002788,2025-01-06 08:48:31,U01405,女,四川省,德阳市,P2002,华为 FreeBuds,数码配件,999,2,1998,微信支付,已完成,已退款
ORD2025000075,2025-10-27 02:06:27,U01557,男,江苏省,苏州市,P3002,联想小新笔记本,电脑办公,4999,2,9998,支付宝,已发货,无退款
ORD2025002156,2025-11-22 05:55:22,U00990,女,广东省,佛山市,P3001,戴尔 27英寸显示器,电脑办公,1499,3,4497,微信支付,已完成,无退款
ORD2025001365,2025-01-09 04:01:41,U00419,男,四川省,绵阳市,P2001,AirPods Pro 2,数码配件,1899,1,1899,花呗,已取消,无退款
ORD2025001487,2025-02-02 04:54:04,U01539,男,江苏省,南京市,P2001,AirPods Pro 2,数码配件,1899,2,3798,银行卡,已完成,无退款
ORD2025000226,2025-01-25 06:30:39,U01619,女,四川省,成都市,P2001,AirPods Pro 2,数码配件,1899,2,3798,微信支付,已完成,无退款
ORD2025001660,2025-10-21 23:23:22,U00886,男,陕西省,咸阳市,P2004,罗技 MX Master 3S,电脑配件,699,2,1398,银行卡,已取消,无退款
ORD2025003848,2025-08-09 05:12:54,U00595,男,上海市,上海市,P3001,戴尔 27英寸显示器,电脑办公,1499,4,5996,微信支付,已完成,无退款
ORD2025002152,2025-10-14 12:10:10,U00046,男,江苏省,南京市,P1001,iPhone 15,手机,4999,3,14997,花呗,已完成,无退款
ORD2025001842,2025-05-28 00:15:23,U00533,女,北京市,北京市,P3003,机械革命游戏本,电脑办公,6299,2,12598,支付宝,已完成,无退款
ORD2025004736,2025-08-20 05:03:45,U00679,女,广东省,广州市,P1003,华为 Mate 70,手机,5499,1,5499,银行卡,已完成,无退款
ORD2025002120,2025-09-23 16:11:12,U01449,男,上海市,上海市,P3004,打印机,电脑办公,899,1,899,花呗,已完成,无退款
ORD2025002863,2025-04-22 18:51:08,U00332,女,浙江省,杭州市,P2004,罗技 MX Master 3S,电脑配件,699,1,699,银行卡,已完成,无退款
ORD2025004237,2025-08-21 21:33:36,U01241,男,陕西省,咸阳市,P2004,罗技 MX Master 3S,电脑配件,699,1,699,支付宝,已完成,无退款
ORD2025001833,2025-10-09 22:42:06,U00432,男,河南省,郑州市,P1005,荣耀 Magic7,手机,4499,1,4499,花呗,退款中,退款中
ORD2025002903,2025-06-21 20:55:50,U00581,男,上海市,上海市,P1001,iPhone 15,手机,4999,2,9998,微信支付,已完成,无退款
ORD2025002955,2025-08-20 00:38:08,U01021,男,江苏省,常州市,P3004,打印机,电脑办公,899,1,899,微信支付,已完成,无退款
ORD2025000889,2025-05-01 11:52:13,U01545,男,浙江省,杭州市,P2003,小米手环 9,数码配件,299,1,299,支付宝,待付款,无退款
ORD2025003550,2025-01-11 03:08:46,U01609,男,湖北省,武汉市,P1005,荣耀 Magic7,手机,4499,4,17996,微信支付,已完成,无退款
ORD2025001038,2025-10-13 15:48:00,U00605,男,广东省,佛山市,P2004,罗技 MX Master 3S,电脑配件,699,2,1398,支付宝,已完成,无退款
ORD2025001019,2025-02-26 01:13:17,U01192,女,上海市,上海市,P2003,小米手环 9,数码配件,299,1,299,银行卡,已完成,无退款
ORD2025002607,2025-11-04 11:31:08,U00309,男,广东省,广州市,P1003,华为 Mate 70,手机,5499,2,10998,银行卡,已完成,无退款
ORD2025003584,2025-01-26 19:20:20,U00196,男,四川省,德阳市,P1003,华为 Mate 70,手机,5499,4,21996,微信支付,已发货,无退款
ORD2025002826,2025-09-10 12:45:27,U00317,女,北京市,北京市,P5002,蒙牛纯牛奶,食品饮料,69,1,69,支付宝,已完成,无退款
ORD2025001364,2025-12-10 22:27:27,U00283,女,山东省,青岛市,P3004,打印机,电脑办公,899,1,899,花呗,已完成,无退款
ORD2025001172,2025-12-20 01:52:37,U00049,男,四川省,成都市,P4001,耐克运动鞋,服饰鞋包,599,4,2396,支付宝,已取消,无退款
ORD2025003505,2025-09-28 15:13:36,U01017,女,山东省,青岛市,P1001,iPhone 15,手机,4999,2,9998,银行卡,待付款,无退款
ORD2025002389,2025-07-26 04:24:59,U01720,女,上海市,上海市,P1005,荣耀 Magic7,手机,4499,2,8998,银行卡,已完成,无退款
ORD2025001273,2025-05-29 04:18:33,U01505,女,陕西省,咸阳市,P4001,耐克运动鞋,服饰鞋包,599,1,599,花呗,已完成,无退款
ORD2025001117,2025-05-04 23:28:17,U01665,男,湖北省,宜昌市,P3004,打印机,电脑办公,899,1,899,微信支付,已完成,无退款
ORD2025000668,2025-04-23 00:37:15,U00212,女,浙江省,宁波市,P1004,小米 15,手机,3999,1,3999,花呗,已完成,已退款
ORD2025003195,2025-03-06 06:27:47,U00243,女,山东省,青岛市,P2003,小米手环 9,数码配件,299,1,299,支付宝,已完成,无退款
ORD2025001404,2025-02-22 18:54:31,U00844,女,河南省,南阳市,P2004,罗技 MX Master 3S,电脑配件,699,2,1398,微信支付,已完成,无退款
ORD2025004065,2025-01-20 09:12:49,U00957,男,北京市,北京市,P2005,机械键盘,电脑配件,399,3,1197,花呗,已取消,无退款
ORD2025004239,2025-10-17 08:26:01,U00723,男,湖北省,襄阳市,P2004,罗技 MX Master 3S,电脑配件,699,1,699,银行卡,已完成,无退款
ORD2025002372,2025-07-17 17:26:50,U00534,女,浙江省,宁波市,P5002,蒙牛纯牛奶,食品饮料,69,2,138,银行卡,已完成,无退款
ORD2025004944,2025-12-06 15:23:57,U01164,女,河南省,郑州市,P3003,机械革命游戏本,电脑办公,6299,1,6299,微信支付,已完成,无退款
ORD2025000938,2025-08-22 03:06:07,U01521,女,江苏省,常州市,P1001,iPhone 15,手机,4999,1,4999,银行卡,已发货,无退款
ORD2025000242,2025-11-21 03:09:59,U01165,女,江苏省,苏州市,P3003,机械革命游戏本,电脑办公,6299,1,6299,花呗,已完成,无退款
ORD2025004256,2025-05-27 01:57:13,U01359,女,江苏省,南京市,P2001,AirPods Pro 2,数码配件,1899,4,7596,花呗,已完成,无退款
ORD2025002740,2025-10-02 17:53:38,U01450,女,山东省,济南市,P1001,iPhone 15,手机,4999,3,14997,银行卡,已完成,无退款
ORD2025003763,2025-04-29 22:44:02,U01475,女,浙江省,宁波市,P5002,蒙牛纯牛奶,食品饮料,69,1,69,支付宝,已取消,无退款
ORD2025002206,2025-09-05 11:23:43,U00846,女,陕西省,宝鸡市,P5001,雀巢咖啡,食品饮料,89,1,89,支付宝,已完成,无退款
ORD2025003573,2025-04-03 02:48:03,U00417,女,湖北省,宜昌市,P3002,联想小新笔记本,电脑办公,4999,1,4999,花呗,已完成,已退款
ORD2025004038,2025-08-12 09:55:09,U01721,男,河南省,洛阳市,P1003,华为 Mate 70,手机,5499,2,10998,微信支付,已完成,无退款
ORD2025000624,2025-03-25 18:03:37,U01610,女,陕西省,宝鸡市,P1005,荣耀 Magic7,手机,4499,2,8998,银行卡,已发货,无退款
ORD2025004690,2025-08-15 16:25:12,U00324,男,湖北省,襄阳市,P2003,小米手环 9,数码配件,299,2,598,花呗,已完成,无退款
ORD2025000434,2025-11-18 23:47:07,U00956,女,湖北省,襄阳市,P4003,优衣库羽绒服,服饰鞋包,799,4,3196,微信支付,退款中,退款中
ORD2025003453,2025-05-27 19:31:00,U00054,男,江苏省,常州市,P5003,三只松鼠坚果,食品饮料,59,3,177,花呗,已完成,无退款
ORD2025002196,2025-11-30 05:28:10,U01551,男,湖北省,宜昌市,P4002,阿迪达斯卫衣,服饰鞋包,399,1,399,花呗,已完成,无退款
ORD2025004926,2025-12-31 15:56:20,U01381,男,浙江省,金华市,P5002,蒙牛纯牛奶,食品饮料,69,2,138,银行卡,退款中,退款中
ORD2025002859,2025-09-21 16:14:43,U00630,男,河南省,南阳市,P1005,荣耀 Magic7,手机,4499,1,4499,微信支付,已完成,无退款
ORD2025003503,2025-02-18 00:01:17,U00319,女,浙江省,杭州市,P1002,iPhone 15 Pro,手机,6999,2,13998,花呗,已完成,无退款
ORD2025003063,2025-11-19 19:44:26,U00195,女,河南省,南阳市,P1003,华为 Mate 70,手机,5499,1,5499,银行卡,已完成,无退款
ORD2025003699,2025-02-09 15:39:25,U01743,男,河南省,郑州市,P1003,华为 Mate 70,手机,5499,3,16497,微信支付,已完成,无退款
ORD2025001505,2025-08-07 06:44:57,U01444,女,陕西省,西安市,P1003,华为 Mate 70,手机,5499,1,5499,微信支付,已完成,无退款
ORD2025003223,2025-01-28 23:44:36,U00790,女,北京市,北京市,P3001,戴尔 27英寸显示器,电脑办公,1499,2,2998,支付宝,已完成,无退款
ORD2025000143,2025-05-12 17:16:47,U00112,女,河南省,南阳市,P2001,AirPods Pro 2,数码配件,1899,1,1899,微信支付,已发货,无退款
ORD2025000200,2025-05-25 07:27:51,U00928,女,广东省,佛山市,P1003,华为 Mate 70,手机,5499,2,10998,微信支付,已发货,无退款
ORD2025004367,2025-10-27 15:01:31,U01089,女,陕西省,宝鸡市,P1003,华为 Mate 70,手机,5499,5,27495,支付宝,已完成,无退款
ORD2025001771,2025-09-05 17:25:52,U00099,女,四川省,成都市,P4001,耐克运动鞋,服饰鞋包,599,1,599,银行卡,已完成,无退款
ORD2025002562,2025-02-16 15:48:00,U00074,女,河南省,南阳市,P1004,小米 15,手机,3999,1,3999,微信支付,已完成,无退款
ORD2025002463,2025-07-02 14:41:03,U01296,男,江苏省,常州市,P5002,蒙牛纯牛奶,食品饮料,69,1,69,微信支付,已完成,无退款
ORD2025001656,2025-08-31 02:49:26,U01761,女,四川省,绵阳市,P5003,三只松鼠坚果,食品饮料,59,1,59,微信支付,待付款,无退款
ORD2025003908,2025-01-24 11:09:28,U01474,女,陕西省,西安市,P5002,蒙牛纯牛奶,食品饮料,69,2,138,支付宝,待付款,无退款
ORD2025000092,2025-04-16 17:57:03,U00855,男,浙江省,杭州市,P5002,蒙牛纯牛奶,食品饮料,69,1,69,花呗,已完成,无退款
ORD2025004851,2025-04-18 07:43:23,U00081,男,浙江省,杭州市,P4002,阿迪达斯卫衣,服饰鞋包,399,1,399,支付宝,已完成,无退款
ORD2025000333,2025-02-05 05:15:28,U01691,男,湖北省,襄阳市,P2002,华为 FreeBuds,数码配件,999,1,999,花呗,已完成,无退款
ORD2025003006,2025-01-29 23:58:21,U01023,女,上海市,上海市,P3001,戴尔 27英寸显示器,电脑办公,1499,1,1499,支付宝,已完成,无退款
ORD2025000243,2025-08-19 04:42:03,U00616,男,山东省,济南市,P3002,联想小新笔记本,电脑办公,4999,1,4999,银行卡,已发货,无退款
ORD2025003875,2025-11-14 23:34:33,U00136,男,湖北省,武汉市,P2002,华为 FreeBuds,数码配件,999,2,1998,微信支付,已完成,无退款
ORD2025002693,2025-12-02 03:31:27,U00261,女,四川省,德阳市,P2003,小米手环 9,数码配件,299,1,299,微信支付,待付款,无退款
ORD2025004992,2025-07-12 04:59:30,U00622,女,山东省,烟台市,P5002,蒙牛纯牛奶,食品饮料,69,2,138,微信支付,已完成,无退款
ORD2025000071,2025-09-29 08:12:10,U01217,男,山东省,济南市,P5002,蒙牛纯牛奶,食品饮料,69,4,276,花呗,已完成,无退款
ORD2025000527,2025-02-05 18:23:31,U00830,女,陕西省,西安市,P2002,华为 FreeBuds,数码配件,999,1,999,支付宝,已完成,无退款
ORD2025004841,2025-12-17 05:48:37,U01096,男,江苏省,南京市,P1001,iPhone 15,手机,4999,2,9998,银行卡,已完成,无退款
ORD2025001375,2025-02-08 01:16:11,U01090,女,四川省,,P3004,打印机,电脑办公,899,4,3596,银行卡,已发货,无退款
ORD2025003158,2025-12-09 10:39:22,U00720,男,河南省,洛阳市,P1005,荣耀 Magic7,手机,4499,2,8998,微信支付,已取消,无退款
ORD2025000453,2025-10-28 00:10:05,U00885,女,河南省,郑州市,P1003,华为 Mate 70,手机,5499,2,10998,银行卡,已完成,无退款
ORD2025002908,2025-12-16 10:11:39,U01788,女,上海市,上海市,P4002,阿迪达斯卫衣,服饰鞋包,399,1,399,银行卡,已完成,无退款
ORD2025000811,2025-01-27 11:21:11,U01036,男,山东省,济南市,P2001,AirPods Pro 2,数码配件,1899,4,7596,微信支付,已完成,无退款
ORD2025003219,2025-03-11 08:22:11,U00934,男,河南省,南阳市,P2003,小米手环 9,数码配件,299,1,299,支付宝,已完成,无退款
ORD2025004855,2025-07-19 23:00:17,U00012,女,上海市,上海市,P5002,蒙牛纯牛奶,食品饮料,69,1,69,银行卡,已完成,无退款
ORD2025004900,2025-03-15 04:29:37,U00236,女,江苏省,常州市,P5001,雀巢咖啡,食品饮料,89,1,89,银行卡,已完成,无退款
ORD2025000341,2025-11-26 03:01:45,U01460,男,陕西省,宝鸡市,P1004,小米 15,手机,3999,1,3999,花呗,已取消,无退款
ORD2025003882,2025-02-25 09:03:56,U01753,男,江苏省,常州市,P1001,iPhone 15,手机,4999,1,4999,支付宝,已完成,无退款
ORD2025000623,2025-07-18 01:40:38,U01055,男,北京市,北京市,P2003,小米手环 9,数码配件,299,1,299,花呗,已发货,无退款
ORD2025001696,2025-11-13 22:32:45,U01447,男,浙江省,宁波市,P2003,小米手环 9,数码配件,299,2,598,微信支付,已完成,无退款
ORD2025003095,2025-07-28 22:17:32,U01220,女,四川省,德阳市,P3002,联想小新笔记本,电脑办公,4999,2,9998,微信支付,已完成,无退款
ORD2025003300,2025-10-18 14:04:44,U00118,男,四川省,绵阳市,,机械键盘,电脑配件,399,3,1197,微信支付,取消,已退款
ORD2025002483,2025-03-18 21:58:08,U00013,女,湖北省,武汉市,P1001,iPhone 15,手机,4999,1,4999,花呗,待付款,无退款
ORD2025001219,2025-11-20 13:30:16,U00899,女,浙江省,宁波市,P1005,荣耀 Magic7,手机,4499,1,4499,花呗,已取消,无退款
ORD2025002554,2025-12-06 17:54:26,U00519,男,四川省,绵阳市,P1002,iPhone 15 Pro,手机,6999,1,6999,支付宝,已完成,无退款
ORD2025001350,2025-11-05 17:30:50,U00772, 女,广东省,深圳市,P5002,蒙牛纯牛奶,食品饮料,69,1,0,花呗,已完成,无退款
ORD2025003131,2025-10-12 19:31:49,U01202,男,北京市,北京市,P2005,机械键盘,电脑配件,399,1,399,花呗,已完成,无退款
ORD2025004766,2025-07-26 17:36:42,U01238,女,上海市,上海市,P4003,优衣库羽绒服,服饰鞋包,799,1,799,银行卡,已完成,无退款
ORD2025004427,2025-07-28 22:43:40,U00146,女,江苏省,常州市,P2004,罗技 MX Master 3S,电脑配件,699,2,1398,银行卡,已完成,无退款
ORD2025002134,2025-11-11 22:12:12,U01157,女,河南省,南阳市,P1005,荣耀 Magic7,手机,4499,2,8998,花呗,已完成,无退款
ORD2025004010,2025-05-16 23:13:14,U00802,女,河南省,南阳市,P2001,AirPods Pro 2,数码配件,1899,1,1899,银行卡,已发货,无退款
ORD2025002313,2025-10-13 01:30:24,U00619,男,湖北省,武汉市,P3003,机械革命游戏本,电脑办公,6299,1,6299,银行卡,已完成,无退款
ORD2025003448,2025-02-05 13:45:19,U01448,女,浙江省,杭州市,P5002,蒙牛纯牛奶,食品饮料,69,1,69,微信支付,已完成,无退款
ORD2025000488,2025-07-08 16:18:24,U00744,女,四川省,成都市,P3001,戴尔 27英寸显示器,电脑办公,1499,1,1499,花呗,已完成,无退款
ORD2025002402,2025-08-04 04:48:41,U01400,女,上海市,上海市,P4001,耐克运动鞋,服饰鞋包,599,2,1198,花呗,已完成,无退款
ORD2025001625,2025-09-23 09:46:59,U00715,女,广东省,广州市,P4001,耐克运动鞋,服饰鞋包,599,1,599,花呗,已完成,无退款
ORD2025003070,2025-06-13 16:06:39,U01489,男,江苏省,苏州市,P1005,荣耀 Magic7,手机,4499,1,4499,支付宝,退款中,退款中
ORD2025002836,2025-08-25 00:46:42,U00154,男,江苏省,苏州市,P2005,机械键盘,电脑配件,399,2,798,花呗,已取消,无退款
ORD2025001336,2025-07-01 13:59:15,U01183,女,广东省,深圳市,P3003,机械革命游戏本,电脑办公,6299,2,12598,银行卡,待付款,无退款
ORD2025003999,2025-06-30 12:30:29,U00336,男,江苏省,无锡市,P2001,AirPods Pro 2,数码配件,1899,2,3798,花呗,已完成,无退款
ORD2025000532,2025-06-21 05:25:09,U01163,男,浙江省,宁波市,P2005,机械键盘,电脑配件,399,1,399,支付宝,已完成,无退款
ORD2025002211,2025-09-01 20:41:17,U01319,男,广东省,佛山市,P1002,iPhone 15 Pro,手机,6999,1,6999,花呗,已完成,无退款
ORD2025003807,2025-02-12 03:10:40,U00336,男,上海市,上海市,P1005,荣耀 Magic7,手机,4499,1,4499,花呗,已完成,无退款
ORD2025000250,2025-05-05 23:20:02,U01638,男,浙江省,宁波市,P3004,打印机,电脑办公,899,2,1798,银行卡,已完成,无退款
ORD2025002549,2025-05-09 09:13:25,U01243,男,北京市,北京市,P1004,小米 15,手机,3999,1,3999,支付宝,已完成,无退款
ORD2025000162,2025-03-06 02:57:31,U01514,女,山东省,济南市,P1001,iPhone 15,手机,4999,1,4999,支付宝,已完成,无退款
ORD2025001301,2025-01-25 04:26:03,U01087,女,北京市,北京市,P3002,联想小新笔记本,电脑办公,4999,4,19996,微信支付,已完成,无退款
ORD2025000153,2025-01-02 22:18:25,U01541,男,湖北省,襄阳市,P3002,联想小新笔记本,电脑办公,4999,1,4999,花呗,已完成,无退款
ORD2025000438,2025-11-21 11:04:42,U00799,男,上海市,上海市,P1004,小米 15,手机,3999,1,3999,微信支付,已完成,已退款
ORD2025000268,2025-02-04 08:30:03,U01489,女,河南省,南阳市,P4002,阿迪达斯卫衣,服饰鞋包,399,1,399,银行卡,已完成,无退款
ORD2025003907,2025-02-23 19:47:09,U00813,女,四川省,绵阳市,P2001,AirPods Pro 2,数码配件,1899,1,1899,支付宝,已完成,无退款
ORD2025002273,2025-02-23 17:03:09,U00894,女,江苏省,苏州市,P3004,打印机,电脑办公,899,1,899,支付宝,已取消,无退款
ORD2025003185,2025-04-25 10:24:35,U00048,男,北京市,北京市,P1004,小米 15,手机,3999,2,7998,微信支付,已完成,无退款
ORD2025003565,2025-08-30 22:38:13,U00999,女,山东省,烟台市,P2005,机械键盘,电脑配件,399,1,399,支付宝,已完成,无退款
ORD2025001081,2025-07-29 01:38:51,U00733,女,湖北省,宜昌市,P4003,优衣库羽绒服,服饰鞋包,799,4,3196,花呗,已完成,无退款
ORD2025004252,2025-12-05 04:05:35,U01525,男,北京市,北京市,P5002,蒙牛纯牛奶,食品饮料,69,3,207,支付宝,已完成,无退款
ORD2025001666,2025-08-01 04:02:41,U01631,女,江苏省,常州市,P3001,戴尔 27英寸显示器,电脑办公,1499,1,1499,支付宝,已完成,无退款
ORD2025002941,2025-09-08 18:00:48, ,男,北京市,北京市,P4003,优衣库羽绒服,服饰鞋包,799,3,2397,支付宝,已完成,无退款
ORD2025002799,2025-09-26 17:06:36,U00012,男,陕西省,咸阳市,P3002,联想小新笔记本,电脑办公,4999,1,4999,银行卡,已完成,无退款
ORD2025003919,2025-06-09 23:37:41,U01490,女,广东省,深圳市,P1001,iPhone 15,手机,4999,2,9998,支付宝,已发货,无退款
ORD2025003962,2025-02-07 06:46:40,U01707,男,江苏省,苏州市,P3001,戴尔 27英寸显示器,电脑办公,1499,1,1499,支付宝,已完成,无退款
ORD2025002613,2025-03-28 05:05:00,U01445,男,广东省,东莞市,P2003,小米手环 9,数码配件,299,1,299,银行卡,已完成,已退款
ORD2025001996,2025-09-21 12:09:59,U01032,男,江苏省,苏州市,P4001,耐克运动鞋,服饰鞋包,599,4,2396,支付宝,已发货,无退款
ORD2025003627,2025-04-29 04:21:34,U01462,男,江苏省,常州市,P5003,三只松鼠坚果,食品饮料,59,2,118,支付宝,待付款,无退款
ORD2025003990,2025-06-24 20:02:21,U00647,男,广东省,广州市,P5001,雀巢咖啡,食品饮料,89,2,178,支付宝,已发货,无退款
ORD2025003373,2025-02-01 13:09:26,U00502,女,河南省,洛阳市,P4001,耐克运动鞋,服饰鞋包,599,1,599,微信支付,已完成,无退款
ORD2025000824,2025-09-17 20:57:05,U00144,女,四川省,德阳市,P4002,阿迪达斯卫衣,服饰鞋包,399,2,798,支付宝,,无退款
ORD2025004419,2025-05-08 10:11:09,U01255,女,广东省,深圳市,P1003,华为 Mate 70,手机,5499,2,10998,银行卡,已完成,无退款
ORD2025000198,2025-01-04 02:57:58,U00447,女,北京市,北京市,P1002,iPhone 15 Pro,手机,6999,1,6999,银行卡,已完成,无退款
ORD2025003211,2025-11-18 06:27:20,U00801,男,湖北省,襄阳市,P5002,蒙牛纯牛奶,食品饮料,69,1,69,银行卡,已完成,无退款
ORD2025001036,2025-02-19 05:16:31,U00884,女,广东省,深圳市,P5003,三只松鼠坚果,食品饮料,59,1,59,微信支付,已完成,无退款
ORD2025003553,2025-02-17 04:20:57,U00323,女,河南省,洛阳市,P1003,华为 Mate 70,手机,5499,1,5499,花呗,退款中,退款中
ORD2025000662,2025-07-09 07:04:24,U00965,男,北京市,北京市,P2005,机械键盘,电脑配件,399,3,1197,支付宝,已取消,无退款
ORD2025000926,2025-10-04 19:55:12,U00007,女,湖北省,宜昌市,P2002,华为 FreeBuds,数码配件,999,1,999,银行卡,已完成,无退款
ORD2025000299,2025-05-08 08:47:52,U00551,女,北京市,北京市,P2004,罗技 MX Master 3S,电脑配件,699,3,2097,银行卡,已完成,无退款
ORD2025001270,2025-09-29 19:43:40,U01673,女,广东省,东莞市,P2002,华为 FreeBuds,数码配件,999,1,999,花呗,已发货,无退款
ORD2025003837,2025-09-15 10:07:50,U01035,女,山东省,烟台市,P4003,优衣库羽绒服,服饰鞋包,799,1,799,银行卡,已完成,无退款
ORD2025003642,2025-05-29 17:17:16,U00674,男,四川省,德阳市,P1001,iPhone 15,手机,4999,1,4999,花呗,已完成,无退款
ORD2025003007,2025-08-14 00:25:03,U01417,男,北京市,北京市,P4003,优衣库羽绒服,服饰鞋包,799,1,799,微信支付,已发货,无退款
ORD2025001138,2025-04-13 12:07:02,U00984,男,北京市,北京市,P1003,华为 Mate 70,手机,5499,4,21996,微信支付,已取消,无退款
ORD2025003764,2025-07-17 22:49:55,U01481,男,北京市,北京市,P1001,iPhone 15,手机,4999,1,4999,支付宝,已发货,无退款
ORD2025001299,2025-12-09 05:53:09,U01133,男,北京市,北京市,P1003,华为 Mate 70,手机,5499,2,10998,银行卡,已完成,无退款
ORD2025001601,2025-03-15 14:15:32,U00719,男,浙江省,温州市,P2004,罗技 MX Master 3S,电脑配件,699,2,1398,微信支付,已完成,已退款
ORD2025004423,2025-12-08 06:24:13,U00781,女,广东省,东莞市,P4002,阿迪达斯卫衣,服饰鞋包,399,1,399,花呗,已完成,无退款
ORD2025000616,2025-02-25 09:48:08,U00658,男,陕西省,西安市,P3004,打印机,电脑办公,899,1,899,花呗,已完成,无退款
ORD2025001176,2025-08-21 11:00:48,U00289,男,湖北省,襄阳市,P4003,优衣库羽绒服,服饰鞋包,799,3,2397,花呗,已完成,无退款
ORD2025004388,2025-08-03 16:03:07,U00225,男,北京市,北京市,P2002,华为 FreeBuds,数码配件,999,3,2997,支付宝,已完成,无退款
ORD2025002765,2025-12-09 15:33:57,U00147,男,北京市,北京市,P5001,雀巢咖啡,食品饮料,89,1,89,支付宝,待付款,无退款
ORD2025000394,2025-02-19 18:37:57,U01013,男,山东省,济南市,P2001,AirPods Pro 2,数码配件,1899,1,1899,支付宝,已完成,无退款
ORD2025004752,2025-01-06 05:50:05,U00047,男,北京市,北京市,P5002,蒙牛纯牛奶,食品饮料,69,1,69,银行卡,已发货,无退款
ORD2025000537,2025-01-08 04:12:42,U00383,男,浙江省,宁波市,P2001,AirPods Pro 2,数码配件,1899,1,1899,微信支付,已完成,已退款
ORD2025002097,2025-06-24 20:35:54,U01209,女,四川省,绵阳市,P3001,戴尔 27英寸显示器,电脑办公,1499,2,2998,花呗,已完成,无退款
ORD2025002110,2025-05-20 08:18:36,U01282,女,浙江省,杭州市,P1002,iPhone 15 Pro,手机,6999,1,6999,支付宝,已完成,无退款
ORD2025004643,2025-01-02 07:20:13,U00423,女,北京市,北京市,P3004,打印机,电脑办公,899,1,899,支付宝,已完成,无退款
ORD2025004188,2025-11-13 08:11:23,U01235,男,北京市,北京市,P1003,华为 Mate 70,手机,5499,1,5499,花呗,已取消,无退款
ORD2025001700,2025-05-21 19:44:26,U00611,女,上海市,上海市,P3002,联想小新笔记本,电脑办公,4999,1,4999,银行卡,已完成,无退款
ORD2025003966,2025-06-11 01:17:46,U00676,男,浙江省,温州市,P2005,机械键盘,电脑配件,399,3,1197,微信支付,待付款,无退款
ORD2025002175,2025-07-09 01:33:01,U00429,男,北京市,北京市,P2002,华为 FreeBuds,数码配件,999,2,1998,花呗,已完成,已退款
ORD2025000585,2025-03-20 08:08:55,U01692,男,河南省,洛阳市,P2002,华为 FreeBuds,数码配件,999,3,2997,微信支付,已取消,无退款
ORD2025002265,2025-02-23 18:37:29,U00741,女,河南省,南阳市,P1005,荣耀 Magic7,手机,4499,4,17996,银行卡,已完成,无退款
ORD2025004781,2025-08-15 05:09:54,U00272,女,陕西省,西安市,P1004,小米 15,手机,3999,1,3999,花呗,已完成,无退款
ORD2025000800,2025-08-10 03:38:38,U00941,男,广东省,广州市,P3004,打印机,电脑办公,899,1,899,银行卡,已取消,无退款
ORD2025003934,2025-11-12 05:40:03,U00027,男,江苏省,苏州市,P1002,iPhone 15 Pro,手机,6999,1,6999,支付宝,已完成,无退款
ORD2025003022,2025-02-14 11:50:14,U00126,男,上海市,上海市,P3002,联想小新笔记本,电脑办公,4999,1,4999,支付宝,已完成,无退款
ORD2025002800,2025-03-22 14:18:06,U00750,女,陕西省,西安市,P1001,iPhone 15,手机,4999,2,9998,花呗,已完成,无退款
ORD2025004549,2025-02-18 20:41:41,U01131,男,上海市,上海市,P4001,耐克运动鞋,服饰鞋包,599,1,599,支付宝,已完成,无退款
ORD2025004063,2025-06-21 16:16:10,U01424,男,湖北省,襄阳市,P2005,机械键盘,电脑配件,399,1,399,花呗,已完成,已退款
ORD2025001755,2025-09-08 13:20:35,U00886,男,山东省,烟台市,P3001,戴尔 27英寸显示器,电脑办公,1499,2,2998,花呗,已完成,无退款
ORD2025000449,2025-08-30 22:39:03,U01086,男,浙江省,宁波市,P2002,华为 FreeBuds,数码配件,999,2,1998,支付宝,已完成,无退款
ORD2025000697,2025-10-17 03:37:40,U00901,女,湖北省,宜昌市,P4003,优衣库羽绒服,服饰鞋包,799,1,799,微信支付,已取消,无退款
ORD2025000045,2025-02-03 01:21:14,U00323,女,江苏省,苏州市,P1005,荣耀 Magic7,手机,4499,1,4499,银行卡,已完成,无退款
ORD2025001328,2025-04-11 08:03:39,U00426,男,浙江省,宁波市,P3003,机械革命游戏本,电脑办公,6299,1,6299,银行卡,已完成,无退款
ORD2025001286,2025-06-06 12:02:19,U00311,女,陕西省,西安市,P4002,阿迪达斯卫衣,服饰鞋包,399,2,798,微信支付,已完成,无退款
ORD2025004626,2025-10-06 01:57:28,U00854,女,江苏省,无锡市,P1001,iPhone 15,手机,4999,3,14997,微信支付,已完成,无退款
ORD2025003915,2025-03-20 21:44:01,U01035,男,四川省,成都市,P5001,雀巢咖啡,食品饮料,89,1,89,银行卡,已完成,无退款
ORD2025003291,2025-03-14 14:59:35,U00787,女,河南省,南阳市,P1001,iPhone 15,手机,4999,2,9998,支付宝,已完成,无退款
ORD2025001028,2025-02-06 20:49:38,U00785,男,广东省,东莞市,P5003,三只松鼠坚果,食品饮料,59,2,118,支付宝,待付款,无退款
ORD2025004481,2025-02-20 02:29:40,U00555, 女,山东省,青岛市,P2001,AirPods Pro 2,数码配件,1899,2,3798,微信支付,退款中,退款中
ORD2025002222,2025-05-02 16:02:10,U01544,男,江苏省,无锡市,P2004,罗技 MX Master 3S,电脑配件,699,1,699,微信支付,已完成,已退款
ORD2025004426,2025-04-21 00:43:19,U00884,女,浙江省,宁波市,P2004,罗技 MX Master 3S,电脑配件,699,5,3495,微信支付,已完成,无退款
ORD2025002465,2025-07-15 12:30:15,U01534,男,上海市,上海市,P2005,机械键盘,电脑配件,399,1,399,支付宝,已完成,无退款
ORD2025002601,2025-07-09 02:02:42,U00734,女,湖北省,襄阳市,P1004,小米 15,手机,3999,1,3999,花呗,已完成,无退款
ORD2025002112,2025-10-28 22:29:22,U00037,男,陕西省,西安市,P1005,荣耀 Magic7,手机,4499,3,13497,银行卡,已完成,无退款
ORD2025003163,2025-08-28 08:01:52,U00606,女,山东省,青岛市,P5003,三只松鼠坚果,食品饮料,59,2,118,花呗,退款中,退款中
ORD2025004789,2025-03-13 02:40:55,U01211,女,上海市,上海市,P4002,阿迪达斯卫衣,服饰鞋包,399,1,399,花呗,已完成,无退款
ORD2025001949,2025-11-02 09:56:34,U00122,女,山东省,青岛市,P4003,优衣库羽绒服,服饰鞋包,799,1,799,微信支付,已完成,无退款
ORD2025003289,2025-01-28 11:49:40,U01723,男,陕西省,宝鸡市,P5002,蒙牛纯牛奶,食品饮料,69,2,138,微信支付,已取消,无退款
ORD2025004494,2025-08-23 00:13:11,U00292,男,陕西省,西安市,P3003,机械革命游戏本,电脑办公,6299,2,12598,银行卡,已完成,无退款
ORD2025001374,2025-01-26 10:09:45,U01453,男,湖北省,襄阳市,P1004,小米 15,手机,3999,1,3999,花呗,已完成,无退款
ORD2025005000,2025-12-15 08:14:18,U01545,男,广东省,广州市,P3003,机械革命游戏本,电脑办公,6299,1,6299,银行卡,已取消,无退款
ORD2025002507,2025-12-27 00:30:11,U00696,女,湖北省,宜昌市,P2001,AirPods Pro 2,数码配件,1899,2,3798,花呗,已完成,无退款
ORD2025002253,2025-06-13 01:58:58,U01629,女,浙江省,宁波市,P2002,华为 FreeBuds,数码配件,999,1,999,微信支付,已完成,无退款
ORD2025003479,2025-05-10 14:40:28,U00831,男,四川省,成都市,P4001,耐克运动鞋,服饰鞋包,599,1,599,银行卡,已完成,无退款
ORD2025004045,2025-04-13 15:48:01,U01676,男,陕西省,西安市,P2003,小米手环 9,数码配件,299,2,598,花呗,已完成,无退款
ORD2025001748,2025-07-22 19:58:35,U00105,男,陕西省,咸阳市,P2003,小米手环 9,数码配件,299,5,1495,花呗,已完成,无退款
ORD2025001655,2025-07-02 11:54:08,U00995,女,江苏省,南京市,P1001,iPhone 15,手机,4999,2,9998,支付宝,已完成,无退款
ORD2025003168,2025-02-24 11:25:05,U00020,男,四川省,成都市,P4001,耐克运动鞋,服饰鞋包,599,1,599,微信支付,已发货,无退款
ORD2025001379,2025-06-24 13:44:31,U01198,男,陕西省,西安市,P1002,iPhone 15 Pro,手机,6999,1,6999,支付宝,已取消,无退款
ORD2025001965,2025-09-03 01:16:22,U00110,男,江苏省,南京市,P1003,华为 Mate 70,手机,5499,4,21996,银行卡,已完成,已退款
ORD2025004012,2025-11-17 18:19:30,U00260,男,四川省,绵阳市,P2004,罗技 MX Master 3S,电脑配件,699,2,1398,银行卡,已发货,无退款
ORD2025002814,2025-04-28 09:56:01,U00857,女,四川省,成都市,P2001,AirPods Pro 2,数码配件,1899,1,1899,微信支付,已发货,无退款
ORD2025004945,2025-08-17 18:54:31,U01444,男,北京市,北京市,P1004,小米 15,手机,3999,3,11997,花呗,已完成,无退款
ORD2025000675,2025-02-14 07:11:53,U01528,女,江苏省,苏州市,P2002,华为 FreeBuds,数码配件,999,4,3996,花呗,已发货,无退款
ORD2025002981,2025-09-14 04:14:44,U00391,男,广东省,佛山市,P4001,耐克运动鞋,服饰鞋包,599,2,1198,银行卡,已完成,无退款
ORD2025003074,2025-10-13 12:42:34,U01780,男,上海市,上海市,P2001,AirPods Pro 2,数码配件,1899,1,1899,花呗,已完成,无退款
ORD2025002527,2025-13-45 25:61:00, ,女,广东省,广州市,P4001,耐克运动鞋,服饰鞋包,599,1,599,花呗,已完成,无退款
ORD2025001893,2025-10-02 10:47:50,U01666,女,湖北省,襄阳市,P4003,优衣库羽绒服,服饰鞋包,799,1,799,花呗,已完成,无退款
ORD2025000170,2025-11-01 20:58:31,U00071,男,河南省,郑州市,P3004,打印机,电脑办公,899,1,899,花呗,已完成,无退款
ORD2025004021,2025-08-09 10:09:11,U00193,男,陕西省,咸阳市,P2002,华为 FreeBuds,数码配件,999,1,999,支付宝,已完成,无退款
ORD2025001056,2025-05-31 18:30:40,U00370,女,江苏省,苏州市,P3001,戴尔 27英寸显示器,电脑办公,1499,1,1499,花呗,已完成,无退款
ORD2025003068,2025-12-17 00:02:50,U00786,男,北京市,北京市,P3001,戴尔 27英寸显示器,电脑办公,1499,1,1499,微信支付,已完成,无退款
ORD2025001278,2025-08-22 02:02:45,U01776,女,上海市,上海市,P3001,戴尔 27英寸显示器,电脑办公,1499,1,1499,花呗,已完成,无退款
ORD2025000371,2025-01-26 23:18:19,U01098,女,上海市,上海市,P2003,小米手环 9,数码配件,299,1,299,银行卡,已发货,无退款
ORD2025001729,2025-11-07 02:06:26,U01734,男,湖北省,宜昌市,P3002,联想小新笔记本,电脑办公,4999,4,19996,支付宝,已完成,无退款
ORD2025000633,2025-04-28 12:28:36,U00630,女,陕西省,西安市,P2005,机械键盘,电脑配件,399,1,399,微信支付,已发货,无退款
ORD2025000194,2025-04-25 16:29:27,U01679,男,河南省,郑州市,P1001,iPhone 15,手机,4999,2,9998,银行卡,已取消,无退款
ORD2025004192,2025-04-03 09:53:00,U00141,女,湖北省,宜昌市,P2003,小米手环 9,数码配件,299,1,299,银行卡,已完成,已退款
ORD2025004311,2025-05-26 07:56:56,U00881,男,四川省,绵阳市,P5002,蒙牛纯牛奶,食品饮料,69,2,138,微信支付,已发货,无退款
ORD2025000331,2025-03-09 23:33:59,U01303,男,北京市,北京市,P3004,打印机,电脑办公,899,1,899,花呗,已完成,无退款
ORD2025000886,2025-01-23 08:57:57,U00041,女,浙江省,宁波市,P3001,戴尔 27英寸显示器,电脑办公,1499,3,4497,花呗,已完成,无退款
ORD2025001922,2025-03-14 03:31:40,U00606,男,浙江省,温州市,P5003,三只松鼠坚果,食品饮料,59,3,177,银行卡,已完成,无退款
ORD2025002269,2025-08-04 10:28:42,U01188,男,江苏省,常州市,P2005,机械键盘,电脑配件,399,1,399,花呗,已完成,已退款
ORD2025004976,2025-06-14 19:17:16,U00856,男,山东省,烟台市,P3002,联想小新笔记本,电脑办公,4999,1,4999,花呗,已完成,无退款
ORD2025004694,2025-09-20 23:07:37,U00073,男,河南省,洛阳市,P1004,小米 15,手机,3999,2,7998,银行卡,已完成,无退款
ORD2025003247,2025-03-03 05:12:03,U00256,女,四川省,绵阳市,P5003,三只松鼠坚果,食品饮料,59,1,59,银行卡,已发货,无退款
ORD2025004161,2025-03-09 11:39:15,U00226,女,浙江省,杭州市,P1005,荣耀 Magic7,手机,4499,1,4499,花呗,已完成,无退款
ORD2025001306,2025-01-25 00:16:03,U01781,男,广东省,佛山市,P3001,戴尔 27英寸显示器,电脑办公,1499,1,1499,银行卡,已完成,无退款
ORD2025002848,2025-12-07 20:28:36,U00452,女,湖北省,襄阳市,P4002,阿迪达斯卫衣,服饰鞋包,399,1,399,支付宝,已完成,无退款
ORD2025003660,2025-07-15 13:13:17,U00071,男,河南省,郑州市,P1005,荣耀 Magic7,手机,4499,1,4499,银行卡,已完成,无退款
ORD2025004725,2025-11-02 23:29:22,U00285,女,江苏省,无锡市,P3001,戴尔 27英寸显示器,电脑办公,1499,2,2998,银行卡,退款中,退款中
ORD2025003276,2025-08-05 02:20:59,U00074,男,河南省,郑州市,P2001,AirPods Pro 2,数码配件,1899,1,1899,支付宝,已完成,无退款
ORD2025004436,2025-08-21 07:43:39,U00703,女,四川省,成都市,P1005,荣耀 Magic7,手机,4499,1,4499,支付宝,已发货,无退款
ORD2025003500,2025-06-25 11:31:20,U01489,女,浙江省,金华市,P1002,iPhone 15 Pro,手机,6999,2,13998,花呗,已完成,无退款
ORD2025004072,2025-05-24 19:37:23,U00868,男,陕西省,宝鸡,P2003,小米手环 9,数码配件,299,1,299,花呗,已完成,无退款
ORD2025004051,2025-03-20 04:49:49,U00419,男,广东省,东莞市,P3004,打印机,电脑办公,899,1,899,支付宝,已完成,无退款
ORD2025001641,2025-11-04 12:28:09,U00611,女,湖北省,武汉市,P2005,机械键盘,电脑配件,399,1,399,银行卡,已完成,无退款
ORD2025001387,2025-02-11 08:28:05,U01557,女,河南省,洛阳市,P4002,阿迪达斯卫衣,服饰鞋包,399,1,399,银行卡,待付款,无退款
ORD2025001483,2025-04-28 11:51:57,U01753,男,上海市,上海市,P2004,罗技 MX Master 3S,电脑配件,699,1,699,花呗,已完成,无退款
ORD2025001143,2025-07-13 23:55:35,U00992,女,河南省,南阳市,P3004,打印机,电脑办公,899,2,1798,花呗,已完成,无退款
ORD2025000812,2025-08-04 18:15:02,U01781,男,浙江省,杭州市,P2003,小米手环 9,数码配件,299,1,299,微信支付,已发货,无退款
ORD2025004874,2025-06-18 15:24:17,U00236,男,山东省,青岛市,P1003,华为 Mate 70,手机,5499,2,10998,花呗,已完成,无退款
ORD2025002583,2025-02-16 18:53:08,U00461,女,广东省,广州市,P2004,罗技 MX Master 3S,电脑配件,699,3,2097,银行卡,已发货,无退款
ORD2025004149,2025-06-23 03:31:45,U00533,女,北京市,北京市,P3003,机械革命游戏本,电脑办公,6299,1,6299,花呗,已完成,无退款
ORD2025003655,2025-04-10 11:16:17,U00662,男,陕西省,咸阳市,P3004,打印机,电脑办公,899,1,899,微信支付,已完成,无退款
ORD2025004001,2025-07-21 03:01:23,U01403,男,浙江省,金华市,P3004,打印机,电脑办公,899,1,899,银行卡,已发货,无退款
ORD2025003198,2025-01-21 00:37:06,U00562,男,山东省,青岛市,P3004,打印机,电脑办公,899,1,899,花呗,已完成,无退款
ORD2025004625,2025-01-30 13:58:42,U01018,男,浙江省,宁波市,P4001,耐克运动鞋,服饰鞋包,599,3,1797,支付宝,已完成,无退款
ORD2025002467,2025-01-14 20:47:18,U00903,男,广东省,深圳市,P2003,小米手环 9,数码配件,299,1,299,支付宝,已完成,无退款
ORD2025001208,2025-07-31 21:01:40,U01373,男,广东省,广州市,P5002,蒙牛纯牛奶,食品饮料,69,1,69,银行卡,已发货,无退款
ORD2025000104,2025-06-29 18:21:15,U00832,男,陕西省,宝鸡市,P4002,阿迪达斯卫衣,服饰鞋包,399,4,1596,微信支付,已完成,无退款
ORD2025003511,2025-04-05 05:32:19,U00151,女,河南省,洛阳市,P2002,华为 FreeBuds,数码配件,999,1,999,银行卡,已完成,无退款
ORD2025001998,2025-05-08 02:45:41,U00682,女,上海市,上海市,P2005,机械键盘,电脑配件,399,2,798,微信支付,已完成,无退款
ORD2025000638,2025-05-07 23:57:34,U01270,女,北京市,北京市,P3003,机械革命游戏本,电脑办公,6299,2,12598,支付宝,已完成,无退款
ORD2025002413,2025-03-21 08:05:37,U00224,女,山东省,烟台市,P4003,优衣库羽绒服,服饰鞋包,799,2,1598,银行卡,已完成,无退款
ORD2025002201,2025-05-27 13:49:55,U01774,男,浙江省,杭州市,P4002,阿迪达斯卫衣,服饰鞋包,399,3,1197,花呗,已完成,无退款
ORD2025003054,2025-07-21 07:59:29,U00527,男,广东省,东莞市,P2005,机械键盘,电脑配件,399,1,399,花呗,已完成,无退款
ORD2025000552,2025-08-07 21:44:55,U00998,男,湖北省,武汉市,P2002,华为 FreeBuds,数码配件,999,3,2997,支付宝,已完成,无退款
ORD2025000326,2025-10-16 07:16:18,U00666,男,河南省,南阳市,P3002,联想小新笔记本,电脑办公,4999,1,4999,花呗,已完成,无退款
ORD2025000786,2025-03-12 07:33:44,U01423,男,陕西省,咸阳市,P5002,蒙牛纯牛奶,食品饮料,69,2,138,银行卡,已完成,已退款
ORD2025001333,2025-07-27 12:12:58,U01718,男,上海市,上海市,P3002,联想小新笔记本,电脑办公,4999,1,4999,微信支付,已完成,无退款
ORD2025004476,2025-05-07 12:26:42,U01364,男,江苏省,南京市,P2003,小米手环 9,数码配件,299,1,299,银行卡,已完成,无退款
ORD2025003925,2025-08-17 13:00:20,U01054,女,上海市,上海市,P1005,荣耀 Magic7,手机,4499,1,4499,银行卡,已完成,无退款
ORD2025000095,2025-05-27 21:56:06,U01125,男,河南省,南阳市,P1001,iPhone 15,手机,4999,2,9998,支付宝,已取消,无退款
ORD2025004358,2025-07-01 16:36:12,U00178,男,江苏省,常州市,P5001,雀巢咖啡,食品饮料,89,4,356,花呗,已完成,无退款
ORD2025003543,2025-10-28 20:36:31,U01063,女,湖北省,武汉市,P2005,机械键盘,电脑配件,399,1,399,银行卡,已完成,无退款
ORD2025001946,2025-03-12 10:48:18,U00385,女,广东省,深圳市,P1002,iPhone 15 Pro,手机,6999,2,13998,微信支付,已完成,无退款
ORD2025000042,2025-05-28 19:05:48,U00327,女,浙江省,杭州市,P3003,机械革命游戏本,电脑办公,6299,1,6299,支付宝,已完成,无退款
ORD2025002798,2025-05-03 17:00:28,U00601,男,四川省,成都市,P4001,耐克运动鞋,服饰鞋包,599,1,599,花呗,已完成,无退款
ORD2025002823,2025-12-01 03:19:40,U00563,男,山东省,烟台市,P5001,,食品饮料,89,2,178,支付宝,已发货,无退款
ORD2025002233,2025-04-21 04:17:58,U01191,男,陕西省,咸阳市,P4002,阿迪达斯卫衣,服饰鞋包,399,2,798,支付宝,已完成,无退款
ORD2025002185,2025-12-06 20:38:12,U00726,男,四川省,德阳市,P4002,阿迪达斯卫衣,服饰鞋包,399,1,399,支付宝,已完成,已退款
ORD2025002499,2025-11-08 13:06:30,U01035,男,湖北省,襄阳市,P3003,机械革命游戏本,电脑办公,6299,1,6299,银行卡,已完成,无退款
ORD2025004240,2025-09-19 04:43:12,U00063,男,山东省,烟台市,P2002,华为 FreeBuds,数码配件,999,1,999,支付宝,已取消,无退款
ORD2025003277,2025-09-19 13:14:06,U01093,女,江苏省,常州市,P1003,华为 Mate 70,手机,5499,1,5499,银行卡,退款中,退款中
ORD2025004882,2025-02-10 07:31:45,U01124,男,北京市,北京市,P3001,戴尔 27英寸显示器,电脑办公,1499,1,1499,微信支付,已完成,无退款
ORD2025003897,2025-03-03 15:56:51,U01758,男,四川省,德阳市,P2005,机械键盘,电脑配件,399,1,399,支付宝,已完成,无退款
ORD2025004262,2025-03-26 06:03:17,U01738,女,江苏省,苏州市,P4002,阿迪达斯卫衣,服饰鞋包,399,1,399,花呗,已发货,无退款
ORD2025002017,2025-12-03 21:39:23,U00530,男,河南省,南阳市,P2004,罗技 MX Master 3S,电脑配件,699,1,699,支付宝,已取消,无退款
ORD2025001510,2025-12-17 03:03:05,U00638,男,北京市,北京市,P3001,戴尔 27英寸显示器,电脑办公,1499,2,2998,支付宝,已发货,无退款
ORD2025000570,2025-02-14 07:06:11,U01302,男,北京市,北京市,P4002,阿迪达斯卫衣,服饰鞋包,399,1,399,银行卡,已完成,无退款
ORD2025001033,2025-02-20 09:56:52,U01796,女,四川省,成都市,P3001,戴尔 27英寸显示器,电脑办公,1499,1,1499,支付宝,已完成,无退款
ORD2025003872,2025-08-14 23:36:29,U00542,男,河南省,洛阳市,P1002,iPhone 15 Pro,手机,6999,1,6999,银行卡,已完成,无退款
ORD2025001930,2025-01-24 06:06:35,U00437,女,湖北省,襄阳市,P2004,罗技 MX Master 3S,电脑配件,699,2,1398,花呗,已完成,无退款
ORD2025002470,2025-05-06 23:29:02,U00466,女,北京市,北京市,P3001,戴尔 27英寸显示器,电脑办公,1499,1,1499,支付宝,已完成,无退款
ORD2025004059,2025-05-20 09:38:40,U01128,男,陕西省,西安市,P1003,华为 Mate 70,手机,5499,2,10998,银行卡,已完成,无退款
ORD2025004955,2025-04-22 09:07:40,U01677,男,浙江省,金华市,P2004,罗技 MX Master 3S,电脑配件,699,1,699,微信支付,已发货,无退款
ORD2025003081,2025-08-10 17:12:11,U01497,女,陕西省,西安市,P2005,机械键盘,电脑配件,399,1,399,微信支付,已完成,无退款
ORD2025001621,2025-01-06 15:48:03,U00803,男,陕西省,咸阳市,P2002,华为 FreeBuds,数码配件,999,1,999,微信支付,已完成,无退款
ORD2025001089,2025-09-21 07:27:56,U00895,女,湖北省,襄阳市,P1003,华为 Mate 70,手机,5499,1,5499,银行卡,已完成,无退款
ORD2025002172,2025-02-05 19:41:16,U00780,男,陕西省,宝鸡市,P3002,联想小新笔记本,电脑办公,4999,1,4999,银行卡,已完成,无退款
ORD2025004624,2025-03-10 08:46:12,U01363,男,浙江省,宁波市,P5002,蒙牛纯牛奶,食品饮料,69,1,69,银行卡,已完成,无退款
ORD2025000821,2025-04-16 10:09:18,U00639,女,北京市,北京市,P3001,戴尔 27英寸显示器,电脑办公,1499,1,1499,银行卡,已完成,无退款
ORD2025004455,2025-03-31 00:58:41,U01126,男,北京市,北京市,P4001,耐克运动鞋,服饰鞋包,599,2,1198,微信支付,已完成,无退款
ORD2025003800,2025-02-15 06:13:38,U01644,女,河南省,洛阳市,P5001,雀巢咖啡,食品饮料,89,2,178,银行卡,已完成,无退款
ORD2025000098,2025-06-16 00:28:17,U00007,女,浙江省,杭州市,P5003,三只松鼠坚果,食品饮料,59,1,59,支付宝,已完成,无退款
ORD2025002451,2025-06-07 03:49:44,U00151,女,陕西省,西安市,P4003,优衣库羽绒服,服饰鞋包,799,1,799,银行卡,已完成,无退款
ORD2025002324,2025-05-15 09:28:06,U01504,男,四川省,成都市,P3003,机械革命游戏本,电脑办公,6299,1,6299,花呗,已完成,无退款
ORD2025004003,2025-02-18 04:02:08,U00383,男,上海市,上海市,P1002,iPhone 15 Pro,手机,6999,1,6999,微信支付,已完成,无退款
ORD2025002446,2025-09-26 13:45:29,U01397,男,山东省,烟台市,P1003,华为 Mate 70,手机,5499,1,5499,花呗,待付款,无退款
ORD2025000183,2025-03-08 02:46:37,U00387,女,山东省,烟台市,P2002,华为 FreeBuds,数码配件,999,1,999,花呗,已完成,无退款
ORD2025000002,2025-08-31 16:38:43,U01432,女,山东省,青岛市,P5001,雀巢咖啡,食品饮料,89,1,89,微信支付,已完成,无退款
ORD2025003677,2025-01-28 19:35:21,U01529,女,河南省,洛阳市,P1002,iPhone 15 Pro,手机,6999,1,6999,花呗,已完成,无退款
ORD2025001945,2025-05-20 18:02:00,U00507,女,广东省,佛山市,P2003,小米手环 9,数码配件,299,1,299,微信支付,已完成,无退款
ORD2025003616,2025-05-20 13:10:47,U01012,女,山东省,济南市,P3004,打印机,电脑办公,899,1,899,花呗,已完成,已退款
ORD2025004993,2025-01-12 12:15:21,U01449,男,四川省,德阳市,P2004,罗技 MX Master 3S,电脑配件,699,1,699,微信支付,已完成,无退款
ORD2025001661,2025-08-07 20:17:42,U00867,女,北京市,北京市,P4001,耐克运动鞋,服饰鞋包,599,1,599,花呗,已完成,无退款
ORD2025004680,2025-10-15 16:45:07,U01387,女,浙江省,宁波市,P5001,雀巢咖啡,食品饮料,89,2,178,银行卡,已完成,无退款
ORD2025001787,2025-02-15 02:58:02,U00045,女,河南省,洛阳市,P4002,阿迪达斯卫衣,服饰鞋包,399,1,399,银行卡,已完成,已退款
ORD2025000881,2025-11-21 22:36:37,U00700,女,浙江省,杭州市,P1003,华为 Mate 70,手机,5499,1,5499,花呗,已完成,无退款
ORD2025001669,2025-12-19 17:26:10,U00502,女,上海市,上海市,P1005,荣耀 Magic7,手机,4499,1,4499,支付宝,已完成,无退款
ORD2025004466,2025-12-03 22:16:01,U00417,女,陕西省,咸阳市,P3003,机械革命游戏本,电脑办公,6299,1,6299,银行卡,已完成,无退款
ORD2025004837,2025-06-01 00:07:16,U00707,女,湖北省,武汉市,P5003,三只松鼠坚果,食品饮料,59,2,118,花呗,已完成,无退款
ORD2025004923,2025-04-22 12:01:19,U00919,女,上海市,上海市,P3001,戴尔 27英寸显示器,电脑办公,1499,2,2998,微信支付,退款中,退款中
ORD2025000818,2025-09-20 16:55:07,U00299,女,湖北省,襄阳市,P2004,罗技 MX Master 3S,电脑配件,699,1,699,微信支付,已完成,无退款
ORD2025004255,2025-04-15 02:54:02,U01538,女,陕西省,宝鸡市,P2004,罗技 MX Master 3S,电脑配件,699,1,699,花呗,已完成,无退款
ORD2025004551,2025-07-27 17:05:16,U01144,女,广东省,东莞市,P3002,联想小新笔记本,电脑办公,4999,1,4999,银行卡,退款中,退款中
ORD2025003305,2025-01-13 17:12:27,U00101,女,上海市,上海市,P1004,小米 15,手机,3999,4,15996,银行卡,已完成,无退款
ORD2025000273,2025-07-05 23:57:07,U00530,男,上海市,上海市,P2002,华为 FreeBuds,数码配件,999,1,999,花呗,已完成,无退款
ORD2025001157,2025-04-20 01:10:01,U00671,男,江苏省,常州市,P2001,AirPods Pro 2,数码配件,1899,2,3798,银行卡,已取消,无退款
ORD2025001076,2025-02-04 12:23:44,U00729,女,江苏省,无锡市,P3001,戴尔 27英寸显示器,电脑办公,1499,1,1499,银行卡,已完成,无退款
ORD2025000864,2025-01-23 05:22:36,U01127,男,陕西省,宝鸡市,P4001,耐克运动鞋,服饰鞋包,599,2,1198,银行卡,已取消,无退款
ORD2025004475,2025-03-22 18:05:28,U00039,男,陕西省,宝鸡市,P2001,AirPods Pro 2,数码配件,1899,1,1899,花呗,已完成,无退款
ORD2025003194,2025-03-03 06:37:30,U00847,男,陕西省,宝鸡市,P4001,耐克运动鞋,服饰鞋包,599,1,599,银行卡,已发货,无退款
ORD2025004323,2025-12-12 02:18:27,U00090,男,陕西省,咸阳市,P3001,戴尔 27英寸显示器,电脑办公,1499,2,2998,微信支付,已完成,无退款
ORD2025002140,2025-10-04 03:53:36,U00600,男,上海市,上海市,P4001,耐克运动鞋,服饰鞋包,599,4,2396,支付宝,待付款,无退款
ORD2025001699,2025-06-18 14:40:01,U01659,男,四川省,成都市,P1001,iPhone 15,手机,4999,1,4999,支付宝,已完成,无退款
ORD2025002935,2025-06-01 17:49:17,U01030,男,浙江省,温州市,P1001,iPhone 15,手机,4999,3,14997,微信支付,已取消,无退款
ORD2025002203,2025-10-02 03:26:52,U01175,男,四川省,成都市,P2002,华为 FreeBuds,数码配件,999,2,1998,花呗,已发货,无退款
ORD2025001145,2025-10-13 02:11:43,U00112,男,北京市,北京市,P3003,机械革命游戏本,电脑办公,6299,1,6299,花呗,已完成,无退款
ORD2025002797,2025-11-01 11:00:54,U00012,男,湖北省,襄阳市,P1001,iPhone 15,手机,4999,2,9998,银行卡,已完成,无退款
ORD2025003974,2025-09-02 15:33:45,U01738,男,广东省,深圳市,P1003,华为 Mate 70,手机,5499,3,16497,花呗,已完成,无退款
ORD2025000715,2025-05-14 06:29:22,U01150,女,河南省,南阳市,P4002,阿迪达斯卫衣,服饰鞋包,399,3,1197,微信支付,已完成,无退款
ORD2025003078,2025-01-12 13:17:06,U00536,女,上海市,上海市,P4002,阿迪达斯卫衣,服饰鞋包,399,1,399,微信支付,已完成,已退款
ORD2025000420,2025-07-22 19:34:16,U01127,女,上海市,上海市,P1003,华为 Mate 70,手机,5499,1,5499,银行卡,已完成,无退款
ORD2025004347,2025-04-25 08:16:52,U00686,男,江苏省,无锡市,P2001,AirPods Pro 2,数码配件,1899,2,3798,支付宝,已完成,无退款
ORD2025003108,2025-11-02 20:25:01,U01045,女,山东省,烟台市,P2003,小米手环 9,数码配件,299,1,299,微信支付,已完成,无退款
ORD2025004628,2025-06-25 06:20:52,U00334,男,四川省,成都市,P3001,戴尔 27英寸显示器,电脑办公,1499,2,2998,银行卡,已完成,无退款
ORD2025004112,2025-08-09 21:55:18,U01151,女,上海市,上海市,P2005,机械键盘,电脑配件,399,3,1197,花呗,已完成,无退款
ORD2025001581,2025-06-30 12:27:54,U00225,女,上海市,上海市,P2001,AirPods Pro 2,数码配件,1899,2,3798,支付宝,已完成,无退款
ORD2025000510,2025-08-28 18:37:42,U00470,女,江苏省,苏州市,P2002,华为 FreeBuds,数码配件,999,1,999,银行卡,已发货,无退款
ORD2025001147,2025-09-16 08:12:11,U00851,女,四川省,绵阳市,P1003,华为 Mate 70,手机,5499,1,5499,支付宝,已发货,无退款
ORD2025003391,2025-06-01 22:02:43,U01179,男,广东省,佛山市,P4002,阿迪达斯卫衣,服饰鞋包,399,2,798,银行卡,已完成,无退款
ORD2025002715,2025-06-22 11:31:18,U00845,未知,陕西省,西安市,P1002,iPhone 15 Pro,手机,6999,4,27996,支付宝,已完成,无退款
ORD2025000963,2025-08-15 04:47:40,U01410,男,广东省,广州市,P3003,机械革命游戏本,电脑办公,6299,2,12598,花呗,已完成,无退款
ORD2025003612,2025-12-09 22:20:38,U01193,男,北京市,北京市,P2002,华为 FreeBuds,数码配件,999,1,999,银行卡,已发货,无退款
ORD2025000057,2025-09-07 01:19:47,U01721,男,北京市,北京市,P1004,小米 15,手机,3999,1,3999,银行卡,已完成,无退款
ORD2025002401,2025-06-23 01:20:00,U01706,女,浙江省,金华市,P1001,iPhone 15,手机,4999,4,19996,支付宝,已取消,无退款
ORD2025000994,2025-09-10 04:11:08,U00476,女,广东省,东莞市,P4001,耐克运动鞋,服饰鞋包,599,4,2396,支付宝,待付款,无退款
ORD2025002991,2025-11-26 10:30:00,U01778,女,河南省,郑州市,P1001,iPhone 15,手机,4999,1,4999,花呗,已发货,无退款
ORD2025001938,2025-07-02 00:45:44,U01640,女,河南省,洛阳市,P1005,荣耀 Magic7,手机,4499,1,4499,微信支付,已完成,无退款
ORD2025001220,2025-08-09 10:19:29,U01594,男,山东省,青岛市,P3001,戴尔 27英寸显示器,电脑办公,1499,1,1499,银行卡,已完成,无退款
ORD2025004593,2025-01-30 05:42:57,U00410,女,山东省,济南市,P2004,罗技 MX Master 3S,电脑配件,699,2,1398,微信支付,已完成,无退款
ORD2025004413,2025-07-07 04:59:10,U00998,女,上海市,上海市,P4001,耐克运动鞋,服饰鞋包,599,1,599,微信支付,待付款,无退款
ORD2025003846,2025-01-16 23:55:22,U01196,女,陕西省,咸阳市,P3003,机械革命游戏本,电脑办公,6299,2,12598,微信支付,已发货,无退款
ORD2025001866,2025-10-07 08:42:42,U01694,女,北京市,北京市,P1003,华为 Mate 70,手机,5499,2,10998,支付宝,已完成,无退款
ORD2025003134,2025-09-05 06:42:21,U00752,男,河南省,洛阳市,P1005,荣耀 Magic7,手机,4499,1,4499,花呗,已完成,无退款
ORD2025003280,2025-09-28 17:28:20,U00886,男,湖北省,襄阳市,P5001,雀巢咖啡,食品饮料,89,1,89,支付宝,已完成,无退款
ORD2025004166,2025-02-11 09:51:16,U01130,女,上海市,上海市,P5001,雀巢咖啡,食品饮料,89,2,178,微信支付,已取消,无退款
ORD2025002275,2025-02-03 13:41:15,U01684,男,河南省,南阳市,P4003,优衣库羽绒服,服饰鞋包,799,1,799,微信支付,已完成,无退款
ORD2025000922,2025-07-08 09:54:46,U01236,男,浙江省,杭州市,P4003,优衣库羽绒服,服饰鞋包,799,1,799,微信支付,已完成,无退款
ORD2025004224,2025-08-28 11:43:45,U00576,男,浙江省,温州市,P1005,荣耀 Magic7,手机,4499,4,17996,支付宝,已发货,无退款
ORD2025004143,2025-05-16 22:20:59,U00338,女,浙江省,金华市,P2005,机械键盘,电脑配件,399,2,798,微信支付,已完成,无退款
ORD2025001943,2025-04-25 14:47:45,U01022,女,山东省,青岛市,P1004,小米 15,手机,3999,1,3999,支付宝,已完成,无退款
ORD2025003574,2025-08-11 04:47:26,U01308,男,上海市,上海市,P5001,雀巢咖啡,食品饮料,89,1,89,支付宝,已完成,无退款
ORD2025000700,2025-10-12 10:23:16,U00133,男,上海市,上海市,P3003,机械革命游戏本,电脑办公,6299,4,25196,微信支付,已完成,无退款
ORD2025003884,2025-11-04 19:30:22,U01299,女,北京市,北京市,P5001,雀巢咖啡,食品饮料,89,3,267,微信支付,已完成,无退款
ORD2025002889,2025-12-22 06:30:33,U00359,女,湖北省,宜昌市,P5003,三只松鼠坚果,食品饮料,59,1,59,微信支付,已完成,无退款
ORD2025001369,2025-10-02 02:46:27,U00156,女,浙江省,宁波市,P3003,机械革命游戏本,电脑办公,6299,2,12598,支付宝,已发货,无退款
ORD2025002241,2025-06-19 02:56:04,U01425,男,北京市,北京市,P2002,华为 FreeBuds,数码配件,999,1,999,支付宝,已完成,已退款
ORD2025001127,2025-10-19 04:57:44,U00840,女,北京市,北京市,P2004,罗技 MX Master 3S,电脑配件,699,1,699,花呗,已完成,无退款
ORD2025004990,2025-03-12 12:59:15,U01150,女,浙江省,金华市,P5001,雀巢咖啡,食品饮料,89,1,89,支付宝,已取消,无退款
ORD2025002694,2025-06-23 10:27:17,U01792,女,浙江省,温州市,P2004,罗技 MX Master 3S,电脑配件,699,2,1398,支付宝,退款中,退款中
ORD2025000327,2025-08-31 08:53:15,U00308,女,陕西省,宝鸡市,P3004,打印机,电脑办公,899,1,899,银行卡,已完成,无退款
ORD2025001577,2025-08-08 07:50:45,U00133,男,广东省,东莞市,P4003,优衣库羽绒服,服饰鞋包,799,1,799,支付宝,已完成,无退款
ORD2025003349,2025-01-15 04:20:21,U00359,男,北京市,北京市,P3001,戴尔 27英寸显示器,电脑办公,1499,1,1499,微信支付,已发货,无退款
ORD2025004531,2025-10-30 17:50:33,U00781,女,四川省,绵阳市,P1002,iPhone 15 Pro,手机,6999,1,6999,花呗,已取消,无退款
ORD2025004327,2025-03-26 13:38:15,U01595,女,四川省,绵阳市,P4002,阿迪达斯卫衣,服饰鞋包,399,2,798,支付宝,待付款,无退款
ORD2025000101,2025-06-01 17:16:49,U00585,女,广东省,东莞市,P3004,打印机,电脑办公,899,1,899,支付宝,已完成,无退款
ORD2025001047,2025-08-03 17:18:35,U01325,男,四川省,成都市,P1004,小米 15,手机,3999,1,3999,微信支付,已取消,无退款
ORD2025001872,2025-02-27 00:38:55,U01011,男,上海市,上海市,P1001,iPhone 15,手机,4999,1,4999,银行卡,已发货,无退款
ORD2025000432,2025-09-18 06:55:39,U00572,男,四川省,德阳市,P1005,荣耀 Magic7,手机,4499,1,4499,银行卡,已发货,无退款
ORD2025004367,2025-10-27 15:01:31,U01089,女,陕西省,宝鸡市,P1003,华为 Mate 70,手机,5499,5,27495,支付宝,已完成,无退款
ORD2025001000,2025-02-05 16:19:02,U01478,男,湖北省,襄阳市,P5003,三只松鼠坚果,食品饮料,59,5,295,微信支付,已完成,无退款
ORD2025004297,2025-08-29 13:11:08,U00995,男,山东省,青岛市,P4001,耐克运动鞋,服饰鞋包,599,1,599,支付宝,已发货,无退款
ORD2025001498,2025-05-17 21:45:01,U01176,女,北京市,北京市,P5003,三只松鼠坚果,食品饮料,59,3,177,银行卡,已取消,无退款
ORD2025002921,2025-10-31 17:06:06,U01596,女,四川省,绵阳市,P4001,耐克运动鞋,服饰鞋包,599,1,599,花呗,已完成,无退款
ORD2025000096,2025-03-15 07:21:05,U01331,男,浙江省,金华市,P4002,阿迪达斯卫衣,服饰鞋包,399,1,399,银行卡,已完成,无退款
ORD2025003791,2025-04-14 03:56:03,U00961,男,浙江省,杭州市,P5003,三只松鼠坚果,食品饮料,0,1,59,银行卡,已完成,无退款
ORD2025004115,2025-11-02 06:43:18,U01115,女,浙江省,温州市,P4001,耐克运动鞋,鞋服,599,1,599,银行卡,已取消,无退款
ORD2025002790,2025-02-05 14:24:47,U00603,男,江苏省,常州市,P5001,雀巢咖啡,食品饮料,89,1,89,银行卡,已完成,无退款
ORD2025002657,2025/05/30 12:33:54,U00376,男,北京市,北京市,P1001,iPhone 15,手机,0,1,4999,银行卡,已完成,无退款
ORD2025000293,2025-09-12 06:11:30,U01638,女,河南省,郑州市,P3002,联想小新笔记本,电脑办公,4999,1,4999,花呗,已完成,无退款
ORD2025003831,2025-11-08 12:03:10,U01589,女,湖北省,宜昌市,P1001,iPhone 15,手机,4999,1,4999,花呗,已完成,无退款
ORD2025002304,2025-05-24 14:42:15,U00055,男,上海市,上海市,P5003,三只松鼠坚果,食品饮料,59,1,59,支付宝,已发货,无退款
ORD2025002022,2025-03-24 09:26:02,U00101,女,广东省,东莞市,P2004,罗技 MX Master 3S,电脑配件,699,1,699,花呗,已完成,无退款
ORD2025004316,2025-09-11 15:44:07,U00205,女,山东省,烟台市,P4002,阿迪达斯卫衣,服饰鞋包,399,1,399,银行卡,已完成,无退款
ORD2025003033,2025-12-08 20:20:23,U00987,男,河南省,南阳市,P3002,联想小新笔记本,电脑办公,4999,2,9998,支付宝,已发货,无退款
ORD2025003256,2025-09-29 06:54:59,U01776,女,湖北省,武汉市,P4002,阿迪达斯卫衣,服饰鞋包,399,1,399,支付宝,已完成,无退款
ORD2025000566,2025-03-12 22:16:08,U01096,男,四川省,绵阳市,P2003,小米手环 9,数码配件,299,3,897,微信支付,已完成,无退款
ORD2025004982,2025-01-10 06:18:12,U01795,男,山东省,烟台市,P5002,蒙牛纯牛奶,食品饮料,69,2,138,花呗,已发货,无退款
ORD2025001426,2025-09-16 07:02:26,U00732,女,上海市,上海市,P5002,蒙牛纯牛奶,食品饮料,69,4,276,微信支付,已发货,无退款
ORD2025004246,2025-12-25 14:08:19,U01409,男,河南省,郑州市,P5001,雀巢咖啡,食品饮料,89,1,89,花呗,已发货,无退款
ORD2025000106,2025-11-14 04:34:02,U01579,男,陕西省,宝鸡市,P1001,iPhone 15,手机,4999,2,9998,支付宝,已完成,无退款
ORD2025002944,2025-07-27 15:59:35,U01741,男,河南省,南阳市,P2002,华为 FreeBuds,数码配件,999,3,2997,微信支付,已完成,无退款
ORD2025000526,2025-09-07 19:31:56,U00844,女,陕西省,西安市,P3004,打印机,电脑办公,899,1,899,支付宝,已取消,无退款
ORD2025002668,2025-09-22 12:35:59,U01236,女,广东省,佛山市,P2002,华为 FreeBuds,数码配件,999,1,999,银行卡,已完成,无退款
ORD2025004182,2025-06-09 16:50:11,U00021,男,浙江省,金华市,P1001,iPhone 15,手机,4999,1,4999,花呗,已完成,无退款
ORD2025002931,2025-04-07 23:17:10,U01743,男,北京市,北京市,P2004,罗技 MX Master 3S,电脑配件,699,1,699,支付宝,退款中,退款中
ORD2025000844,2025-02-18 07:54:16,U00539,男,山东省,青岛市,P3003,机械革命游戏本,电脑办公,6299,1,6299,支付宝,已取消,无退款
ORD2025003787,2025-01-11 09:46:54,U00290,男,广东省,东莞市,P1005,荣耀 Magic7,手机,4499,1,4499,银行卡,已取消,无退款
ORD2025003318,2025-09-11 12:25:09,U00715,女,广东省,深圳市,P2002,华为 FreeBuds,数码配件,999,3,2997,银行卡,已取消,无退款
ORD2025002333,2025-07-28 04:07:48,U01454,男,四川省,德阳市,P1003,华为 Mate 70,手机,5499,1,5499,微信支付,已完成,无退款
ORD2025003411,2025-11-28 20:29:29,U00878,女,浙江省,杭州市,P3001,戴尔 27英寸显示器,电脑办公,1499,2,2998,花呗,已完成,无退款
ORD2025001344,2025-08-06 07:09:26,U00266,男,江苏省,南京市,P3001,戴尔 27英寸显示器,电脑办公,1499,1,1499,支付宝,已取消,无退款
ORD2025002746,2025-01-17 14:51:10,U00520,男,浙江省,杭州市,P4002,阿迪达斯卫衣,服饰鞋包,399,1,399,微信支付,已完成,无退款
ORD2025003578,2025-11-08 12:00:08,U00311,女,陕西省,宝鸡市,P2003,小米手环 9,数码配件,299,1,299,支付宝,已完成,无退款
ORD2025001491,2025-09-22 07:32:30,U00356,男,上海市,上海市,,小米手环 9,数码配件,299,2,598,银行卡,已完成,无退款
ORD2025003226,2025-10-31 11:01:27,U00668,女,北京市,北京市,P3002,联想小新笔记本,电脑办公,4999,1,4999,微信支付,已完成,无退款
ORD2025002721,2025-12-10 19:23:20,U01243,女,四川省,德阳市,P1004,小米 15,手机,3999,2,7998,支付宝,已完成,无退款
ORD2025001749,2025-05-08 05:26:12,U01417,女,江苏省,无锡市,P1005,荣耀 Magic7,手机,4499,1,4499,银行卡,已完成,无退款
ORD2025003354,2025-03-25 13:07:27,U01100,女,河南省,郑州市,P2005,机械键盘,电脑配件,399,2,798,花呗,已完成,无退款
ORD2025001439,2025-10-14 22:25:44,U00117,女,河南省,郑州市,P1002,iPhone 15 Pro,手机,6999,1,6999,银行卡,已完成,无退款
ORD2025001007,2025-01-05 01:57:27,U00012,女,上海市,上海市,P2002,华为 FreeBuds,数码配件,999,1,999,花呗,已取消,无退款
ORD2025000357,2025-01-28 13:31:21,U01491,男,河南省,洛阳市,P1004,小米 15,手机,3999,1,3999,花呗,已发货,无退款
ORD2025000960,2025-11-19 09:04:56,U00371,女,北京市,北京市,P2004,罗技 MX Master 3S,电脑配件,699,1,699,支付宝,已发货,无退款
ORD2025003894,2025-03-09 21:47:29,U01008,女,陕西省,宝鸡市,P4003,优衣库羽绒服,服饰鞋包,799,1,799,微信支付,退款中,退款中
ORD2025000122,2025-09-22 00:12:00,U01604,女,山东省,济南市,P1003,华为 Mate 70,手机,5499,2,10998,微信支付,已发货,无退款
ORD2025000972,2025-05-21 14:51:39,U00077,男,浙江省,温州市,P3001,戴尔 27英寸显示器,电脑办公,1499,1,1499,微信支付,已完成,无退款
ORD2025000476,2025-05-11 18:37:32,U00654,女,广东省,广州市,P2004,罗技 MX Master 3S,电脑配件,699,1,699,微信支付,已完成,无退款
ORD2025000643,2025-09-08 18:20:51,U01730,男,陕西省,咸阳市,P2004,罗技 MX Master 3S,电脑配件,699,2,1398,花呗,已完成,无退款
ORD2025000337,2025-04-26 14:19:04,U00553,男,湖北省,襄阳市,P3003,机械革命游戏本,电脑办公,6299,1,6299,银行卡,已完成,无退款
ORD2025002660,2025-08-22 05:55:22,U01361,女,上海市,上海市,P3003,机械革命游戏本,电脑办公,6299,1,6299,支付宝,已完成,无退款
ORD2025001554,2025-04-26 15:46:44,U00954,女,河南省,洛阳市,P3001,戴尔 27英寸显示器,电脑办公,1499,3,4497,微信支付,已完成,无退款
ORD2025004696,2025-11-14 11:16:42,U01706,男,上海市,上海市,P5001,雀巢咖啡,食品饮料,89,3,267,花呗,已完成,无退款
ORD2025003153,2025-10-13 22:22:48,U00107,女,陕西省,宝鸡市,P1005,荣耀 Magic7,手机,4499,3,13497,银行卡,已完成,无退款
ORD2025002297,2025-05-05 20:03:53,U00653,女,四川省,成都市,P1005,荣耀 Magic7,手机,4499,1,4499,银行卡,已完成,无退款
ORD2025002453,2025-05-27 10:24:25,U00308,女,上海市,上海市,P5001,雀巢咖啡,食品饮料,89,1,89,支付宝,已发货,无退款
ORD2025000745,2025-11-13 13:08:13,U00189,女,江苏省,苏州市,P4003,优衣库羽绒服,服饰鞋包,799,2,1598,银行卡,已完成,无退款
ORD2025001199,2025-04-09 05:23:31,U00136,女,四川省,德阳市,P1001,iPhone 15,手机,4999,1,4999,支付宝,已完成,无退款
ORD2025004581,2025-06-19 07:12:55,U00903,男,河南省,南阳市,P5003,三只松鼠坚果,食品饮料,59,1,59,银行卡,已完成,无退款
ORD2025000719,2025-11-22 20:27:53,U00005,女,山东省,烟台市,P5002,蒙牛纯牛奶,食品饮料,69,1,69,支付宝,待付款,无退款
ORD2025001824,2025-01-21 17:41:41,U00259,女,浙江省,金华市,P5003,三只松鼠坚果,食品饮料,59,1,59,银行卡,已完成,无退款
ORD2025002712,2025-11-04 16:15:20,U00239,男,四川省,成都市,P2005,机械键盘,电脑配件,399,1,399,微信支付,已完成,无退款
ORD2025003669,2025-02-02 13:06:15,U00361,女,河南省,郑州市,P3001,戴尔 27英寸显示器,电脑办公,1499,1,1499,银行卡,已完成,无退款
ORD2025004332,2025-01-23 14:10:43,U01737,男,陕西省,西安市,P1001,iPhone 15,手机,4999,1,4999,微信支付,待付款,无退款
ORD2025001747,2025-03-29 01:38:41,U00382,女,四川省,德阳市,P3003,机械革命游戏本,电脑办公,6299,3,18897,银行卡,已完成,无退款
ORD2025002080,2025-10-30 22:31:53,U00920,男,湖北省,宜昌市,P3002,联想小新笔记本,电脑办公,4999,1,4999,花呗,已完成,无退款
ORD2025001096,2025-10-17 22:45:09,U00294,女,广东省,广州市,P2004,罗技 MX Master 3S,电脑配件,699,1,699,花呗,已取消,无退款
ORD2025001184,2025-02-22 01:12:45,U01379,女,广东省,深圳市,P4002,阿迪达斯卫衣,服饰鞋包,399,1,399,支付宝,已完成,无退款
ORD2025001560,2025-09-28 00:02:34,U00840,女,陕西省,宝鸡市,P1003,华为 Mate 70,手机,5499,1,5499,银行卡,已完成,无退款
ORD2025004873,2025-04-01 01:29:44,U00665,男,山东省,烟台市,P4003,优衣库羽绒服,服饰鞋包,799,1,799,微信支付,已完成,无退款
ORD2025003832,2025-01-02 23:48:24,U00241,男,四川省,德阳市,P3001,戴尔 27英寸显示器,电脑办公,1499,1,1499,花呗,已完成,无退款
ORD2025003008,2025-07-01 19:13:52,U01196,男,浙江省,杭州市,P3002,联想小新笔记本,电脑办公,4999,1,4999,微信支付,已发货,无退款
ORD2025002001,2025-01-01 14:42:00,U00410,男,广东省,东莞市,P4003,优衣库羽绒服,服饰鞋包,799,2,1598,花呗,已完成,无退款
ORD2025001424,2025-06-06 19:00:28,U00334,女,湖北省,宜昌市,P3004,打印机,电脑办公,899,2,1798,微信支付,已取消,无退款
ORD2025000305,2025-03-02 01:38:36,U01414,女,江苏省,常州市,P3003,机械革命游戏本,电脑办公,6299,1,6299,银行卡,已完成,无退款
ORD2025002259,2025-07-07 22:51:47,U01505,女,浙江省,杭州市,P1002,iPhone 15 Pro,手机,6999,2,13998,微信支付,已完成,无退款
ORD2025004395,2025-05-26 22:04:21,U01069,男,四川省,德阳市,P4001,耐克运动鞋,服饰鞋包,599,1,599,微信支付,已完成,无退款
ORD2025001600,2025-11-08 23:24:09,U00798,男,浙江省,杭州市,P4001,耐克运动鞋,服饰鞋包,599,2,1198,支付宝,退款中,退款中
ORD2025002683,2025-04-07 23:31:13,U00629,男,北京市,北京市,P2001,AirPods Pro 2,数码配件,1899,1,1899,花呗,已完成,无退款
ORD2025004970,2025-12-07 06:32:23,U00017,女,湖北省,武汉市,P1005,荣耀 Magic7,手机,4499,4,17996,银行卡,已完成,无退款
ORD2025003952,2025-01-04 03:09:37,U01501,女,湖北省,襄阳市,P3003,机械革命游戏本,电脑办公,6299,1,6299,花呗,已完成,无退款
ORD2025002824,2025-10-23 20:47:00,U01208,男,上海市,上海市,P1002,iPhone 15 Pro,手机,6999,1,6999,银行卡,已完成,无退款
ORD2025003975,2025-09-05 07:15:21,U01296,男,湖北省,宜昌市,P1003,华为 Mate 70,手机,5499,3,16497,微信支付,已完成,无退款
ORD2025003435,2025-11-28 18:27:29,U00686,女,山东省,烟台市,P1005,荣耀 Magic7,手机,4499,1,4499,银行卡,已完成,无退款
ORD2025002907,2025-01-30 19:03:40,U01541,女,北京市,北京市,P3002,联想小新笔记本,电脑办公,4999,2,9998,支付宝,已取消,无退款
ORD2025002553,2025-08-12 20:15:04,U01717,女,广东省,深圳市,P1001,iPhone 15,手机,4999,1,4999,花呗,已完成,无退款
ORD2025003048,2025-05-16 06:56:45,U00159,女,河南省,郑州市,P4003,优衣库羽绒服,服饰鞋包,799,1,799,微信支付,已完成,无退款
ORD2025004201,2025-05-19 10:31:34,U01202,男,四川省,成都市,P5002,蒙牛纯牛奶,食品饮料,69,3,207,银行卡,已完成,无退款
ORD2025000110,2025-10-21 20:44:42,U00048,女,河南省,南阳市,P2004,罗技 MX Master 3S,电脑配件,699,1,699,银行卡,已完成,无退款
ORD2025004951,2025-11-05 13:30:58,U01104,男,上海市,上海市,P2003,小米手环 9,数码配件,299,2,598,花呗,已发货,无退款
ORD2025004615,2025-02-04 14:36:02,U00138,男,北京市,北京市,P1003,华为 Mate 70,手机,5499,2,10998,微信支付,已发货,无退款
ORD2025003556,2025-06-30 07:20:00,U00588,男,江苏省,常州市,P2002,华为 FreeBuds,数码配件,999,1,999,银行卡,已完成,无退款
ORD2025000815,2025-04-24 22:48:53,U01494,男,四川省,成都市,P3002,联想小新笔记本,电脑办公,4999,1,4999,支付宝,已完成,无退款
ORD2025000807,2025-06-28 10:52:30,U00993,女,浙江省,杭州市,P3004,打印机,电脑办公,899,2,1798,支付宝,已完成,无退款
ORD2025002775,2025-03-12 16:10:39,U00362,女,江苏省,苏州市,P2005,机械键盘,电脑配件,399,2,798,银行卡,已完成,无退款
ORD2025004503,2025-08-01 16:19:29,U01177,女,四川省,绵阳市,P2002,华为 FreeBuds,数码配件,999,2,1998,银行卡,已发货,无退款
ORD2025000083,2025-01-12 09:04:39,U01226,女,湖北省,宜昌市,P4002,阿迪达斯卫衣,服饰鞋包,399,1,399,支付宝,已完成,无退款
ORD2025003144,2025-08-17 22:05:01,U00991,男,北京市,北京市,P5003,三只松鼠坚果,食品饮料,59,1,59,花呗,已完成,已退款
ORD2025004489,2025-12-07 16:54:18,U00410,女,湖北省,宜昌市,P5001,雀巢咖啡,食品饮料,89,1,89,支付宝,已发货,无退款
ORD2025002228,2025-04-28 16:53:45,U00773,女,山东省,青岛市,P1002,iPhone 15 Pro,手机,6999,1,6999,微信支付,已完成,无退款
ORD2025001249,2025-08-31 19:24:46,U01099,女,浙江省,杭州市,P2004,罗技 MX Master 3S,电脑配件,699,1,699,花呗,已完成,无退款
ORD2025002630,2025-12-20 12:14:04,U01036,女,河南省,洛阳市,P3001,戴尔 27英寸显示器,电脑办公,1499,1,1499,银行卡,已完成,无退款
ORD2025003301,2025-01-14 15:56:27,U01186,女,山东省,青岛市,P5003,三只松鼠坚果,食品饮料,59,1,59,支付宝,已取消,已退款
ORD2025002725,2025-09-26 23:08:10,U01765,男,四川省,成都市,P3004,打印机,电脑办公,899,1,899,银行卡,已完成,无退款
ORD2025003740,2025-03-31 09:53:51,U01501,女,湖北省,武汉市,P4002,阿迪达斯卫衣,服饰鞋包,399,1,399,微信支付,已完成,无退款
ORD2025001759,2025-12-30 14:43:47,U01776,女,湖北省,武汉市,P4001,耐克运动鞋,服饰鞋包,599,2,1198,微信支付,已完成,无退款
ORD2025002610,2025-02-14 01:42:40,U00420,男,湖北省,宜昌市,P1003,华为 Mate 70,手机,5499,1,5499,微信支付,已完成,无退款
ORD2025000274,2025-06-19 14:55:39,U00300,男,北京市,北京市,P4002,阿迪达斯卫衣,服饰鞋包,399,1,399,微信支付,已完成,无退款
ORD2025002954,2025-05-20 01:34:49,U00914,女,陕西省,西安市,P2005,机械键盘,电脑配件,399,1,399,银行卡,已完成,无退款
ORD2025003540,2025-08-27 12:30:32,U00708,女,广东省,东莞市,P3004,打印机,电脑办公,899,1,899,微信支付,已完成,无退款
ORD2025002835,2025-02-01 22:01:09,U00183,女,山东省,济南市,P3002,联想小新笔记本,电脑办公,4999,2,9998,微信支付,已取消,无退款
ORD2025003583,2025-09-16 13:58:05,U00978,男,浙江省,金华市,P2004,罗技 MX Master 3S,电脑配件,699,2,1398,花呗,已取消,无退款
ORD2025004714,2025-08-13 19:13:58,U01227,男,四川省,德阳市,P2003,小米手环 9,数码配件,299,1,299,银行卡,已完成,无退款
ORD2025000402,2025-10-13 23:33:28,U00516,男,浙江省,温州市,P2001,AirPods Pro 2,数码配件,1899,2,3798,微信支付,已完成,无退款
ORD2025002104,2025-08-21 21:52:32,U01104,女,湖北省,襄阳市,P4002,阿迪达斯卫衣,服饰鞋包,399,2,798,支付宝,已完成,无退款
ORD2025003820,2025-04-16 21:36:20,U01019,女,广东省,佛山市,P3004,打印机,电脑办公,899,3,2697,支付宝,已完成,无退款
ORD2025002796,2025-09-07 03:16:28,U01524,男,山东省,青岛市,P4001,耐克运动鞋,服饰鞋包,599,1,599,微信支付,已完成,无退款
ORD2025000086,2025-04-10 17:43:16,U00047,男,上海市,上海市,P3003,机械革命游戏本,电脑办公,6299,2,12598,支付宝,已完成,已退款
ORD2025004650,2025-04-25 19:24:26,U00368,女,河南省,郑州市,P1001,iPhone 15,手机,4999,3,14997,银行卡,已完成,无退款
ORD2025000849,2025-09-26 22:24:01,U00048,男,江苏省,无锡市,P3002,联想小新笔记本,电脑办公,4999,1,4999,支付宝,已完成,无退款
ORD2025002774,2025-02-25 06:17:15,U01656,男,浙江省,宁波市,P3002,联想小新笔记本,电脑办公,4999,1,4999,支付宝,已发货,无退款
ORD2025000168,2025-10-19 11:57:43,U01434,男,江苏省,苏州市,P4001,耐克运动鞋,服饰鞋包,599,1,599,微信支付,已完成,无退款
ORD2025000374,2025-01-31 12:00:08,U00397,女,山东省,青岛市,P4003,优衣库羽绒服,服饰鞋包,799,1,799,银行卡,待付款,无退款
ORD2025003909,2025-07-18 20:32:22,U00046,女,河南省,洛阳市,P1004,小米 15,手机,3999,1,3999,花呗,已完成,无退款
ORD2025003774,2025-08-10 12:24:25,U01387,男,江苏省,南京市,P3002,联想小新笔记本,电脑办公,4999,2,9998,银行卡,已取消,无退款
ORD2025004049,2025-02-02 17:44:49,U01426,男,陕西省,宝鸡市,P1002,iPhone 15 Pro,手机,6999,1,6999,花呗,已发货,无退款
ORD2025000523,2025-03-17 07:55:48,U00675,女,浙江省,宁波市,P2004,罗技 MX Master 3S,电脑配件,699,1,699,银行卡,已完成,无退款
ORD2025001464,2025-08-20 20:48:50,U00920,女,山东省,济南市,P1003,华为 Mate 70,手机,5499,1,5499,花呗,已完成,无退款
ORD2025003621,2025-07-12 04:00:05,U00646,女,北京市,北京市,P2004,罗技 MX Master 3S,电脑配件,699,1,699,银行卡,已完成,无退款
ORD2025002434,2025-07-18 02:09:04,U01706,女,四川省,德阳市,P2002,华为 FreeBuds,数码配件,999,1,999,银行卡,已完成,无退款
ORD2025001285,2025-10-01 11:19:07,U00800,男,四川省,绵阳市,P3002,联想小新笔记本,电脑办公,4999,2,9998,银行卡,已完成,无退款
ORD2025004553,2025-09-04 16:37:33,U01785,女,四川省,德阳市,P2005,机械键盘,电脑配件,399,2,798,花呗,已取消,无退款
ORD2025000702,2025-12-16 18:39:22,U00795,男,江苏省,苏州市,P1003,华为 Mate 70,手机,5499,5,27495,银行卡,已完成,无退款
ORD2025003703,2025-03-09 03:37:02,U01326,男,北京市,北京市,P1001,iPhone 15,手机,4999,1,4999,微信支付,已完成,无退款
ORD2025001012,2025-11-29 15:48:23,U01677,女,江苏省,常州市,P1001,iPhone 15,手机,4999,2,9998,花呗,已完成,无退款
ORD2025004846,2025-11-28,U01462,女,河南省,洛阳市,p3004,打印机,电脑办公,899,4,3596,花呗,已发货,无退款
ORD2025004947,2025-01-26 20:16:50,U01249,男,山东省,烟台市,P3003,机械革命游戏本,电脑办公,6299,1,6299,花呗,已完成,无退款
ORD2025001192,2025-03-22 12:47:02,U01530,男,浙江省,杭州市,P2003,小米手环 9,数码配件,299,2,598,花呗,已完成,无退款
ORD2025003385,2025-04-10 12:09:25,U01782,男,江苏省,南京市,P3003,机械革命游戏本,电脑办公,6299,1,6299,花呗,已完成,无退款
ORD2025001297,2025-04-22 15:03:21,U01626,女,上海市,上海市,P5002,蒙牛纯牛奶,食品饮料,69,2,138,银行卡,已完成,无退款
ORD2025003259,2025-11-03 01:17:00,U01586,女,上海市,上海市,P1002,iPhone 15 Pro,手机,6999,1,6999,微信支付,已完成,无退款
ORD2025000762,2025-05-11 17:10:09,U00732,男,陕西省,咸阳市,P3001,戴尔 27英寸显示器,电脑办公,1499,1,1499,花呗,已完成,已退款
ORD2025003520,2025-09-28 07:18:24,U01508,男,浙江省,宁波市,P1001,iPhone 15,手机,4999,1,4999,支付宝,已取消,无退款
ORD2025004617,2025-04-19 17:50:00,U01620,女,北京市,北京市,P2005,机械键盘,电脑配件,399,1,399,花呗,已完成,无退款
ORD2025003768,2025-04-10 13:10:58,U00523,女,河南省,郑州市,P4003,优衣库羽绒服,服饰鞋包,799,2,1598,银行卡,已完成,无退款
ORD2025000798,2025-05-08 13:48:20,U01289,女,江苏省,苏州市,P5002,蒙牛纯牛奶,食品饮料,69,1,69,银行卡,已发货,无退款
ORD2025003346,2025-05-19 01:25:13,U00340,男,山东省,青岛市,P2005,机械键盘,电脑配件,399,4,1596,微信支付,已发货,无退款
ORD2025002471,2025-10-17 22:53:17,U00841,女,江苏省,常州市,P5002,蒙牛纯牛奶,食品饮料,69,1,69,银行卡,已完成,无退款
ORD2025000848,2025-04-28 14:21:00,U00945,男,上海市,上海市,P3001,戴尔 27英寸显示器,电脑办公,1499,1,1499,银行卡,已完成,无退款
ORD2025002468,2025-11-11 21:26:17,U00201,男,湖北省,宜昌市,P2002,华为 FreeBuds,数码配件,999,1,999,微信支付,已完成,无退款
ORD2025002573,2025-01-20 18:30:54,U00791,男,广东省,广州市,P3004,打印机,电脑办公,899,3,2697,微信支付,已完成,无退款
ORD2025003491,2025-11-29 02:41:44,U01003,男,山东省,济南市,P4002,阿迪达斯卫衣,服饰鞋包,399,2,798,花呗,已完成,无退款
ORD2025000696,2025-10-29 05:19:05,U01409,男,陕西省,西安市,P2002,华为 FreeBuds,数码配件,999,1,999,花呗,退款中,退款中
ORD2025001324,2025-05-19 06:10:18,U01743,女,江苏省,苏州市,P1005,荣耀 Magic7,手机,4499,1,4499,银行卡,待付款,无退款
ORD2025001411,2025-04-26 11:46:19,U01287,女,广东省,佛山市,P2004,罗技 MX Master 3S,电脑配件,699,2,1398,支付宝,已完成,无退款
ORD2025000593,2025-06-10 16:18:58,U00450,女,北京市,北京市,P1005,荣耀 Magic7,手机,4499,1,4499,支付宝,待付款,无退款
ORD2025003171,2025-08-12 17:17:00,U00785,女,北京市,北京市,P1004,小米 15,手机,3999,2,7998,花呗,已完成,无退款
ORD2025003796,2025-06-18 06:29:26,U01384,女,湖北省,宜昌市,P5001,雀巢咖啡,食品饮料,89,1,89,花呗,已完成,无退款
ORD2025001348,2025-02-02 09:41:04,U00798,女,广东省,东莞市,P4002,阿迪达斯卫衣,服饰鞋包,399,2,798,银行卡,已完成,无退款
ORD2025004702,2025-03-20 03:06:45,U00900,女,浙江省,金华市,P3001,戴尔 27英寸显示器,电脑办公,1499,1,1499,支付宝,已完成,无退款
ORD2025004576,2025-10-08 12:00:27,U01031,男,山东省,济南市,P4001,耐克运动鞋,服饰鞋包,599,1,599,花呗,已取消,已退款
ORD2025000269,2025-10-30 14:17:14,U00392,男,北京市,北京市,P5001,雀巢咖啡,食品饮料,89,4,356,花呗,已完成,无退款
ORD2025001052,2025-09-19 13:36:33,U00908,男,北京市,北京市,P2003,小米手环 9,数码配件,299,4,1196,银行卡,完成,无退款
ORD2025002705,2025-03-17 13:14:31,U00977,女,广东省,佛山市,P1003,华为 Mate 70,手机,5499,2,10998,银行卡,已完成,无退款
ORD2025004857,2025-11-29 07:09:45,U01701,男,河南省,洛阳市,P1001,iPhone 15,手机,4999,1,4999,花呗,已发货,无退款
ORD2025004780,2025-12-05 15:48:35,U00976,男,浙江省,杭州市,P2001,AirPods Pro 2,数码配件,1899,2,3798,银行卡,已完成,无退款
ORD2025003115,2025-08-26 22:51:53,U01254,女,陕西省,宝鸡市,P5003,三只松鼠坚果,食品饮料,59,1,59,微信支付,已完成,无退款
ORD2025000868,2025-06-28 08:19:07,U01727,男,浙江省,金华市,P4003,优衣库羽绒服,服饰鞋包,799,1,799,支付宝,已完成,无退款
ORD2025000335,2025-02-23 22:15:45,U01433,女,河南省,郑州市,P2004,罗技 MX Master 3S,电脑配件,699,3,2097,支付宝,已发货,无退款
ORD2025004124,2025-06-20 16:02:37,U00376,女,山东省,济南市,P2001,AirPods Pro 2,数码配件,1899,3,5697,花呗,已完成,无退款
ORD2025001731,2025-01-14 04:19:54,U00401,男,江苏省,苏州市,P1004,小米 15,手机,3999,2,7998,花呗,已完成,无退款
ORD2025004810,2025-04-15 00:51:26,U00646,男,浙江省,杭州市,P5001,雀巢咖啡,食品饮料,89,1,89,微信支付,已完成,无退款
ORD2025004468,2025-06-22 17:02:00,U00114,女,浙江省,温州市,P2002,华为 FreeBuds,数码配件,999,1,999,花呗,已完成,无退款
ORD2025001388,2025-11-29 10:37:43,U01796,女,湖北省,武汉市,P2002,华为 FreeBuds,数码配件,999,1,999,微信支付,已完成,无退款
ORD2025002661,2025-07-02 10:02:08,U00412,男,广东省,深圳市,P1002,iPhone 15 Pro,手机,6999,3,20997,微信支付,已完成,无退款
ORD2025001883,2025-10-24 23:50:40,U01090,女,上海市,上海市,P4003,优衣库羽绒服,服饰鞋包,799,2,1598,银行卡,已完成,无退款
ORD2025001850,2025-10-07 10:59:05, ,女,浙江省,金华市,P4002,阿迪达斯卫衣,服饰鞋包,399,2,798,银行卡,已完成,无退款
ORD2025000854,2025-06-06 18:21:25,U00284,男,上海市,上海市,P3001,戴尔 27英寸显示器,电脑办公,1499,2,2998,支付宝,已完成,无退款
ORD2025000180,2025-02-11 04:32:50,U00360,男,四川省,绵阳市,P4003,优衣库羽绒服,服饰鞋包,799,1,799,支付宝,已完成,无退款
ORD2025002082,2025-01-05 13:20:21,U00614,男,北京市,北京市,P1004,小米 15,手机,3999,1,3999,支付宝,已发货,无退款
ORD2025003635,2025-04-03 15:05:12,U01686,男,山东省,济南市,P3002,联想小新笔记本,电脑办公,4999,1,4999,微信支付,已完成,无退款
ORD2025000680,2025-05-01 09:40:02,U00117,男,陕西省,宝鸡市,P4003,优衣库羽绒服,服饰鞋包,799,1,799,微信支付,已完成,无退款
ORD2025000843,2025-03-07 14:04:24,U00777,女,北京市,北京市,P1001,iPhone 15,手机,4999,3,14997,花呗,已完成,无退款
ORD2025001810,2025-08-12 00:25:27,U01286,男,北京市,北京市,P5003,三只松鼠坚果,食品饮料,59,1,59,支付宝,已完成,无退款
ORD2025003485,2025-02-12 03:33:59,U01491,女,上海市,上海市,P5001,雀巢咖啡,食品饮料,89,1,89,银行卡,已完成,无退款
ORD2025001544,2025-01-09 13:34:14,U00573,女,河南省,南阳市,P1004,小米 15,手机,3999,3,11997,支付宝,已完成,无退款
ORD2025004098,2025-07-29 08:48:13,U00029,女,江苏省,无锡市,P5003,三只松鼠坚果,食品饮料,59,1,59,支付宝,已完成,无退款
ORD2025003605,2025-05-08 10:34:16,U00149,女,四川省,绵阳市,P5003,三只松鼠坚果,食品饮料,59,3,177,支付宝,已完成,无退款
ORD2025000234,2025-05-28 11:50:15,U01109,女,浙江省,金华市,P1003,华为 Mate 70,手机,5499,2,10998,银行卡,退款中,退款中
ORD2025000579,2025-07-15 22:44:25,U01174,男,江苏省,常州市,P3003,机械革命游戏本,电脑办公,6299,4,25196,花呗,已完成,无退款
ORD2025002454,2025-01-21 02:16:45,U00196,男,陕西省,西安市,P5002,蒙牛纯牛奶,食品饮料,69,1,69,支付宝,已完成,无退款
ORD2025002726,2025-05-02 11:39:13,U01683,女,河南省,南阳市,P5001,雀巢咖啡,食品饮料,89,1,89,银行卡,已取消,无退款
ORD2025000657,2025-04-23 18:01:35,U01246,男,四川省,成都市,P1002,iPhone 15 Pro,手机,6999,1,6999,花呗,已完成,无退款
ORD2025003454,2025-12-21 10:54:46,U00902,男,广东省,广州市,P5002,蒙牛纯牛奶,食品饮料,69,1,69,支付宝,已完成,无退款
ORD2025001846,2025-11-10 05:19:13,U00381,女,河南省,南阳市,P1004,小米 15,手机,3999,1,3999,支付宝,已完成,无退款
ORD2025001209,2025-07-26 03:23:36,U01327,男,上海市,上海市,P1005,荣耀 Magic7,手机,4499,2,8998,花呗,已完成,无退款
ORD2025001043,2025-10-11 01:36:52,U00718,男,浙江省,温州市,P1002,iPhone 15 Pro,手机,6999,4,27996,花呗,已完成,无退款
ORD2025001645,2025-01-20 07:30:22,U00737,男,湖北省,襄阳市,P2003,小米手环 9,数码配件,299,3,897,支付宝,已完成,已退款
ORD2025003085,2025-03-14 23:21:05,U00879,男,河南省,南阳市,P2005,机械键盘,电脑配件,399,1,399,花呗,已完成,无退款
ORD2025001631,2025-12-15 00:19:41,U00849,女,陕西省,西安市,P4003,优衣库羽绒服,服饰鞋包,799,2,1598,花呗,已完成,无退款
ORD2025003656,2025-06-15 15:42:18,U01223,男,浙江省,杭州市,P1003,华为 Mate 70,手机,5499,1,5499,花呗,已发货,无退款
ORD2025004515,2025-02-07 11:15:03,U00836,男,上海市,上海市,P5001,雀巢咖啡,食品饮料,89,2,178,支付宝,已发货,无退款
ORD2025002079,2025-11-04 05:59:47,U01707,男,陕西省,西安市,P1004,小米 15,手机,3999,2,7998,支付宝,已发货,无退款
ORD2025004302,2025-10-02 23:00:24,U00391,男,江苏省,常州市,P2004,罗技 MX Master 3S,电脑配件,699,4,2796,微信支付,已完成,无退款
ORD2025000736,2025-05-28 22:12:04,U01467,男,北京市,北京市,P1005,荣耀 Magic7,手机,4499,1,4499,微信支付,已完成,无退款
ORD2025003538,2025-10-18 00:33:10,U00459,男,上海市,上海市,P2003,小米手环 9,数码配件,299,1,299,银行卡,已完成,无退款
ORD2025000304,2025-04-26 11:55:33,U00862,女,江苏省,南京市,P1005,荣耀 Magic7,手机,4499,1,4499,支付宝,已完成,无退款
ORD2025002287,2025-01-02 20:52:53,U00904,男,河南省,郑州市,P5002,蒙牛纯牛奶,食品饮料,69,1,69,花呗,已完成,无退款
ORD2025000717,2025-03-08 19:12:13,U00629,女,广东省,东莞市,P3002,联想小新笔记本,电脑办公,4999,1,4999,支付宝,已完成,无退款
ORD2025003342,2025-07-19 16:16:00,U01718,女,四川省,成都市 ,P3003,机械革命游戏本,电脑办公,6299,1,6299,支付宝,取消,无退款
ORD2025002395,2025-04-07 02:05:04,U01570,男,浙江省,温州市,P1004,小米 15,手机,3999,1,3999,银行卡,已完成,无退款
ORD2025000562,2025-09-12 09:00:09,U00209,男,山东省,青岛市,P3001,戴尔 27英寸显示器,电脑办公,1499,2,2998,银行卡,已发货,无退款
ORD2025000734,2025-04-10 11:46:07,U01362,女,陕西省,宝鸡市,P2004,罗技 MX Master 3S,电脑配件,699,1,699,银行卡,已完成,无退款
ORD2025001316,2025-07-21 08:54:22,U00712,女,江苏省,无锡市,P1001,iPhone 15,手机,4999,4,19996,支付宝,已完成,无退款
ORD2025000044,2025-08-21 14:55:07,U00173,男,四川省,绵阳市,P3001,戴尔 27英寸显示器,电脑办公,1499,2,2998,微信支付,已完成,已退款
ORD2025001347,2025-04-15 11:30:15,U01333,女,江苏省,南京市,P5003,三只松鼠坚果,食品饮料,59,2,118,银行卡,已完成,无退款
ORD2025001148,2025-03-09 11:23:13,U01614,男,四川省,绵阳市,P4001,耐克运动鞋,服饰鞋包,599,1,599,花呗,待付款,无退款
ORD2025002744,2025-05-23 08:08:49,U01437,女,陕西省,咸阳市,P2005,机械键盘,电脑配件,399,1,399,银行卡,已完成,无退款
ORD2025004416,2025-11-13 02:35:49,U00190,男,山东省,烟台市,P1005,荣耀 Magic7,手机,4499,1,4499,支付宝,已完成,无退款
ORD2025003581,2025-05-01 06:58:03,U00758,女,北京市,北京市,P3001,戴尔 27英寸显示器,电脑办公,1499,1,1499,微信支付,已完成,已退款
ORD2025000953,2025-08-06 08:43:18,U01658,男,浙江省,杭州市,P3003,机械革命游戏本,电脑办公,6299,2,12598,支付宝,已完成,无退款
ORD2025003018,2025-12-25 22:24:11,U00164,女,广东省,深圳市,P2001,AirPods Pro 2,数码配件,1899,1,1899,支付宝,已完成,无退款
ORD2025002743,2025-11-30 10:01:04,U01497,男,湖北省,宜昌市,P1002,iPhone 15 Pro,手机,6999,1,6999,支付宝,待付款,无退款
ORD2025004865,2025-06-22 21:57:19,U00808,男,江苏省,常州市,P4001,耐克运动鞋,服饰鞋包,599,2,1198,银行卡,已完成,无退款
ORD2025004692,2025-04-26 10:28:13,U01634,男,四川省,绵阳市,P2004,罗技 MX Master 3S,电脑配件,699,2,1398,支付宝,已完成,无退款
ORD2025004674,2025-04-04 03:39:13,U00410,女,江苏省,常州市,P1003,华为 Mate 70,手机,5499,2,10998,微信支付,已发货,无退款
ORD2025000259,2025-02-17 00:12:12,U00882,女,河南省,洛阳市,P3002,联想小新笔记本,电脑办公,4999,1,4999,花呗,已完成,无退款
ORD2025001821,2025-01-12 07:20:06,U01712,男,江苏省,无锡市,P5001,雀巢咖啡,食品饮料,89,1,89,微信支付,退款中,退款中
ORD2025004540,2025-06-19 08:24:59,U01561,男,北京市,北京市,P1003,华为 Mate 70,手机,5499,1,5499,支付宝,已取消,无退款
ORD2025002940,2025-04-27 16:33:08,U00050,女,河南省,洛阳市,P2003,小米手环 9,数码配件,299,1,299,银行卡,已完成,无退款
ORD2025004772,2025-09-28 16:56:25,U00599,男,浙江省,温州市,P1002,iPhone 15 Pro,手机,6999,3,20997,花呗,已完成,无退款
ORD2025004831,2025-03-25 09:22:44,U00033,男,陕西省,咸阳市,P2002,华为 FreeBuds,数码配件,999,1,999,支付宝,已完成,无退款
ORD2025003624,2025-11-02 10:52:13,U01592,女,上海市,上海市,P5002,蒙牛纯牛奶,食品饮料,69,1,69,支付宝,已完成,无退款
ORD2025002837,2025-11-19 17:29:56,U01202,女,河南省,南阳市,P2002,华为 FreeBuds,数码配件,999,1,999,银行卡,已完成,无退款
ORD2025004438,2025-01-17 09:01:55,U00186,女,四川省,成都市,P2003,小米手环 9,数码配件,299,1,299,微信支付,已完成,无退款
ORD2025000721,2025-12-25 19:07:52,U00708,女,湖北省,襄阳市,P5001,雀巢咖啡,食品饮料,89,2,178,花呗,已完成,无退款
ORD2025002106,2025-03-01 19:18:07,U01483,女,江苏省,南京市,P3002,联想小新笔记本,电脑办公,4999,1,4999,支付宝,已完成,无退款
ORD2025003685,2025-06-22 21:12:30,U01058,男,陕西省,宝鸡市,P1004,小米 15,手机,3999,1,3999,银行卡,已完成,无退款
ORD2025001496,2025-03-18 18:53:58,U00260,女,陕西省,宝鸡市,P4001,耐克运动鞋,服饰鞋包,599,1,599,微信支付,已完成,无退款
ORD2025004150,2025-06-26 21:19:41,U01602,男,广东省,东莞市,P5001,雀巢咖啡,食品饮料,89,2,178,银行卡,已取消,无退款
ORD2025000167,2025-07-31 15:44:48,U01020,女,山东省,青岛市,P4001,耐克运动鞋,服饰鞋包,599,4,2396,花呗,已完成,无退款
ORD2025002199,2025-08-22 18:35:00,U00592,女,河南省,洛阳市,P5002,蒙牛纯牛奶,食品饮料,69,1,69,支付宝,已完成,无退款
ORD2025000215,2025-03-06 19:41:46,U01291,女,广东省,深圳市,P4001,耐克运动鞋,服饰鞋包,599,3,1797,银行卡,已发货,无退款
ORD2025000992,2025-03-20 20:32:53,U01086,女,江苏省,南京市,P2004,罗技 MX Master 3S,电脑配件,699,1,699,花呗,已取消,无退款
ORD2025001725,2025-11-10 04:27:43,U01053,男,陕西省,咸阳市,P2005,机械键盘,电脑配件,399,4,1596,银行卡,已完成,无退款
ORD2025001633,2025-08-20 17:15:23,U01293,女,浙江省,杭州市,P4002,阿迪达斯卫衣,服饰鞋包,399,1,399,支付宝,已完成,无退款
ORD2025002217,2025-12-24 02:29:13,U00218,男,山东省,青岛市,P1005,荣耀 Magic7,手机,4499,2,8998,微信支付,已发货,无退款
ORD2025004315,2025-08-19 19:53:22,U01319,女,河南省,南阳市,P5003,三只松鼠坚果,食品饮料,59,2,118,花呗,已完成,已退款
ORD2025003996,2025-06-12 14:10:11,U01740,女,陕西省,宝鸡市,P2003,小米手环 9,数码配件,299,1,299,支付宝,已完成,已退款
ORD2025003542,2025-01-15 14:58:24,U01668,男,湖北省,宜昌市,P5002,蒙牛纯牛奶,食品饮料,69,1,69,银行卡,待付款,无退款
ORD2025000877,2025-01-27 08:11:19,U00282,女,河南省,南阳市,P5002,蒙牛纯牛奶,食品饮料,69,1,69,银行卡,已完成,无退款
ORD2025002867,2025-12-25 14:36:41,U01033,男,广东省,佛山市,P3004,打印机,电脑办公,899,1,899,花呗,已完成,无退款
ORD2025004000,2025-07-22 02:07:58,U00501,男,山东省,青岛市,P1005,荣耀 Magic7,手机,4499,1,4499,花呗,已完成,无退款
ORD2025002722,2025-01-08 23:42:07,U00769,女,浙江省,宁波市,P3004,打印机,电脑办公,899,1,899,支付宝,已完成,无退款
ORD2025003320,2025-08-14 23:33:11,U01525,女,四川省,绵阳市,P5001,雀巢咖啡,食品饮料,89,2,178,微信支付,已完成,无退款
ORD2025001569,2025-03-25 12:36:50,U01031,女,河南省,南阳市,P2002,华为 FreeBuds,数码配件,999,2,1998,微信支付,已发货,无退款
ORD2025003497,2025-11-08 13:20:56,U00555,女,四川省,成都市,P1003,华为 Mate 70,手机,5499,3,16497,微信支付,待付款,无退款
ORD2025002394,2025-02-06 05:52:33,U01416,男,浙江省,金华市,P1002,iPhone 15 Pro,手机,6999,2,13998,支付宝,已完成,无退款
ORD2025001272,2025-03-19 20:50:39,U00561,女,浙江省,温州市,P5003,三只松鼠坚果,食品饮料,59,5,295,支付宝,已完成,无退款
ORD2025004134,2025-10-27 08:53:19,U00960,男,上海市,上海市,P2004,罗技 MX Master 3S,电脑配件,699,1,699,花呗,已完成,无退款
ORD2025001940,2025-05-12 01:06:00,U00247,女,北京市,北京市,P4002,阿迪达斯卫衣,服饰鞋包,399,1,399,微信支付,已发货,无退款
ORD2025004756,2025-03-25 15:06:09,U01470,男,陕西省,西安市,P1003,华为 Mate 70,手机,5499,2,10998,花呗,已完成,无退款
ORD2025001538,2025-05-16 02:35:41,U00916,女,山东省,烟台市,P1003,华为 Mate 70,手机,5499,3,16497,花呗,退款中,退款中
ORD2025001112,2025-10-04 15:18:50,U01387,男,上海市,上海市,P1004,小米 15,手机,3999,1,3999,花呗,已完成,无退款
ORD2025000720,2025-09-13 09:22:20,U00885,女,北京市,北京市,P1005,荣耀 Magic7,手机,4499,2,8998,微信支付,已取消,无退款
ORD2025004245,2025-05-25 13:42:14,U00789,女,上海市,上海市,P2001,AirPods Pro 2,数码配件,1899,1,1899,花呗,已完成,无退款
ORD2025000974,2025-02-24 01:19:54,U00604,女,上海市,上海市,P1004,小米 15,手机,3999,1,3999,支付宝,已完成,已退款
ORD2025000203,2025-11-21 13:52:28,U00919,女,浙江省,金华市,P3004,打印机,电脑办公,899,2,1798,微信支付,已完成,无退款
ORD2025004875,2025-11-18 10:05:39,U01434,男,广东省,佛山市,P4001,耐克运动鞋,服饰鞋包,599,2,1198,微信支付,已发货,无退款
ORD2025001044,2025-03-03 18:51:02,U00583,男,江苏省,南京市,P5003,三只松鼠坚果,食品饮料,59,2,118,微信支付,已完成,无退款
ORD2025003673,2025-07-20 12:28:44,U01336,女,陕西省,宝鸡市,P2005,机械键盘,电脑配件,399,1,399,花呗,退款中,退款中
ORD2025004110,2025-08-20 14:41:55,U01262,女,山东省,济南市,P1004,小米 15,手机,3999,1,3999,微信支付,已发货,无退款
ORD2025000376,2025-12-05 05:12:31,U00397,男,上海市,上海市,P1001,iPhone 15,手机,4999,1,4999,微信支付,已取消,无退款
ORD2025002335,2025-05-20 22:27:10,U00153,女,山东省,济南市,P1004,小米 15,手机,3999,2,7998,支付宝,已完成,无退款
ORD2025004374,2025-07-05 15:08:39,U00434,男,江苏省,南京市,P1002,iPhone 15 Pro,手机,6999,2,13998,花呗,已完成,无退款
ORD2025003761,2025-09-05 14:54:08,U00207,女,北京市,北京市,P3003,机械革命游戏本,电脑办公,6299,1,6299,微信支付,已完成,无退款
ORD2025004710,2025-02-26 21:55:17,U00196,女,河南省,南阳市,P2005,机械键盘,电脑配件,399,1,399,微信支付,待付款,无退款
ORD2025000706,2025-06-14 19:31:09,U00744,女,四川省,绵阳市,P3003,机械革命游戏本,电脑办公,6299,1,6299,支付宝,已取消,无退款
ORD2025000553,2025-11-26 07:36:21,U01418,女,浙江省,杭州市,P3003,机械革命游戏本,电脑办公,6299,1,6299,花呗,已完成,无退款
ORD2025004410,2025-08-26 05:57:15,U01307,女,山东省,济南市,P1002,iPhone 15 Pro,手机,6999,1,6999,花呗,已完成,无退款
ORD2025001933,2025-02-07 11:47:53,U00569,女,广东省,佛山市,P4001,耐克运动鞋,服饰鞋包,599,4,2396,支付宝,已完成,无退款
ORD2025000097,2025-02-08 19:21:08,U00354,女,山东省,济南市,P5003,三只松鼠坚果,食品饮料,59,1,59,花呗,已发货,无退款
ORD2025003871,2025-12-27 09:54:40,U01673,女,陕西省,咸阳市,P2004,罗技 MX Master 3S,电脑配件,699,2,1398,微信支付,已完成,无退款
ORD2025003481,2025-07-04 20:54:07,U01380,男,湖北省,宜昌市,P4003,优衣库羽绒服,服饰鞋包,799,3,2397,银行卡,已完成,无退款
ORD2025002280,2025-06-29 22:02:03,U01311,男,湖北省,宜昌市,P4003,优衣库羽绒服,服饰鞋包,799,3,2397,微信支付,已完成,无退款
ORD2025002540,2025-12-02 23:24:19,U00496,女,陕西省,宝鸡市,P1005,荣耀 Magic7,手机,4499,1,4499,银行卡,已完成,无退款
ORD2025000756,2025-03-07 16:16:35,U00769,男,河南省,洛阳市,P1003,华为 Mate 70,手机,5499,1,5499,花呗,已完成,无退款
ORD2025004964,2025-11-01 09:23:09,U00517,女,广东省,广州市,P5001,雀巢咖啡,食品饮料,89,1,89,银行卡,待付款,无退款
ORD2025001332,2025-09-23 04:10:21,U00507,女,广东省,佛山市,P3004,打印机,电脑办公,899,1,899,花呗,已完成,无退款
ORD2025003044,2025-10-31 02:45:41,U01260,男,浙江省,杭州市,P2004,罗技 MX Master 3S,电脑配件,699,1,699,银行卡,已完成,无退款
ORD2025002509,2025-04-16 22:26:01,U00078,女,北京市,北京市,P4001,耐克运动鞋,服饰鞋包,599,1,599,微信支付,已完成,无退款
ORD2025000880,2025-01-31 02:21:49,U01601,女,江苏省,无锡市,P1002,iPhone 15 Pro,手机,6999,1,6999,花呗,已完成,无退款
ORD2025004144,2025-10-19 12:28:19,U00527,男,江苏省,无锡市,P4002,阿迪达斯卫衣,服饰鞋包,399,1,399,花呗,已完成,无退款
ORD2025001006,2025-03-06 07:14:21,U01522,女,上海市,上海市,P1001,iPhone 15,手机,4999,1,4999,微信支付,已完成,无退款
ORD2025004235,2025-08-23 18:04:34,U00845,女,广东省,东莞市,P2004,罗技 MX Master 3S,电脑配件,699,1,699,花呗,已完成,无退款
ORD2025003489,2025-09-18 18:43:28,U01185,男,广东省,东莞市,P4001,耐克运动鞋,服饰鞋包,599,1,599,银行卡,已完成,无退款
ORD2025000942,2025-10-23 20:41:14,U01744,女,四川省,德阳市,P1005,荣耀 Magic7,手机,4499,1,4499,花呗,已发货,无退款
ORD2025001271,2025-10-15 05:41:40,U00393,男,北京市,北京市,P1002,iPhone 15 Pro,手机,6999,1,6999,花呗,已完成,已退款
ORD2025002960,2025-05-17 16:23:12,U01336,男,北京市,北京市,P2004,罗技 MX Master 3S,电脑配件,699,1,699,微信支付,已完成,无退款
ORD2025001296,2025-08-11 02:37:16,U00114,男,浙江省,温州市,P2003,小米手环 9,数码配件,299,2,598,微信支付,已完成,无退款
ORD2025001727,2025-05-27 01:50:38,U00975,男,河南省,洛阳市,P1004,小米 15,手机,3999,2,7998,银行卡,已发货,无退款
ORD2025001675,2025-04-19 02:38:26,U00038,女,河南省,南阳市,P4002,阿迪达斯卫衣,服饰鞋包,399,1,399,花呗,已完成,无退款
ORD2025003903,2025-02-06 21:53:50,U00747,男,上海市,上海市,P5001,雀巢咖啡,食品饮料,89,2,178,银行卡,已完成,无退款
ORD2025001338,2025-05-15 13:18:36,U00492,男,山东省,烟台市,P1001,iPhone 15,手机,4999,2,9998,支付宝,退款中,退款中
ORD2025003785,2025-10-05 06:00:16,U01743,女,江苏省,苏州市,P5002,蒙牛纯牛奶,食品饮料,69,1,69,花呗,待付款,无退款
ORD2025004750,2025-08-17 06:37:56,U01118,女,河南省,南阳市,P3001,戴尔 27英寸显示器,电脑办公,1499,3,4497,银行卡,已完成,无退款
ORD2025002393,2025-11-23 19:05:39,U01703,女,山东省,青岛市,P3001,戴尔 27英寸显示器,电脑办公,1499,1,1499,花呗,已完成,无退款
ORD2025001156,2025-09-05 16:57:00,U00663,男,山东省,青岛市,P3003,机械革命游戏本,电脑办公,6299,2,12598,花呗,已完成,无退款
ORD2025001062,2025-10-18 03:44:31,U01726,女,四川省,成都市,P1005,荣耀 Magic7,手机,4499,1,4499,银行卡,已完成,无退款
ORD2025002910,2025-07-27 00:24:40,U00205,男,北京市,北京市,P1005,荣耀 Magic7,手机,4499,1,4499,支付宝,已完成,已退款
ORD2025000931,2025-03-27 16:50:27,U01631,男,江苏省,无锡市,P2004,罗技 MX Master 3S,电脑配件,699,1,699,银行卡,已完成,无退款
ORD2025002045,2025-05-31 00:21:00,U01479,男,湖北省,襄阳市,P5002,蒙牛纯牛奶,食品饮料,69,1,69,花呗,已完成,已退款
ORD2025003001,2025-11-19 16:35:00,U00395,男,四川省,成都,P3001,戴尔 27英寸显示器,电脑办公,1499,2,2998,银行卡,待付款,无退款
ORD2025002537,2025-12-25 03:46:23,U01558,男,浙江省,宁波市,P2005,机械键盘,电脑配件,399,3,1197,微信支付,已完成,无退款
ORD2025002687,2025-06-16 03:28:43,U00949,男,湖北省,武汉市,P2003,小米手环 9,数码配件,299,1,299,支付宝,已完成,无退款
ORD2025001909,2025-06-17 13:48:42,U00291,女,上海市,上海市,P2002,华为 FreeBuds,数码配件,999,3,2997,支付宝,已取消,无退款
ORD2025003241,2025-05-05 04:28:04,U00805,女,四川省,成都市,P2001,AirPods Pro 2,数码配件,1899,1,1899,微信支付,已取消,无退款
ORD2025002969,2025-08-23 09:05:12,U00255,女,四川省,德阳市,P3001,戴尔 27英寸显示器,电脑办公,1499,1,1499,微信支付,已完成,无退款
ORD2025003533,2025-05-23 12:45:43,U01187,男,山东省,青岛市,P1003,华为 Mate 70,手机,5499,5,27495,花呗,待付款,无退款
ORD2025003886,2025-05-11 23:20:19,U00341,男,广东省,东莞市,P4003,优衣库羽绒服,服饰鞋包,799,1,799,微信支付,已完成,无退款
ORD2025000808,2025-12-24 17:27:00,U00541,男,江苏省,苏州市,P2001,AirPods Pro 2,数码配件,1899,3,5697,微信支付,已完成,无退款
ORD2025000893,2025-04-09 23:10:37,U01019,男,浙江省,杭州市,P3002,联想小新笔记本,电脑办公,4999,3,14997,微信支付,已完成,无退款
ORD2025000155,2025-04-16 23:49:55,U01609,女,陕西省,咸阳市,P1004,小米 15,手机,3999,2,7998,银行卡,已发货,无退款
ORD2025002373,2025-10-30 07:27:46,U00588,女,陕西省,宝鸡市,P2002,华为 FreeBuds,数码配件,999,1,999,花呗,已完成,无退款
ORD2025001013,2025-05-25 04:32:31,U00484,男,上海市,上海市,P4002,阿迪达斯卫衣,服饰鞋包,399,1,399,银行卡,已完成,无退款
ORD2025004606,2025-04-07 18:30:00,U00408,男,陕西省,咸阳市,P3002,联想小新笔记本,电脑办公,4999,2,9998,支付宝,已完成,无退款
ORD2025002016,2025-10-04 17:06:25,U00610,女,陕西省,宝鸡市,P1004,小米 15,手机,3999,1,3999,银行卡,已完成,无退款
ORD2025004571,2025-08-06 06:36:46,U00587,女,山东省,青岛市,P2003,小米手环 9,数码配件,299,3,897,支付宝,已完成,无退款
ORD2025003451,2025-11-20 13:37:39,U00871,男,北京市,北京市,P3002,联想小新笔记本,电脑办公,4999,1,4999,支付宝,已发货,无退款
ORD2025003555,2025-04-06 19:44:39,U00105,男,北京市,北京市,P5003,三只松鼠坚果,食品饮料,59,1,59,银行卡,已完成,无退款
ORD2025004445,2025-11-27 21:07:26,U01635,女,北京市,北京市,P2005,机械键盘,电脑配件,399,1,399,银行卡,待付款,无退款
ORD2025001078,2025-09-20 14:17:27,U01705,男,山东省,青岛市,P2002,华为 FreeBuds,数码配件,999,1,999,银行卡,待付款,无退款
ORD2025002730,2025-04-20 06:53:58,U00618,男,湖北省,宜昌市,P2002,华为 FreeBuds,数码配件,999,1,999,花呗,已发货,无退款
ORD2025002942,2025-06-22 07:48:31,U00454,女,浙江省,金华市,P3004,打印机,电脑办公,899,3,2697,银行卡,已发货,无退款
ORD2025001010,2025-05-13 17:08:16,U00870,女,上海市,上海市,P2001,AirPods Pro 2,数码配件,1899,1,1899,支付宝,已完成,已退款
ORD2025003835,2025-01-02 12:56:40,U00697,男,上海市,上海市,P4001,耐克运动鞋,服饰鞋包,599,1,599,银行卡,已完成,无退款
ORD2025002270,2025-10-08 17:35:28,U00260,男,广东省,东莞市,P3003,机械革命游戏本,电脑办公,6299,1,6299,支付宝,已完成,无退款
ORD2025004220,2025-06-05 08:53:26,U00719,女,广东省,广州市,P2003,小米手环 9,数码配件,299,1,299,银行卡,已发货,无退款
ORD2025002366,2025-09-14 05:04:56,U01486,女,四川省,成都市,P3001,戴尔 27英寸显示器,电脑办公,1499,1,1499,支付宝,已完成,无退款
ORD2025003981,2025-10-16 16:53:37,U01276,女,湖北省,武汉市,P1002,iPhone 15 Pro,手机,6999,2,13998,花呗,完成,已退款
ORD2025000439,2025-02-15 07:54:20,U00001,男,河南省,南阳市,P5001,雀巢咖啡,食品饮料,89,1,89,花呗,已完成,无退款
ORD2025003695,2025-01-18 23:35:56,U01729,女,上海市,上海市,P5002,蒙牛纯牛奶,食品饮料,69,1,69,银行卡,已完成,无退款
ORD2025001576,2025-10-06 12:07:01,U00002,男,河南省,洛阳市,P3002,联想小新笔记本,电脑办公,4999,1,4999,银行卡,已完成,无退款
ORD2025003522,2025-07-08 09:02:32,U01245,女,北京市,北京市,P1005,荣耀 Magic7,手机,4499,1,4499,支付宝,已完成,无退款
ORD2025001177,2025-10-21 07:28:31,U00575,女,北京市,北京市,P2002,华为 FreeBuds,数码配件,999,2,1998,花呗,已完成,无退款
ORD2025000870,2025-04-25 18:13:09,U00835,男,上海市,上海市,P2002,华为 FreeBuds,数码配件,999,1,999,花呗,已完成,无退款
ORD2025004501,2025-08-25 03:18:10,U01550,女,山东省,青岛市,P1001,iPhone 15,手机,4999,1,4999,微信支付,已完成,无退款
ORD2025003681,2025-09-20 15:42:39,U01057,男,湖北省,襄阳市,P3002,联想小新笔记本,电脑办公,4999,1,4999,银行卡,待付款,无退款
ORD2025003380,2025-01-19 22:27:42,U00207,男,上海市,上海市,P2001,AirPods Pro 2,数码配件,1899,1,1899,银行卡,已完成,无退款
ORD2025001714,2025-01-16 05:09:06,U00807,女,四川省,德阳市,P1001,iPhone 15,手机,4999,1,4999,银行卡,已发货,无退款
ORD2025002229,2025-12-01 06:15:42,U00079,男,陕西省,宝鸡市,P1004,小米 15,手机,3999,2,7998,银行卡,已发货,无退款
ORD2025002680,2025-12-12 04:48:29,U00840,女,河南省 ,南阳市,P3001,戴尔 27英寸显示器,电脑办公,1499,1,1499,支付宝,已完成,已退款
ORD2025002312,2025-02-04 07:03:40,U00013,男,河南省,郑州市,P1003,华为 Mate 70,手机,5499,1,5499,支付宝,已完成,无退款
ORD2025000707,2025-02-17 03:24:51,U00783,男,四川省,绵阳市,P2002,华为 FreeBuds,数码配件,999,1,999,支付宝,已完成,无退款
ORD2025004040,2025-07-14 03:09:54,U00663,男,河南省,洛阳市,P2002,华为 FreeBuds,数码配件,999,2,1998,银行卡,已完成,无退款
ORD2025002415,2025-06-14 14:16:57,U00612,男,河南省,南阳市,P4003,优衣库羽绒服,服饰鞋包,799,3,2397,微信支付,已完成,无退款
ORD2025002234,2025-10-03 04:50:20,U00231,女,陕西省,宝鸡市,P1004,小米 15,手机,3999,2,7998,花呗,已发货,无退款
ORD2025000499,2025-12-16 08:39:01,U00505,男,浙江省,温州市,P2003,小米手环 9,数码配件,299,1,299,银行卡,已完成,无退款
ORD2025002054,2025-10-21 14:28:01,U00880,男,陕西省,宝鸡市,P1001,iPhone 15,手机,4999,1,4999,花呗,已完成,已退款
ORD2025001252,2025-08-03 02:08:01,U00679,女,江苏省,南京市,P5003,三只松鼠坚果,食品饮料,59,1,59,花呗,已发货,无退款
ORD2025004719,2025-04-09 00:16:36,U00777,女,四川省,绵阳市,P5001,雀巢咖啡,食品饮料,89,1,89,银行卡,已取消,无退款
ORD2025003780,2025-11-13 04:45:04,U00400,女,上海市,上海市,P1003,华为 Mate 70,手机,5499,1,5499,银行卡,已完成,无退款
ORD2025004591,2025-10-24 09:18:18,U01241,男,北京市,北京市,P1001,iPhone 15,手机,4999,1,4999,银行卡,待付款,无退款
ORD2025003968,2025-03-04 20:50:02,U00946,女,上海市,上海市,P4003,优衣库羽绒服,服饰鞋包,799,3,2397,支付宝,已完成,无退款
ORD2025004877,2025-04-30 05:25:47,U00546,男,广东省,东莞市,P1003,华为 Mate 70,手机,5499,1,5499,花呗,已完成,无退款
ORD2025001643,2025-04-24 18:18:02,U00772,男,四川省,绵阳市,P1002,iPhone 15 Pro,手机,6999,1,6999,花呗,已取消,无退款
ORD2025004729,2025-09-05 17:26:51,U01039,男,山东省,青岛市,P3004,打印机,电脑办公,899,1,899,微信支付,已完成,无退款
ORD2025001559,2025-07-22 17:09:12,U00940,男,广东省,广州市,P5001,雀巢咖啡,食品饮料,89,1,89,花呗,已完成,无退款
ORD2025003370,2025-11-09 15:46:36,U01064,女,湖北省,武汉市,P5003,三只松鼠坚果,食品饮料,59,1,59,银行卡,已完成,无退款
ORD2025002162,2025-02-05 11:05:04,U00837,女,浙江省,温州市,P2005,机械键盘,电脑配件,399,4,1596,微信支付,已完成,无退款
ORD2025000307,2025-03-06 05:48:33,U00467,女,四川省,成都市,P1005,荣耀 Magic7,手机,4499,1,4499,银行卡,已完成,无退款
ORD2025000710,2025-05-01 08:27:38,U00097,男,山东省,青岛市,P1001,iPhone 15,手机,4999,2,9998,银行卡,已发货,无退款
ORD2025001929,2025-03-03 07:18:23,U00075,男,北京市,北京市,P4001,耐克运动鞋,服饰鞋包,599,1,599,微信支付,已发货,无退款
ORD2025002999,2025-07-23 12:55:38,U00890,女,上海市,上海市,P5001,雀巢咖啡,食品饮料,89,1,89,花呗,已完成,无退款
ORD2025002088,2025-07-20 22:10:21,U00090,男,河南省,郑州市,P3003,机械革命游戏本,电脑办公,6299,1,6299,支付宝,已完成,无退款
ORD2025000810,2025-07-24 23:40:57,U01088,女,浙江省,温州市,P1005,荣耀 Magic7,手机,4499,1,4499,支付宝,已完成,无退款
ORD2025000744,2025-09-05 07:39:55,U00597,男,北京市,北京市,P3004,打印机,电脑办公,899,1,899,支付宝,已完成,无退款
ORD2025001493,2025-10-12 11:05:07,U01357,女,河南省,郑州市,P5003,三只松鼠坚果,食品饮料,59,1,59,银行卡,已完成,无退款
ORD2025001290,2025-10-31 21:02:01,U00464,女,四川省,德阳市,P3002,联想小新笔记本,电脑办公,4999,1,4999,银行卡,已完成,无退款
ORD2025003898,2025-01-14 19:49:40,U00784,女,河南省,南阳市,P5001,雀巢咖啡,食品饮料,89,1,89,微信支付,已完成,无退款
ORD2025000163,2025-12-17 18:39:27,U01371,男,四川省,绵阳市,P5001,雀巢咖啡,食品饮料,89,1,89,微信支付,已完成,无退款
ORD2025004354,2025-02-20 06:27:47,U00236,女,河南省,洛阳市,P4001,耐克运动鞋,服饰鞋包,599,1,599,微信支付,已发货,无退款
ORD2025002873,2025-06-10 04:00:11,U00690,男,陕西省,宝鸡市,P5003,三只松鼠坚果,食品饮料,59,2,118,支付宝,已完成,无退款
ORD2025002379,2025-11-06 04:10:16,U00297,男,山东省,青岛市,P4002,阿迪达斯卫衣,服饰鞋包,399,2,798,微信支付,已完成,无退款
ORD2025004093,2025-08-03 21:33:29,U00919,女,四川省,成都市,P1005,荣耀 Magic7,手机,4499,1,4499,支付宝,已完成,无退款
ORD2025001653,2025-08-07 21:38:39,U00975,女,北京市,北京市,P1003,华为 Mate 70,手机,5499,5,27495,支付宝,已发货,无退款
ORD2025003437,2025-03-30 18:56:23,U00522,女,湖北省,宜昌市,P2002,华为 FreeBuds,数码配件,999,1,999,微信支付,已发货,无退款
ORD2025003813,2025-12-20 10:08:57,U00105,女,浙江省,温州市,P1001,iPhone 15,手机,4999,1,4999,银行卡,已完成,无退款
ORD2025003332,2025-05-17 03:04:04,U01258,男,湖北省,武汉市,P3002,联想小新笔记本,电脑办公,4999,1,4999,银行卡,已完成,无退款
ORD2025001918,2025-09-09 10:52:14,U00688,男,河南省,洛阳市,P5001,雀巢咖啡,食品饮料,89,1,89,银行卡,已取消,无退款
ORD2025002820,2025-02-28 08:29:24,U00368,女,上海市,上海市,P1003,华为 Mate 70,手机,5499,1,5499,微信支付,已完成,无退款
ORD2025002039,2025-08-23 10:15:10,U00661,男,陕西省,宝鸡市,P5001,雀巢咖啡,食品饮料,89,1,89,花呗,已完成,无退款
ORD2025000959,2025-07-05 19:36:05,U01422,女,陕西省,西安市,P5002,蒙牛纯牛奶,食品饮料,69,2,138,微信支付,已发货,无退款
ORD2025004914,2025-12-20 22:00:20,U01372,女,四川省,德阳市,P1004,小米 15,手机,3999,1,3999,银行卡,已完成,无退款
ORD2025003328,2025-07-24 12:22:26,U00369,男,北京市,北京市,P1001,iPhone 15,手机,4999,1,4999,银行卡,待付款,无退款
ORD2025003304,2025-09-11 14:35:46,U01355,女,北京市,北京市,P3004,打印机,电脑办公,899,1,899,支付宝,已发货,无退款
ORD2025001371,2025-12-13 20:52:16,U01652,男,浙江省,温州市,P2001,AirPods Pro 2,数码配件,1899,2,3798,银行卡,已完成,无退款
ORD2025003718,2025-07-20 18:10:08,U00934,女,四川省,德阳市,P3003,机械革命游戏本,电脑办公,6299,3,18897,支付宝,已取消,无退款
ORD2025003604,2025-04-11 06:46:55,U00823,女,广东省,广州市,P3002,联想小新笔记本,电脑办公,4999,1,4999,银行卡,已取消,无退款
ORD2025003600,2025-07-14 13:10:44,U00138,男,山东省,烟台市,P4003,优衣库羽绒服,服饰鞋包,799,2,1598,银行卡,待付款,无退款
ORD2025001295,2025-07-06 09:50:59,U01550,女,上海市,上海市,P1001,iPhone 15,手机,4999,1,4999,花呗,已完成,无退款
ORD2025000713,2025-03-07 08:31:37,U00373,女,上海市,上海市,P1002,iPhone 15 Pro,手机,6999,1,6999,支付宝,待付款,无退款
ORD2025004792,2025-04-30 19:06:01,U00003,女,江苏省,常州市,P3002,联想小新笔记本,电脑办公,4999,2,9998,花呗,已取消,无退款
ORD2025003732,2025-10-17 18:09:35,U01736,女,北京市,北京市,P3004,打印机,电脑办公,899,1,899,花呗,已完成,无退款
ORD2025000999,2025-04-05 00:31:28,U00693,男,陕西省,宝鸡市,P1002,iPhone 15 Pro,手机,6999,4,27996,花呗,已完成,无退款
ORD2025002489,2025-10-24 19:43:25,U01222,女,浙江省,杭州市,P1004,小米 15,手机,3999,1,3999,微信支付,已完成,无退款
ORD2025001134,2025-12-13 19:38:52,U01165,女,山东省,济南市,p3002,联想小新笔记本,电脑办公,4999,3,14997,支付宝,已完成,无退款
ORD2025002816,2025-08-17 17:41:05,U01336,女,北京市,北京市,P5002,蒙牛纯牛奶,食品饮料,69,1,69,银行卡,已发货,无退款
ORD2025004027,2025-05-11 07:57:18,U00212,女,河南省,洛阳市,P3002,联想小新笔记本,电脑办公,4999,3,14997,花呗,已发货,无退款
ORD2025002322,2025-01-31 02:02:40,U00419,女,四川省,绵阳市,P3002,联想小新笔记本,电脑办公,4999,1,4999,微信支付,已完成,无退款
ORD2025002096,2025-01-20 04:45:09,U00947,女,浙江省,宁波市,P3003,机械革命游戏本,电脑办公,6299,1,6299,花呗,已完成,无退款
ORD2025003283,2025-04-22 10:15:59,U01732,男,四川省,成都市,P3004,打印机,电脑办公,899,1,899,支付宝,已发货,无退款
ORD2025002318,2025-06-03 22:15:27,U01714,女,四川省,德阳市,P2005,机械键盘,电脑配件,399,1,399,花呗,已发货,无退款
ORD2025001706,2025-12-15 22:34:40,U01104,男,江苏省,南京市,P1002,iPhone 15 Pro,手机,6999,1,6999,支付宝,待付款,无退款
ORD2025003579,2025-08-31 15:54:07,U01058,男,山东省,青岛市,P1003,华为 Mate 70,手机,5499,2,10998,支付宝,已完成,无退款
ORD2025004999,2025-10-18 15:30:44,U00786,男,浙江省,金华市,P4002,阿迪达斯卫衣,服饰鞋包,399,3,1197,微信支付,已完成,无退款
ORD2025000016,2025-06-25 13:20:58,U00874,男,北京市,北京市,P3004,打印机,电脑办公,899,1,899,微信支付,已完成,无退款
ORD2025000590,2025-07-15 02:03:06,U00227,男,陕西省,西安市,P1003,华为 Mate 70,手机,5499,2,10998,支付宝,已完成,无退款
ORD2025002899,2025-02-06 04:06:44,U00876,女,河南省,郑州市,P5001,雀巢咖啡,食品饮料,89,1,89,花呗,已发货,无退款
ORD2025000747,2025-06-16 18:46:02,U01360,男,江苏省,南京市,P1005,荣耀 Magic7,手机,4499,1,4499,银行卡,已发货,无退款
ORD2025001585,2025-04-19 22:18:14,U01722,女,广东省,佛山市,P3004,打印机,电脑办公,899,1,899,支付宝,已完成,无退款
ORD2025002758,2025-03-23 19:28:01,U01504,男,河南省,洛阳市,P1003,华为 Mate 70,手机,5499,1,5499,微信支付,已完成,无退款
ORD2025001548,2025-04-16 00:37:09,U00772,男,四川省,德阳市,P2002,华为 FreeBuds,数码配件,999,1,999,银行卡,待付款,无退款
ORD2025003589,2025-03-16 10:18:22,U00652,女,陕西省,西安市,P3001,戴尔 27英寸显示器,电脑办公,1499,1,1499,银行卡,已完成,无退款
ORD2025003782,2025-10-10 17:50:24,U01758,男,江苏省,无锡市,P5001,雀巢咖啡,食品饮料,89,1,89,微信支付,已完成,无退款
ORD2025000277,2025-06-09 07:29:12,U00297,男,江苏省,南京市,P1004,小米 15,手机,3999,1,3999,花呗,已发货,无退款
ORD2025002321,2025-01-03 20:32:49,U01792,男,广东省,广州市,P3004,打印机,电脑办公,899,1,899,银行卡,退款中,退款中
ORD2025001604,2025-03-29 01:16:30,U01745,男,陕西省,宝鸡市,P2003,小米手环 9,数码配件,299,1,299,支付宝,已完成,无退款
ORD2025000900,2025-09-26 20:35:38,U01693,女,广东省,广州市,P2002,华为 FreeBuds,数码配件,999,2,1998,微信支付,已发货,无退款
ORD2025002102,2025-06-23 06:01:55,U01136,女,湖北省,武汉市,P2002,华为 FreeBuds,数码配件,999,1,999,微信支付,已完成,无退款
ORD2025000940,2025-12-09 22:46:30,U00680,男,江苏省,南京市,P1002,iPhone 15 Pro,手机,6999,2,13998,银行卡,已取消,无退款
ORD2025000883,2025-06-01 13:13:43,U01724,女,河南省,洛阳市,P3003,机械革命游戏本,电脑办公,6299,1,6299,花呗,已发货,无退款
ORD2025004156,2025-10-16 16:18:16,U00796,女,江苏省,常州市,P1003,华为 Mate 70,手机,5499,1,5499,支付宝,已完成,无退款
ORD2025001616,2025-03-08 09:06:01,U01134,男,河南省,南阳市,P4001,耐克运动鞋,服饰鞋包,599,1,599,花呗,已完成,无退款
ORD2025002116,2025-01-12 22:55:05,U00393,男,陕西省,咸阳市,P3002,联想小新笔记本,电脑办公,4999,2,9998,微信支付,已完成,无退款
ORD2025001002,2025-04-06 22:47:07,U01292,女,山东省,青岛市,P4002,阿迪达斯卫衣,服饰鞋包,399,2,798,银行卡,已完成,无退款
ORD2025003208,2025-02-15 07:10:01,U01509, 女,广东省,东莞市,p4003,优衣库羽绒服,服饰鞋包,799,1,799,花呗,已完成,无退款
ORD2025004165,2025-09-16 13:17:22,U01497,女,河南省,南阳市,P4001,耐克运动鞋,服饰鞋包,599,2,1198,花呗,已完成,无退款
ORD2025002659,2025-03-24 07:51:57,U00387,女,浙江省,金华市,P1004,小米 15,手机,3999,1,3999,微信支付,已完成,无退款
ORD2025001345,2025-11-27 05:37:35,U00743,女,湖北省,襄阳市,P2001,AirPods Pro 2,数码配件,1899,1,1899,支付宝,已完成,无退款
ORD2025000461,2025-08-06 22:48:38,U00523,男,北京市,北京市,P3001,戴尔 27英寸显示器,电脑办公,1499,3,4497,微信支付,已完成,无退款
ORD2025002494,2025-06-26 04:11:05,U00655,女,北京市,北京市,P3002,联想小新笔记本,电脑办公,4999,3,14997,微信支付,已完成,无退款
ORD2025001684,2025-10-11 14:10:01,U01642,男,江苏省,南京市,P4001,耐克运动鞋,服饰鞋包,599,1,599,微信支付,已完成,无退款
ORD2025001867,2025-10-30 21:05:56,U00583,男,广东省,广州市,P3002,联想小新笔记本,电脑办公,4999,1,4999,支付宝,已完成,无退款
ORD2025003482,2025-06-07 02:00:47,U01281,女,广东省,东莞市,P1004,小米 15,手机,3999,1,3999,微信支付,已完成,无退款
ORD2025000172,2025-04-02 19:05:57,U01194,女,山东省,烟台市,P1003,华为 Mate 70,手机,5499,1,5499,银行卡,已完成,无退款
ORD2025004817,2025-01-18 03:19:05,U00601,男,北京市,北京市,P3004,打印机,电脑办公,899,3,2697,花呗,已完成,无退款
ORD2025002360,2025-01-08 15:08:39,U01187,女,陕西省,咸阳市,P2004,罗技 MX Master 3S,电脑配件,699,1,699,微信支付,已完成,无退款
ORD2025003959,2025-03-22 02:31:29,U00212,男,广东省,广州市,P4001,耐克运动鞋,服饰鞋包,599,2,1198,银行卡,已完成,无退款
ORD2025001959,2025-02-24 10:26:01,U01257,女,河南省,南阳市,P4003,优衣库羽绒服,服饰鞋包,799,1,799,微信支付,已完成,无退款
ORD2025002142,2025-05-12 17:49:01,U01711,男,浙江省,金华市,P3001,戴尔 27英寸显示器,电脑办公,1499,1,1499,银行卡,已完成,无退款
ORD2025000507,2025-11-13 02:27:20,U01405,男,浙江省,杭州市,P1002,iPhone 15 Pro,手机,6999,1,6999,花呗,已完成,无退款
ORD2025000421,2025-07-06 22:07:38,U01539,女,陕西省,宝鸡市,P5002,蒙牛纯牛奶,食品饮料,69,1,69,花呗,已取消,无退款
ORD2025002716,2025-04-19 09:06:06,U01373,男,江苏省,常州市,P1004,小米 15,手机,3999,1,3999,微信支付,已完成,无退款
ORD2025000958,2025-05-26 20:07:13,U00645,男,山东省,济南市,P2004,罗技 MX Master 3S,电脑配件,699,1,699,银行卡,已完成,无退款
ORD2025004023,2025-06-16 22:31:36,U01703,女,广东省,佛山市,P2005,机械键盘,电脑配件,399,1,399,银行卡,已完成,无退款
ORD2025003367,2025-09-29 13:45:31,U00067,女,上海市,上海市,P3003,机械革命游戏本,电脑办公,6299,1,6299,微信支付,已完成,无退款
ORD2025002987,2025-11-08 15:56:30,U00880,男,浙江省,温州市,P2002,华为 FreeBuds,数码配件,999,1,999,银行卡,已完成,无退款
ORD2025000359,2025-03-29 19:08:02,U00871,男,上海市,上海市,P3003,机械革命游戏本,电脑办公,6299,2,12598,微信支付,已完成,无退款
ORD2025000210,2025-11-06 17:49:38,U01317,男,陕西省,宝鸡市,P3004,打印机,电脑办公,899,1,899,花呗,已完成,无退款
ORD2025004530,2025-09-25 06:35:41,U01275,男,浙江省,宁波市,P1004,小米 15,手机,3999,3,11997,微信支付,已完成,无退款
ORD2025004015,2025-02-13 22:54:46,U00326,女,广东省,广州市,P2002,华为 FreeBuds,数码配件,999,1,999,银行卡,已发货,无退款
ORD2025004444,2025-05-14 04:03:14,U00440,女,山东省,烟台市,P1002,iPhone 15 Pro,手机,6999,1,6999,微信支付,已完成,无退款
ORD2025003040,2025-06-08 23:08:30,U01115,男,湖北省,宜昌市,P2005,机械键盘,电脑配件,399,2,798,银行卡,已取消,无退款
ORD2025002762,2025-11-26 18:22:40,U01031,女,陕西省,西安市,P3003,机械革命游戏本,电脑办公,6299,2,12598,支付宝,已完成,无退款
ORD2025000032,2025-03-15 11:28:31,U01203,女,北京市,北京市,P1003,华为 Mate 70,手机,5499,1,5499,银行卡,已完成,无退款
ORD2025003286,2025-08-31 13:55:55,U00886,男,浙江省,宁波市,P1001,iPhone 15,手机,4999,2,9998,银行卡,已完成,无退款
ORD2025000859,2025-04-26 23:01:54,U00729,男,江苏省,无锡市,P1002,iPhone 15 Pro,手机,6999,1,6999,支付宝,已完成,无退款
ORD2025001029,2025-09-07 01:57:50,U01486,男,广东省,广州市,P4001,耐克运动鞋,服饰鞋包,599,4,2396,花呗,已完成,无退款
ORD2025002073,2025-09-12 16:25:25,U00550,女,河南省,洛阳市,P5001,雀巢咖啡,食品饮料,89,2,178,银行卡,已完成,无退款
ORD2025003058,2025-12-24 02:38:45,U01447,女,上海市,上海市,P4001,耐克运动鞋,服饰鞋包,599,2,1198,支付宝,待付款,无退款
ORD2025000954,2025-11-26 11:40:26,U00741,女,广东省,佛山市,P2002,华为 FreeBuds,数码配件,999,1,999,花呗,已完成,无退款
ORD2025003052,2025-04-02 21:53:14,U00908,男,陕西省,西安市,P1001,iPhone 15,手机,4999,1,4999,花呗,已完成,无退款
ORD2025002258,2025-01-19 06:50:01,U00317,男,陕西省,西安市,P4003,优衣库羽绒服,服饰鞋包,799,1,799,花呗,已完成,无退款
ORD2025002260,2025-05-02 11:00:13,U01533,女,北京市,北京市,P2005,机械键盘,电脑配件,399,2,798,支付宝,已完成,无退款
ORD2025004600,2025-05-31 17:19:38,U00793,男,广东省,佛山市,P5002,蒙牛纯牛奶,食品饮料,69,1,69,支付宝,退款中,退款中
ORD2025001212,2025-12-19 02:52:58,U01636,女,河南省,洛阳市,P1005,荣耀 Magic7,手机,4499,1,4499,微信支付,已发货,无退款
ORD2025002291,2025-05-22 16:20:26,U00513,女,上海市,上海市,P3003,机械革命游戏本,电脑办公,6299,1,6299,花呗,已完成,无退款
ORD2025003011,2025-03-05 01:23:57,U00167,女,山东省,济南市,P2003,小米手环 9,数码配件,299,4,1196,银行卡,已完成,无退款
ORD2025002990,2025-04-02 15:31:17,U01381,男,河南省,南阳市,P1004,小米 15,手机,3999,1,3999,银行卡,已完成,无退款
ORD2025003569,2025-06-27 07:46:31,U01236,男,湖北省,襄阳市,P2003,小米手环 9,数码配件,299,1,299,花呗,已完成,无退款
ORD2025004555,2025-03-11 20:51:10,U00235,女,山东省,青岛市,P2002,华为 FreeBuds,数码配件,999,3,2997,银行卡,已完成,无退款
ORD2025000685,2025-06-20 02:36:31,U00760,女,浙江省,宁波市,P3003,机械革命游戏本,电脑办公,6299,1,6299,支付宝,已完成,无退款
ORD2025002779,2025-04-26 07:48:47,U01560,女,四川省,成都市,P1004,小米 15,手机,3999,1,3999,银行卡,已取消,无退款
ORD2025004688,2025-01-29 01:50:49,U01144,男,湖北省,宜昌市,P1005,荣耀 Magic7,手机,4499,1,4499,银行卡,已取消,无退款
ORD2025004384,2025-08-03 08:44:12,U01179,女,上海市,上海市,P2003,小米手环 9,数码配件,299,1,299,花呗,已完成,无退款
ORD2025001359,2025/07/31 18:54:12,U00429,男,四川省,德阳市,P4002,阿迪达斯卫衣,服饰鞋包,399,1,399,银行卡,已发货,无退款
ORD2025000819,2025-04-20 21:58:57,U01604,男,山东省,青岛市,P4003,优衣库羽绒服,服饰鞋包,799,1,799,微信支付,已完成,无退款
ORD2025000165,2025-05-09 14:59:57,U00455,男,上海市,上海市,P4002,阿迪达斯卫衣,服饰鞋包,399,2,798,花呗,已完成,无退款
ORD2025003585,2025-03-22 10:21:57,U00693,女,广东省,深圳市,P2005,机械键盘,电脑配件,399,1,399,微信支付,已完成,无退款
ORD2025000782,2025-01-21 16:39:12,U00383,女,广东省,佛山市,P4003,优衣库羽绒服,服饰鞋包,799,2,1598,花呗,已取消,无退款
ORD2025004636,2025-10-01 08:41:41,U01733,女,陕西省,咸阳市,P2002,华为 FreeBuds,数码配件,999,1,999,花呗,已发货,无退款
ORD2025003220,2025-02-19 13:19:26,U01006,男,上海市,上海市,P3003,机械革命游戏本,电脑办公,6299,4,25196,银行卡,已完成,无退款
ORD2025004612,2025-12-04 19:18:41,U01233,女,河南省,郑州市,P2003,小米手环 9,数码配件,299,3,897,微信支付,待付款,无退款
ORD2025000951,2025-01-11 08:37:11,U00772,女,北京市,北京市,P3004,打印机,电脑办公,899,3,2697,支付宝,已完成,无退款
ORD2025003252,2025-10-30 07:00:48,U00913,男,江苏省,无锡市,P1004,小米 15,手机,3999,1,3999,花呗,已完成,无退款
ORD2025003971,2025-12-04 22:37:06,U01719,女,河南省,洛阳市,P1003,华为 Mate 70,手机,5499,2,10998,支付宝,已完成,无退款
ORD2025001879,2025-10-06 03:00:23,U01319,男,湖北省,武汉市,P3004,打印机,电脑办公,899,1,899,微信支付,已完成,无退款
ORD2025001501,2025-10-08 16:25:57,U00851,男,浙江省,温州市,P3003,机械革命游戏本,电脑办公,6299,1,6299,花呗,退款中,退款中
ORD2025003118,2025-11-24 23:02:16,U00093,男,山东省,青岛市,P2002,华为 FreeBuds,数码配件,999,2,1998,花呗,已完成,已退款
ORD2025004775,2025-03-16 04:48:54,U01416,女,山东省,青岛市,P2002,华为 FreeBuds,数码配件,999,1,999,花呗,已完成,无退款
ORD2025003363,2025-07-13 18:56:18,U01463,女,江苏省,常州市,P2005,机械键盘,电脑配件,399,1,399,支付宝,已完成,无退款
ORD2025003357,2025-09-13 14:01:02,U01512,男,湖北省,武汉市,P1003,华为 Mate 70,手机,5499,1,5499,微信支付,已完成,无退款
ORD2025001545,2025-12-03 01:49:08,U00143,男,浙江省,杭州市,P2005,机械键盘,电脑配件,399,1,399,支付宝,已发货,无退款
ORD2025000690,2025-01-26 14:52:06,U01025,男,江苏省,常州市,P3001,戴尔 27英寸显示器,电脑办公,1499,1,1499,银行卡,已完成,无退款
ORD2025000500,2025-01-27 07:38:42,U00265,男,江苏省,南京市,P3001,戴尔 27英寸显示器,电脑办公,1499,2,2998,花呗,已发货,无退款
ORD2025002428,2025-06-02 02:13:55,U00100,男,陕西省,咸阳市,P1001,iPhone 15,手机,4999,1,4999,花呗,已完成,无退款
ORD2025003537,2025-04-13 23:18:30,U00908,男,广东省,东莞市,P1001,iPhone 15,手机,4999,1,4999,银行卡,待付款,无退款
ORD2025003372,2025-11-23 07:12:15,U01197,女,陕西省,西安市,P3004,打印机,电脑办公,899,1,899,支付宝,已完成,无退款
ORD2025004904,2025-08-10 08:11:33,U01352,男,江苏省,无锡市,P4003,优衣库羽绒服,服饰鞋包,799,1,799,微信支付,已完成,无退款
ORD2025004537,2025-01-27 21:09:24,U00379,女,河南省,洛阳市,P2001,AirPods Pro 2,数码配件,1899,3,5697,花呗,已完成,无退款
ORD2025004437,2025-04-18 09:35:14,U00407,女,山东省,烟台市,P3002,联想小新笔记本,电脑办公,4999,1,4999,花呗,已完成,无退款
ORD2025004859,2025-02-09 11:54:30,U00835,男,广东省,深圳市,P2004,罗技 MX Master 3S,电脑配件,699,1,699,银行卡,已发货,无退款
ORD2025003997,2025-11-11 17:59:12,U00332,男,上海市,上海市,P1001,iPhone 15,手机,4999,1,4999,微信支付,待付款,无退款
ORD2025003000,2025-08-01 11:04:31,U01566,男,上海市,上海市,P4002,阿迪达斯卫衣,服饰鞋包,399,1,399,银行卡,已完成,无退款
ORD2025000236,2025-08-15 18:30:27,U00237,男,江苏省,常州市,P1004,小米 15,手机,3999,1,3999,银行卡,已完成,无退款
ORD2025004068,2025-07-11 12:07:38,U01054,女,上海市,上海市,P3002,联想小新笔记本,电脑办公,4999,3,14997,银行卡,已发货,无退款
ORD2025000694,2025-04-11 10:00:10,U00683,男,广东省,深圳市,P1002,iPhone 15 Pro,手机,6999,1,6999,银行卡,已完成,无退款
ORD2025001305,2025-09-11 21:19:52,U00048,女,陕西省,西安市,P3004,打印机,电脑办公,899,2,1798,微信支付,已完成,无退款
ORD2025003323,2025-03-06 05:59:59,U01661,女,湖北省,宜昌市,P5002,蒙牛纯牛奶,食品饮料,69,1,69,花呗,已完成,无退款
ORD2025002248,2025-05-14 07:13:11,U01365,女,浙江省,杭州市,P1001,iPhone 15,手机,4999,3,14997,花呗,已完成,无退款
ORD2025003755,2025-08-23 01:11:13,U01556,男,湖北省,宜昌市,P4001,耐克运动鞋,服饰鞋包,599,2,1198,花呗,已完成,已退款
ORD2025002861,2025-11-18 17:41:44,U00094,女,广东省,东莞市,P1004,小米 15,手机,3999,1,3999,银行卡,已完成,无退款
ORD2025004170,2025-10-21 19:08:10,U00739,女,江苏省,无锡市,P2005,机械键盘,电脑配件,399,2,798,银行卡,已完成,已退款
ORD2025000739,2025-08-19 14:04:55,U01643,女,广东省,广州市,P1005,荣耀 Magic7,手机,4499,1,4499,支付宝,已发货,无退款
ORD2025004363,2025-05-17 07:07:10,U01077,男,河南省,郑州市,P1001,iPhone 15,手机,4999,3,14997,支付宝,已完成,无退款
ORD2025004556,2025-12-21 05:02:45,U00495,女,上海市,上海市,P3004,打印机,电脑办公,899,2,1798,支付宝,已完成,无退款
ORD2025003478,2025-09-20 07:41:20,U00648,女,河南省,郑州市,P1001,iPhone 15,手机,4999,5,24995,支付宝,已完成,无退款
ORD2025004439,2025-06-24 15:35:17,U00712,男,河南省,郑州市,P3002,联想小新笔记本,电脑办公,4999,1,4999,微信支付,待付款,无退款
ORD2025001139,2025-05-26 16:08:24,U00261,女,广东省,东莞市,P5002,蒙牛纯牛奶,食品饮料,69,3,207,支付宝,已完成,无退款
ORD2025000699,2025-06-16 18:49:16,U00503,女,上海市,上海市,P4001,耐克运动鞋,服饰鞋包,599,1,599,银行卡,已完成,无退款
ORD2025002644,2025-05-18 09:47:51,U00348,男,陕西省,咸阳市,P1002,iPhone 15 Pro,手机,6999,2,13998,银行卡,已完成,无退款
ORD2025004200,2025-08-11 10:43:54,U01588,男,浙江省,杭州市,P2004,罗技 MX Master 3S,电脑配件,699,1,699,支付宝,已完成,无退款
ORD2025003978,2025-11-30 21:25:37,U00908,女,上海市,上海市,P1002,iPhone 15 Pro,手机,6999,1,6999,微信支付,已发货,无退款
ORD2025000939,2025-08-09 21:22:30,U01513,男,上海市,上海市,P3004,打印机,电脑办公,899,1,899,微信支付,已完成,无退款
ORD2025001240,2025-07-26 22:35:23,U01189,男,湖北省,宜昌市,P2003,小米手环 9,数码配件,299,1,299,微信支付,已完成,无退款
ORD2025004673,2025-08-21 01:58:21,U00325,男,江苏省,南京市,P5003,三只松鼠坚果,食品饮料,59,3,177,花呗,已取消,无退款
ORD2025004713,2025-08-14 18:20:21,U00156,男,浙江省,温州市,P4001,耐克运动鞋,服饰鞋包,599,1,599,支付宝,已完成,无退款
ORD2025002589,2025-01-26 07:01:57,U00247,男,湖北省,武汉市,P2002,华为 FreeBuds,数码配件,999,4,3996,花呗,已完成,无退款
ORD2025003954,2025-02-16 16:03:19,U00181,男,四川省,绵阳市,P4003,优衣库羽绒服,服饰鞋包,799,2,1598,花呗,已取消,无退款
ORD2025004705,2025-11-02 15:40:32,U00017,男,广东省,东莞市,P1004,小米 15,手机,3999,1,3999,微信支付,已完成,无退款
ORD2025003125,2025-07-29 23:08:45,U00992,男,广东省,广州市,P2005,机械键盘,电脑配件,399,2,798,银行卡,已完成,无退款
ORD2025001794,2025-07-31 18:13:44,U01420,男,上海市,上海市,P5003,三只松鼠坚果,食品饮料,59,2,118,微信支付,已完成,无退款
ORD2025002893,2025-04-27 13:16:59,U00697,女,浙江省,温州市,P4003,优衣库羽绒服,服饰鞋包,799,3,2397,支付宝,已取消,无退款
ORD2025004260,2025-10-07 02:06:32,U00605,女,广东省,深圳市,P4003,优衣库羽绒服,服饰鞋包,799,2,1598,花呗,已发货,无退款
ORD2025000973,2025-04-07 16:21:53,U00171,女,浙江省,金华市,P1003,华为 Mate 70,手机,5499,1,5499,支付宝,已完成,已退款
ORD2025001578,2025-03-13 10:41:17,U00716,男,四川省,绵阳市,P3003,机械革命游戏本,电脑办公,6299,1,6299,微信支付,已完成,无退款
ORD2025004043,2025-08-01 11:07:25,U01615,女,湖北省,武汉市,P4001,耐克运动鞋,服饰鞋包,599,1,599,支付宝,已取消,无退款
ORD2025002927,2025-09-29 00:31:53,U01276,女,浙江省,宁波市,P1003,华为 Mate 70,手机,5499,3,16497,支付宝,已完成,无退款
ORD2025002247,2025-02-26 04:22:04,U00265,女,河南省,南阳市,P2002,华为 FreeBuds,数码配件,999,1,999,微信支付,已完成,无退款
ORD2025000961,2025-09-26 12:35:36,U00941,女,陕西省,西安市,P2005,机械键盘,电脑配件,399,2,798,花呗,已完成,无退款
ORD2025000213,2025-06-06 02:05:21,U00619,男,湖北省,武汉市,P1001,iPhone 15,手机,4999,1,4999,银行卡,已完成,已退款
ORD2025001765,2025-01-23 14:24:47,U01630,男,广东省,广州市,P4002,阿迪达斯卫衣,服饰鞋包,399,1,399,微信支付,已完成,无退款
ORD2025001908,2025-08-05 13:24:58,U00127,女,陕西省,西安市,P1005,荣耀 Magic7,手机,4499,1,4499,花呗,已完成,无退款
ORD2025003528,2025-05-11 23:53:43,U00848,男,四川省,成都市,P3004,打印机,电脑办公,899,3,2697,银行卡,已完成,无退款
ORD2025003752,2025-02-19 18:56:00,U00690,女,广东省,广州市,P5002,蒙牛纯牛奶,食品饮料,69,1,69,支付宝,已完成,无退款
ORD2025003172,2025-03-10 02:11:51,U00969,女,上海市,上海市,P2005,机械键盘,电脑配件,399,1,399,支付宝,已完成,无退款
ORD2025003558,2025-11-19 01:14:50,U00132,女,江苏省,南京市,P2002,华为 FreeBuds,数码配件,999,1,999,银行卡,已完成,无退款
ORD2025004981,2025-01-18 17:44:07,U00892,男,河南省,洛阳市,P1003,华为 Mate 70,手机,5499,1,5499,花呗,已完成,无退款
ORD2025004261,2025-07-19 21:01:35,U01543,女,山东省,济南市,P5002,蒙牛纯牛奶,食品饮料,69,1,69,花呗,已发货,无退款
ORD2025004278,2025-03-03 13:26:27,U01178,女,上海市,上海市,P1002,iPhone 15 Pro,手机,6999,3,20997,花呗,已完成,无退款
ORD2025000784,2025-07-11 17:46:36,U00757,女,湖北省,襄阳市,P4002,阿迪达斯卫衣,服饰鞋包,399,1,399,花呗,已完成,已退款
ORD2025001099,2025-04-11 08:45:02,U01225,男,江苏省,常州市,P2005,机械键盘,电脑配件,399,1,399,花呗,已完成,无退款
ORD2025003269,2025-04-20 07:43:16,U00284,男,江苏省,常州市,P2005,机械键盘,电脑配件,399,2,798,银行卡,已发货,无退款
ORD2025002614,2025-02-09 09:43:18,U00579,男,河南省,洛阳市,P3004,打印机,电脑办公,899,1,899,支付宝,已发货,无退款
ORD2025004749,2025-07-14 04:23:19,U01526,女,浙江省,宁波市,P3001,戴尔 27英寸显示器,电脑办公,1499,1,1499,花呗,已完成,无退款
ORD2025004517,2025-08-11 05:39:19,U00854,女,陕西省,宝鸡市,P2002,华为 FreeBuds,数码配件,999,1,999,支付宝,已发货,无退款
ORD2025002699,2025-04-06 10:08:08,U01204,女,山东省,青岛市,P2004,罗技 MX Master 3S,电脑配件,699,1,699,支付宝,退款中,退款中
ORD2025001868,2025-11-04 07:50:42,U00701,男,广东省,东莞市,P5002,蒙牛纯牛奶,食品饮料,69,2,138,支付宝,已完成,无退款
ORD2025002623,2025-01-26 11:41:56,U01429,女,湖北省,宜昌市,P4003,优衣库羽绒服,服饰鞋包,799,2,1598,花呗,已完成,无退款
ORD2025002214,2025-03-10 17:29:15,U01498,女,广东省,佛山市,P4001,耐克运动鞋,服饰鞋包,599,1,599,支付宝,已完成,无退款
ORD2025003004,2025-02-26 08:15:44,U01540,女,上海市,上海市,P1001,iPhone 15,手机,4999,2,9998,微信支付,已完成,无退款
ORD2025000574,2025-08-25 02:11:59,U01291,男,上海市,上海市,P1002,iPhone 15 Pro,手机,6999,2,13998,微信支付,已完成,无退款
ORD2025003466,2025-12-31 10:37:26,U01169,男,陕西省,西安市,P4001,耐克运动鞋,服饰鞋包,599,1,599,花呗,已取消,已退款
ORD2025002231,2025-10-13 08:06:20,U01127,男,上海市,上海市,P4003,优衣库羽绒服,服饰鞋包,799,1,799,花呗,已取消,无退款
ORD2025003434,2025-06-21 16:06:58,U00528,女,陕西省,西安市,P4003,优衣库羽绒服,服饰鞋包,799,2,1598,花呗,已完成,无退款
ORD2025004418,2025-05-21 20:10:36,U00965,男,上海市,上海市,P1004,小米 15,手机,3999,1,3999,支付宝,退款中,退款中
ORD2025004168,2025-09-04 06:35:20,U01085,女,上海市,上海市,P4001,耐克运动鞋,服饰鞋包,599,1,599,花呗,已完成,无退款
ORD2025000758,2025-05-06 14:08:18,U00098,女,湖北省,襄阳市,P5001,雀巢咖啡,食品饮料,89,1,89,微信支付,已完成,无退款
ORD2025002486,2025-05-21 08:36:25,U00685,女,四川省,绵阳市,P1003,华为 Mate 70,手机,5499,2,10998,花呗,已发货,无退款
ORD2025003696,2025-03-09 12:25:59,U00256,男,北京市,北京市,P1005,荣耀 Magic7,手机,4499,1,4499,支付宝,已完成,已退款
ORD2025002377,2025-09-03 03:33:37,U00197,男,河南省,洛阳市,P5001,雀巢咖啡,食品饮料,89,1,89,银行卡,待付款,无退款
ORD2025002367,2025-08-18 19:20:54,U00014,男,河南省,南阳市,P3003,机械革命游戏本,电脑办公,6299,3,18897,微信支付,已完成,无退款
ORD2025001957,2025-11-24 19:52:25,U01104,女,河南省,洛阳市,P1005,荣耀 Magic7,手机,4499,2,8998,支付宝,已完成,无退款
ORD2025003088,2025-10-16 09:52:38,U00574,男,陕西省,宝鸡市,P1001,iPhone 15,手机,4999,3,14997,花呗,已完成,已退款
ORD2025003020,2025-08-25 20:31:43,U01611,女,上海市,上海市,P2001,AirPods Pro 2,数码配件,1899,1,1899,花呗,已完成,无退款
ORD2025000428,2025-08-24 17:32:56,U01235,男,河南省,洛阳市,P1004,小米 15,手机,3999,1,3999,微信支付,已完成,无退款
ORD2025004033,2025-02-12 19:06:28,U00844,女,广东省,广州市,P1004,小米 15,手机,3999,2,7998,花呗,已完成,无退款
ORD2025004790,2025-11-26 22:21:09,U00508,男,江苏省,常州市,P3001,戴尔 27英寸显示器,电脑办公,1499,1,1499,微信支付,已完成,无退款
ORD2025002410,2025-10-29 20:25:40,U00368,女,江苏省,无锡市,P2005,机械键盘,电脑配件,399,2,798,银行卡,已完成,无退款
ORD2025000263,2025-07-09 03:13:18,U00906,男,山东省,烟台市,P1001,iPhone 15,手机,4999,2,9998,花呗,已完成,无退款
ORD2025004055,2025-12-03 03:58:47,U00353,男,广东省,深圳市,P1004,小米 15,手机,3999,1,3999,微信支付,已完成,无退款
ORD2025003484,2025-03-11 17:15:47,U00213,男,上海市,上海市,P5001,雀巢咖啡,食品饮料,89,1,89,支付宝,已取消,无退款
ORD2025002067,2025-10-25 15:03:25,U00945,女,河南省,洛阳市,P2005,机械键盘,电脑配件,399,1,399,支付宝,已完成,无退款
ORD2025001772,2025-08-16 20:15:14,U01721,女,浙江省,温州市,P2004,罗技 MX Master 3S,电脑配件,699,2,1398,微信支付,已完成,无退款
ORD2025001136,2025-01-03 18:52:33,U01238,男,陕西省,西安市,P2004,罗技 MX Master 3S,电脑配件,699,2,1398,银行卡,已完成,无退款
ORD2025004181,2025-12-05 11:12:49,U01434,女,山东省,青岛市,P5002,蒙牛纯牛奶,食品饮料,69,3,207,微信支付,已完成,无退款
ORD2025000529,2025-02-19 06:46:19,U00119,女,湖北省,襄阳市,P1004,小米 15,手机,3999,1,3999,支付宝,已完成,无退款
ORD2025001837,2025-01-29 01:46:13,U00616,男,浙江省,宁波市,P2003,小米手环 9,数码配件,299,1,299,微信支付,已完成,无退款
ORD2025004140,2025-11-23 22:47:11,U01658,男,江苏省,常州市,P1003,华为 Mate 70,手机,5499,1,5499,支付宝,已完成,无退款
ORD2025001857,2025-11-25 08:50:48,U00803,男,河南省,南阳市,P1005,荣耀 Magic7,手机,4499,1,4499,微信支付,已完成,无退款
ORD2025003154,2025-04-23 18:00:06,U01064,男,广东省,深圳市,P1002,iPhone 15 Pro,手机,6999,1,6999,微信支付,已完成,已退款
ORD2025001065,2025-08-07 06:39:49,U01517,女,湖北省,武汉市,P1005,荣耀 Magic7,手机,4499,2,8998,花呗,已完成,无退款
ORD2025003857,2025-12-17 14:06:33,U00400,男,上海市,上海市,P4001,耐克运动鞋,服饰鞋包,599,2,1198,支付宝,已完成,无退款
ORD2025000857,2025-07-17 23:26:44,U01379,女,江苏省,常州市,P5003,三只松鼠坚果,食品饮料,59,2,118,支付宝,已完成,无退款
ORD2025002210,2025-02-04 21:21:29,U00518,女,湖北省,宜昌市,P5002,蒙牛纯牛奶,食品饮料,69,2,138,支付宝,已发货,无退款
ORD2025002572,2025-06-15 17:22:14,U00850,女,湖北省,武汉市,P1005,荣耀 Magic7,手机,4499,1,4499,微信支付,已完成,无退款
ORD2025004585,2025-10-14 04:42:26,U01093,女,湖北省,武汉市,P1005,荣耀 Magic7,手机,4499,2,8998,支付宝,已发货,无退款
ORD2025001863,2025-08-21 14:30:03,U01697,女,广东省,佛山市,P2002,华为 FreeBuds,数码配件,999,2,1998,花呗,已完成,无退款
ORD2025001767,2025-05-14 11:59:51,U01630,女,北京市,北京市,P3004,打印机,电脑办公,899,2,1798,银行卡,已完成,无退款
ORD2025004101,2025-06-06 10:53:06,U00849,女,江苏省,南京市,P2003,小米手环 9,数码配件,299,1,299,微信支付,已完成,无退款
ORD2025002706,2025-04-10 12:15:13,U00591,男,广东省,广州市,P5002,蒙牛纯牛奶,食品饮料,69,1,69,花呗,已完成,无退款
ORD2025004652,2025-11-22 17:36:59,U00635,男,河南省,洛阳市,P3001,戴尔 27英寸显示器,电脑办公,1499,1,1499,花呗,已完成,无退款
ORD2025003632,2025-05-09 15:49:59,U01218,男,江苏省,苏州市,P5001,雀巢咖啡,食品饮料,89,1,89,银行卡,已完成,无退款
ORD2025004908,2025-03-14 22:56:56,U00088,男,北京市,北京市,P1001,iPhone 15,手机,4999,1,4999,花呗,已完成,无退款
ORD2025003672,2025-05-07 20:58:53,U01002,女,山东省,青岛市,P1002,iPhone 15 Pro,手机,6999,2,13998,花呗,已取消,无退款
ORD2025001185,2025-11-02 05:48:05,U01403,男,江苏省,常州市,P1001,iPhone 15,手机,4999,1,4999,花呗,已取消,无退款
ORD2025000825,2025-08-08 01:31:36,U01053,女,北京市,北京市,P5003,三只松鼠坚果,食品饮料,59,1,59,微信支付,已完成,无退款
ORD2025004732,2025-03-02 09:19:50,U01040,男,四川省,德阳市,P4002,阿迪达斯卫衣,服饰鞋包,399,1,399,支付宝,已完成,无退款
ORD2025003649,2025-07-10 05:46:25,U00501,男,四川省,德阳市,P4002,阿迪达斯卫衣,服饰鞋包,399,4,1596,银行卡,已完成,无退款
ORD2025003640,2025-02-01 04:55:52,U01466,男,陕西省,咸阳市,P1003,华为 Mate 70,手机,5499,1,5499,支付宝,已完成,无退款
ORD2025001977,2025-04-14 15:51:21,U00140,男,北京市,北京市,P1003,华为 Mate 70,手机,5499,2,10998,花呗,已完成,无退款
ORD2025003072,2025-11-05 18:34:19,U01585,男,浙江省,杭州市,P4002,阿迪达斯卫衣,服饰鞋包,399,2,798,支付宝,已完成,无退款
ORD2025000742,2025-01-21 06:40:29,U00499,女,浙江省,温州市,P1001,iPhone 15,手机,4999,1,4999,支付宝,已完成,无退款
ORD2025001402,2025-05-01 21:16:41,U00539,男,河南省,郑州市,P3002,联想小新笔记本,电脑办公,4999,1,4999,微信支付,已完成,无退款
ORD2025000876,2025-08-07 21:37:31,U00453,女,四川省,德阳市,P3003,机械革命游戏本,电脑办公,6299,1,6299,微信支付,待付款,无退款
ORD2025001521,2025-02-08 15:34:11,U00168,男,广东省,佛山市,P4002,阿迪达斯卫衣,服饰鞋包,399,1,399,支付宝,已完成,无退款
ORD2025004899,2025-05-20 14:24:27,U01383,女,广东省,广州市,P1005,荣耀 Magic7,手机,4499,1,4499,花呗,已完成,无退款
ORD2025000024,2025-12-10 07:59:25,U00486,女,上海市,上海市,P2005,机械键盘,电脑配件,399,1,399,支付宝,已完成,无退款
ORD2025003026,2025-02-02 15:26:18,U00885,男,河南省,南阳市,P5003,三只松鼠坚果,食品饮料,59,1,59,花呗,已完成,无退款
ORD2025001494,2025-12-23 05:44:06,U01220,女,浙江省,宁波市,P2003,小米手环 9,数码配件,299,2,598,花呗,已完成,无退款
ORD2025001781,2025-02-28 05:38:57,U00111,女,河南省,洛阳市,P4002,阿迪达斯卫衣,服饰鞋包,399,1,399,花呗,已完成,无退款
ORD2025003442,2025-05-06 03:21:25,U00648,女,湖北省,宜昌市,P2003,小米手环 9,数码配件,299,2,598,银行卡,已完成,无退款
ORD2025004554,2025-01-08 22:40:14,U00581,男,江苏省,南京市,P2002,华为 FreeBuds,数码配件,999,2,1998,支付宝,已完成,无退款
ORD2025000802,2025-04-02 04:57:52,U00103,男,北京市,北京市,P1005,荣耀 Magic7,手机,4499,2,8998,花呗,已取消,无退款
ORD2025000846,2025-06-10 09:44:11,U01352,女,广东省,东莞市,P2005,机械键盘,电脑配件,399,1,399,微信支付,已取消,无退款
ORD2025001993,2025-02-01 22:51:25,U00288,男,湖北省,武汉市,P5001,雀巢咖啡,食品饮料,89,2,178,支付宝,退款中,退款中
ORD2025004196,2025-10-19 14:52:41,U00430,女,浙江省,宁波市,P3004,打印机,电脑办公,899,2,1798,花呗,已完成,无退款
ORD2025004779,2025-11-03 23:02:53,U01463,男,陕西省,咸阳市,P5001,雀巢咖啡,食品饮料,89,1,89,支付宝,已完成,无退款
ORD2025000795,2025-08-25 19:23:03,U01650,女,北京市,北京市,P1003,华为 Mate 70,手机,5499,2,10998,微信支付,已完成,无退款
ORD2025003992,2025-01-13 18:39:24,U01671,男,陕西省,宝鸡市,P5001,雀巢咖啡,食品饮料,89,1,89,银行卡,已完成,无退款
ORD2025001652,2025-08-05 19:19:54,U01694,男,江苏省,南京市,P3001,戴尔 27英寸显示器,电脑办公,629.9000000000001,2,2998,支付宝,已取消,无退款
ORD2025003456,2025-10-17 14:38:01,U00064,男,四川省,成都市,P3003,机械革命游戏本,电脑办公,6299,1,6299,花呗,已完成,无退款
ORD2025003657,2025-09-24 05:01:33,U01124,男,浙江省,金华市,P2001,AirPods Pro 2,数码配件,1899,2,3798,支付宝,已完成,无退款
ORD2025000069,2025-10-02 21:10:51,U01405,女,上海市,上海市,P1002,iPhone 15 Pro,手机,6999,3,20997,银行卡,已完成,无退款
ORD2025004804,2025-01-05 16:54:28,U01479,女,江苏省,常州市,P3001,戴尔 27英寸显示器,电脑办公,1499,1,1499,支付宝,已取消,已退款
ORD2025002069,2025-06-09 05:31:08,U01356,女,四川省,绵阳市,P5001,雀巢咖啡,食品饮料,89,4,356,花呗,已完成,无退款
ORD2025001449,2025-10-20 10:44:14,U01218,女,广东省,广州市,P5003,三只松鼠坚果,食品饮料,59,3,177,花呗,已完成,无退款
ORD2025000653,2025-09-19 05:28:41,U01729,男,上海市,上海市,P1001,iPhone 15,手机,4999,1,4999,微信支付,已完成,无退款
ORD2025001129,2025-10-03 22:06:47,U00516,女,山东省,青岛市,P2005,机械键盘,电脑配件,399,2,798,微信支付,已完成,无退款
ORD2025002351,2025-06-20 15:32:12,U01751,男,四川省,德阳市,P1002,iPhone 15 Pro,手机,6999,1,6999,支付宝,已完成,无退款
ORD2025000820,2025-05-20 12:32:18,U00284,女,上海市,上海市,P1001,iPhone 15,手机,4999,1,4999,微信支付,已完成,无退款
ORD2025001664,2025-10-11 19:45:17,U00674,男,浙江,北京市,P1004,小米 15,手机,3999,2,7998,支付宝,已完成,无退款
ORD2025003987,2025-11-09 06:49:57,U01568,男,四川省,德阳市,P2002,华为 FreeBuds,数码配件,999,1,999,支付宝,已完成,无退款
ORD2025004454,2025-11-17 05:11:01,U01665,女,北京市,北京市,P3002,联想小新笔记本,电脑办公,4999,2,9998,支付宝,已完成,无退款
ORD2025003993,2025-12-11 04:46:19,U00039,男,浙江省,杭州市,P2003,小米手环 9,数码配件,299,1,299,支付宝,已完成,无退款
ORD2025002227,2025-07-20 00:07:11,U00696,男,湖北省,武汉市,P3004,打印机,电脑办公,899,3,2697,支付宝,已完成,无退款
ORD2025003351,2025-04-05 16:46:22,U00832,男,湖北省,襄阳市,P2004,罗技 MX Master 3S,电脑配件,699,1,699,银行卡,已取消,无退款
ORD2025002223,2025-11-09 07:01:39,U00028,男,上海市,上海市,P1005,荣耀 Magic7,手机,4499,4,17996,银行卡,已发货,无退款
ORD2025004214,2025-08-11 05:11:32,U00493,男,四川省,德阳市,P5002,蒙牛纯牛奶,食品饮料,69,2,138,支付宝,已完成,无退款
ORD2025000896,2025-03-05 10:40:36,U00758,女,河南省,郑州市,P1005,荣耀 Magic7,手机,4499,1,4499,银行卡,已完成,无退款
ORD2025002717,2025-07-07 11:10:27,U00193,女,上海市,上海市,P1004,小米 15,手机,3999,1,3999,微信支付,已发货,无退款
ORD2025004042,2025-10-22 23:44:52,U00111,女,上海市,上海市,P1002,iPhone 15 Pro,手机,6999,1,6999,花呗,已完成,无退款
ORD2025002939,2025-11-05 05:23:19,U01111,女,江苏省,苏州市,P2005,机械键盘,电脑配件,399,5,1995,支付宝,已完成,无退款
ORD2025004482,2025-03-13 12:08:41,U01301,男,上海市,上海市,P5002,蒙牛纯牛奶,食品饮料,69,1,69,花呗,已完成,已退款
ORD2025001108,2025-03-27 11:16:04,U01117,男,湖北省,宜昌市,P3003,机械革命游戏本,电脑办公,6299,1,6299,支付宝,已发货,无退款
ORD2025002064,2025-09-17 06:49:28,U01248,女,山东省,烟台市,P4002,阿迪达斯卫衣,服饰鞋包,399,1,399,微信支付,已完成,无退款
ORD2025002639,2025-11-21 14:05:12,U00796,女,四川省,绵阳市,P1001,iPhone 15,手机,4999,1,4999,微信支付,已发货,无退款
ORD2025002464,2025-08-31 13:45:42,U00557,女,浙江省,温州市,P1005,荣耀 Magic7,手机,4499,1,4499,微信支付,已完成,无退款
ORD2025004360,2025-06-02 09:14:02,U00047,男,四川省,绵阳市,P1005,荣耀 Magic7,手机,4499,3,13497,花呗,已完成,无退款
ORD2025000173,2025-12-03 13:15:51,U00093,女,山东省,青岛市,P5003,三只松鼠坚果,食品饮料,59,1,59,花呗,已完成,无退款
ORD2025000955,2025-07-17 02:29:20,U00298,男,陕西省,西安市,P3004,打印机,电脑办公,899,3,2697,支付宝,已完成,无退款
ORD2025000061,2025-09-20 15:38:55,U01186,男,上海市,上海市,P3002,联想小新笔记本,电脑办公,4999,1,4999,支付宝,待付款,无退款
ORD2025000607,2025-02-25 21:16:23,U01317,女,北京市,北京市,P3003,机械革命游戏本,电脑办公,6299,1,6299,花呗,已完成,无退款
ORD2025001479,2025-06-05 00:33:09,U00087,男,北京市,北京市,P4002,阿迪达斯卫衣,服饰鞋包,399,1,399,支付宝,已完成,无退款
ORD2025003598,2025-03-17 13:39:55,U00737,女,广东省,深圳市,P4001,耐克运动鞋,服饰鞋包,599,1,599,支付宝,已取消,无退款
ORD2025004295,2025-03-12 18:57:06,U01374,女,广东省,佛山市,P5003,三只松鼠坚果,食品饮料,59,3,177,银行卡,已完成,无退款
ORD2025001528,2025-08-03 13:54:43,U00533,女,四川省,德阳市,P5002,蒙牛纯牛奶,食品饮料,69,1,69,支付宝,已完成,无退款
ORD2025001982,2025-04-20 07:38:02,U01800,男,上海市,上海市,P3004,打印机,电脑办公,899,1,899,微信支付,已完成,已退款
ORD2025001322,2025-08-19 00:48:06,U01401,男,广东省,东莞市,P1004,小米 15,手机,3999,1,3999,微信支付,已发货,无退款
ORD2025001784,2025-11-06 02:21:14,U01382,男,浙江省,杭州市,P2004,罗技 MX Master 3S,电脑配件,699,1,699,银行卡,已完成,无退款
ORD2025002365,2025-06-27 23:54:10,U01105,女,上海市,上海市,P3004,打印机,电脑办公,899,3,2697,银行卡,已完成,无退款
ORD2025003424,2025-07-25 08:54:55,U01738,男,北京市,北京市,P5002,蒙牛纯牛奶,食品饮料,69,1,69,银行卡,已完成,无退款
ORD2025000522,2025-11-07 22:45:34,U01057,女,湖北省,宜昌市,P4003,优衣库羽绒服,服饰鞋包,799,3,2397,银行卡,已取消,已退款
ORD2025003236,2025-03-01 01:07:35,U01773,女,上海市,上海市,P1001,iPhone 15,手机,4999,1,4999,花呗,已完成,无退款
ORD2025004233,2025-06-05 15:59:01,U00654,男,山东省,青岛市,P1003,华为 Mate 70,手机,5499,1,5499,支付宝,已完成,无退款
ORD2025000411,2025-05-13 11:07:53,U00808,女,江苏省,苏州市,P3004,打印机,电脑办公,899,1,899,银行卡,已完成,无退款
ORD2025004640,2025-05-09 01:01:57,U00086,男,江苏省,南京市,P1001,iPhone 15,手机,4999,1,4999,银行卡,已完成,无退款
ORD2025004267,2025-08-06 05:48:09,U00857,女,四川省,成都市,P3002,联想小新笔记本,电脑办公,4999,3,14997,微信支付,已完成,无退款
ORD2025001639,2025-12-28 04:46:52,U01536,女,北京市,北京市,P3004,打印机,电脑办公,899,2,0,银行卡,待付款,无退款
ORD2025000981,2025-04-09 08:10:06,U00991,女,山东省,济南市,P3003,机械革命游戏本,电脑办公,6299,2,12598,微信支付,已完成,无退款
ORD2025000732,2025-07-01 22:43:41,U00356,女,上海市,上海市,P4003,优衣库羽绒服,服饰鞋包,799,1,799,银行卡,已完成,无退款
ORD2025003798,2025-10-02 10:00:49,U01185,女,江苏省,南京市,P1004,小米 15,手机,3999,1,3999,花呗,已完成,无退款
ORD2025002566,2025-10-01 12:17:35,U01257,男,陕西省,宝鸡市,P1001,iPhone 15,手机,4999,1,4999,微信支付,已取消,无退款
ORD2025003476,2025-01-01 19:40:41,U01157,男,四川省,绵阳市,P3004,打印机,电脑办公,899,1,899,花呗,已完成,无退款
ORD2025000658,2025-07-17 14:07:01,U00360,女,上海市,上海市,P2004,罗技 MX Master 3S,电脑配件,699,2,1398,微信支付,已完成,无退款
ORD2025001451,2025-04-15 00:31:13,U00222,男,山东省,济南市,P4002,阿迪达斯卫衣,服饰鞋包,399,1,399,花呗,已完成,无退款
ORD2025001650,2025-03-23 12:49:13,U00489,男,浙江省,宁波市,P2004,罗技 MX Master 3S,电脑配件,699,1,699,微信支付,已完成,无退款
ORD2025002918,2025-01-23 10:59:34,U01258,女,湖北省,武汉市,P1005,荣耀 Magic7,手机,4499,1,4499,支付宝,已完成,无退款
ORD2025002452,2025-08-06 17:03:34,U00106,男,湖北省,襄阳市,P1004,小米 15,手机,3999,1,3999,花呗,已完成,无退款
ORD2025004339,2025-08-17 12:17:55,U00563,女,广东省,深圳市,P2001,AirPods Pro 2,数码配件,1899,1,1899,支付宝,已完成,无退款
ORD2025002070,2025-11-14 15:57:52,U00795,男,河南省,洛阳市,P5003,三只松鼠坚果,食品饮料,59,2,118,花呗,已完成,无退款
ORD2025000387,2025-10-20 10:35:37,U01231,男,湖北省,宜昌市,P2002,华为 FreeBuds,数码配件,999,1,999,微信支付,已完成,已退款
ORD2025003736,2025-04-30 09:30:38,U00406,女,上海市,上海市,P3003,机械革命游戏本,电脑办公,6299,1,6299,银行卡,已完成,无退款
ORD2025004546,2025-04-04 06:59:11,U00775,女,山东省,烟台市,P2003,小米手环 9,数码配件,299,1,299,银行卡,已完成,无退款
ORD2025000021,2025-08-08 18:02:20,U00963,男,北京市,北京市,P1004,小米 15,手机,3999,2,7998,支付宝,已完成,无退款
ORD2025004562,2025-03-16 03:07:57,U01089,女,广东省,广州市,P4001,耐克运动鞋,服饰鞋包,599,1,599,银行卡,已完成,无退款
ORD2025001428,2025-09-07 09:36:20,U00222,男,四川省,德阳市,P2002,华为 FreeBuds,数码配件,999,1,999,银行卡,退款中,退款中
ORD2025001845,2025-06-26 06:26:47,U01166,女,广东省,佛山市,P1004,小米 15,手机,3999,1,3999,支付宝,已完成,无退款
ORD2025004002,2025-12-17 07:30:59,U00680,男,陕西省,咸阳市,P1004,小米 15,手机,3999,1,3999,银行卡,待付款,无退款
ORD2025000241,2025-08-12 15:33:20,U00120,男,浙江省,宁波市,P1001,iPhone 15,手机,4999,1,4999,微信支付,已取消,无退款
ORD2025002813,2025-02-17 03:29:32,U00090,女,四川省,绵阳市,P2002,华为 FreeBuds,数码配件,999,2,1998,微信支付,已完成,无退款
ORD2025003257,2025-05-26 10:31:28,U01225,女,江苏省,无锡市,P4001,耐克运动鞋,服饰鞋包,599,3,1797,花呗,已完成,无退款
ORD2025004369,2025-06-28 05:10:22,U01195,女,河南省,郑州市,P3003,机械革命游戏本,电脑办公,6299,2,12598,花呗,已发货,无退款
ORD2025004312,2025-09-22 16:36:15,U01271,男,山东省,济南市,P3004,打印机,电脑办公,899,1,899,花呗,已完成,无退款
ORD2025002166,2025-07-14 03:37:53,U00207,男,浙江省,杭州市,P1002,iPhone 15 Pro,手机,6999,1,6999,银行卡,已完成,已退款
ORD2025002894,2025-06-23 15:32:52,U00193,女,山东省,青岛市,P4003,优衣库羽绒服,服饰鞋包,799,1,799,支付宝,已完成,无退款
ORD2025000443,2025-01-08 18:01:55,U01775,女,陕西省,咸阳市,P4003,优衣库羽绒服,服饰鞋包,799,1,799,支付宝,已完成,无退款
ORD2025002844,2025-10-25 02:50:28,U01212,男,上海市,上海市,P1003,华为 Mate 70,手机,5499,1,5499,支付宝,待付款,无退款
ORD2025001256,2025-06-08 11:40:48,U00078,女,山东省,济南市,P1004,小米 15,手机,3999,1,3999,微信支付,已完成,无退款
ORD2025002084,2025-01-12 02:50:39,U00606,男,北京市,北京市,P4001,耐克运动鞋,服饰鞋包,599,1,599,微信支付,已完成,无退款
ORD2025004464,2025-08-15 11:37:16,U00646,男,四川省,成都市,P2003,小米手环 9,数码配件,299,1,299,支付宝,已完成,无退款
ORD2025001808,2025-11-12 23:29:40,U01352,男,北京市,北京市,P1001,iPhone 15,手机,4999,1,4999,花呗,已取消,无退款
ORD2025002581,2025-09-09 13:23:48,U00705,男,陕西省,西安市,P2005,机械键盘,电脑配件,399,1,399,花呗,已完成,无退款
ORD2025001619,2025-05-04 14:52:57,U01438,男,陕西省,宝鸡市,P2005,机械键盘,电脑配件,399,1,399,微信支付,已完成,无退款
ORD2025001716,2025-06-16 01:31:33,U00405,女,陕西省,咸阳市,P1001,iPhone 15,手机,4999,3,14997,支付宝,已完成,无退款
ORD2025000140,2025-03-25 08:43:12,U00344,女,山东省,烟台市,P3001,戴尔 27英寸显示器,电脑办公,1499,1,1499,支付宝,已完成,无退款
ORD2025001802,2025-12-03 10:16:13,U00327,男,河南省,郑州市,P3001,戴尔 27英寸显示器,电脑办公,1499,1,1499,银行卡,已发货,无退款
ORD2025001948,2025-01-16 18:28:59,U01792,女,四川省,德阳市,P2004,罗技 MX Master 3S,电脑配件,699,1,699,花呗,已完成,无退款
ORD2025001629,2025-07-28 01:11:44,U00005,女,广东省,深圳市,P2002,华为 FreeBuds,数码配件,999,2,1998,微信支付,已完成,无退款
ORD2025002864,2025-12-17 20:52:54,U00843,女,广东省,广州市,P1005,荣耀 Magic7,手机,4499,1,4499,花呗,退款中,退款中
ORD2025003366,2025-12-04 18:45:38,U00286,男,河南省,郑州市,P5001,雀巢咖啡,食品饮料,89,1,89,支付宝,已完成,无退款
ORD2025002145,2025-10-08 04:07:10,U01506,女,上海市,上海市,P4001,耐克运动鞋,服饰鞋包,599,1,599,银行卡,已完成,无退款
ORD2025001061,2025-06-01 13:34:19,U01408,女,湖北省,宜昌市,P2002,华为 FreeBuds,数码配件,999,1,999,支付宝,已发货,无退款
ORD2025001445,2025-04-27 11:53:02,U01661,女,北京市,北京市,P4001,耐克运动鞋,服饰鞋包,599,2,1198,花呗,已发货,无退款
ORD2025004806,2025-07-10 08:42:39,U00316,女,河南省,郑州市,P4002,阿迪达斯卫衣,服饰鞋包,399,1,399,花呗,已完成,无退款
ORD2025001511,2025-03-31 10:00:57,U01512,男,四川省,德阳市,P4003,优衣库羽绒服,服饰鞋包,799,1,799,支付宝,已完成,无退款
ORD2025002741,2025-08-07 20:38:39,U00209,女,广东省,佛山市,P4002,阿迪达斯卫衣,服饰鞋包,399,1,399,花呗,已完成,无退款
ORD2025002541,2025-05-20 05:32:53,U00220,女,湖北省,襄阳市,P2004,罗技 MX Master 3S,电脑配件,699,1,699,银行卡,已取消,已退款
ORD2025002975,2025-07-10 21:21:30,U01706,男,广东省,深圳市,P2004,罗技 MX Master 3S,电脑配件,699,2,1398,花呗,已完成,无退款
ORD2025004294,2025-06-03 21:45:47,U01675,男,湖北省,襄阳市,P1003,华为 Mate 70,手机,5499,1,5499,花呗,已完成,无退款
ORD2025004862,2025-08-15 07:56:07,U00218,男,河南省,南阳市,P3001,戴尔 27英寸显示器,电脑办公,1499,1,1499,银行卡,已完成,无退款
ORD2025003630,2025-05-25 03:39:23,U00057,男,上海市,上海市,P3003,机械革命游戏本,电脑办公,6299,2,12598,花呗,已完成,无退款
ORD2025003972,2025-08-06 00:19:40,U01408,女,河南省,洛阳市,P2001,AirPods Pro 2,数码配件,1899,4,7596,支付宝,已完成,无退款
ORD2025003748,2025-12-30 17:50:23,U00060,女,陕西省,咸阳市,P1004,小米 15,手机,3999,2,7998,银行卡,已完成,无退款
ORD2025003353,2025-05-21 23:25:07,U00567,女,四川省,德阳市,P1001,iPhone 15,手机,4999,1,4999,花呗,已取消,已退款
ORD2025001607,2025-06-12 19:52:23,U00043,女,四川省,绵阳市,P3004,打印机,电脑办公,899,1,899,花呗,已发货,无退款
ORD2025003631,2025-11-16 07:03:48,U01550,女,上海市,上海市,P2004,罗技 MX Master 3S,电脑配件,699,4,2796,银行卡,已发货,无退款
ORD2025004703,2025-06-15 03:25:14,U00289,女,湖北省,襄阳市,P2005,机械键盘,电脑配件,399,2,798,银行卡,已完成,无退款
ORD2025003517,2025-01-28 22:29:52,U00689,男,上海市,上海市,P2001,AirPods Pro 2,数码配件,1899,3,5697,花呗,已完成,无退款
ORD2025004435,2025-07-20 15:22:25,U01145,男,北京市,北京市,P3002,联想小新笔记本,电脑办公,4999,1,4999,花呗,已发货,无退款
ORD2025002822,2025-05-03 09:36:26,U00205,男,上海市,上海市,P2001,AirPods Pro 2,数码配件,1899,1,1899,花呗,已完成,无退款
ORD2025003119,2025-06-18 08:09:04,U00900,女,河南省,洛阳市,P2005,机械键盘,电脑配件,399,1,399,微信支付,已发货,无退款
ORD2025004234,2025-06-04 05:07:21,U01748,女,山东省,青岛市,P2003,小米手环 9,数码配件,299,1,299,花呗,已完成,无退款
ORD2025004783,2025-04-18 14:37:26,U00119,男,山东省,济南市,P4003,优衣库羽绒服,服饰鞋包,799,1,799,微信支付,已取消,无退款
ORD2025001774,2025-11-09 00:14:45,U00405,男,广东省,东莞市,P1002,iPhone 15 Pro,手机,6999,1,6999,花呗,已完成,无退款
ORD2025002040,2025-09-05 03:07:34,U01597,男,北京市,北京市,P5002,蒙牛纯牛奶,食品饮料,69,1,69,银行卡,已完成,已退款
ORD2025001458,2025-02-25 13:47:17,U00386,男,山东省,济南市,P2004,罗技 MX Master 3S,电脑配件,699,1,699,银行卡,已取消,已退款
ORD2025000397,2025-08-16 18:46:36,U00625,女,陕西省,宝鸡市,P1004,小米 15,手机,3999,1,3999,银行卡,已完成,无退款
ORD2025001008,2025-01-01 04:17:20,U01725,男,湖北省,武汉市,P2002,华为 FreeBuds,数码配件,999,1,999,支付宝,已发货,无退款
ORD2025002622,2025-10-26 08:38:42,U00195,男,北京市,北京市,P2002,华为 FreeBuds,数码配件,999,1,999,银行卡,已完成,无退款
ORD2025000761,2025-02-28 03:30:59,U01792,女,四川省,德阳市,P2003,小米手环 9,数码配件,299,1,299,银行卡,已取消,无退款
ORD2025004236,2025-03-28 15:03:02,U00699,男,四川省,德阳市,P3001,戴尔 27英寸显示器,电脑办公,1499,1,1499,花呗,已完成,无退款
ORD2025001839,2025-01-13 18:17:52,U01423,女,湖北省,武汉市,P4002,阿迪达斯卫衣,服饰鞋包,399,1,399,银行卡,已完成,无退款
ORD2025004212,2025-06-02 19:01:51,U01619,女,湖北省,襄阳市,P5003,三只松鼠坚果,食品饮料,59,2,118,支付宝,待付款,无退款
ORD2025002951,2025-12-29 15:43:21,U00268,女,上海市,上海市,P2003,小米手环 9,数码配件,299,1,299,微信支付,已完成,已退款
ORD2025004129,2025-03-14 02:17:37,U01257,男,浙江省,杭州市,P5001,雀巢咖啡,食品饮料,89,2,178,支付宝,已完成,无退款
ORD2025001242,2025-05-17 07:42:02,U00361,女,陕西省,咸阳市,P1004,小米 15,手机,3999,1,3999,支付宝,已完成,无退款
ORD2025003717,2025-01-09 04:51:47,U00211,男,湖北省,武汉市,P5001,雀巢咖啡,食品饮料,89,3,267,支付宝,已完成,无退款
ORD2025002655,2025-01-31 17:52:31,U01658,女,江苏省,南京市,P4001,耐克运动鞋,服饰鞋包,599,2,1198,支付宝,已完成,已退款
ORD2025001004,2025-04-29 05:24:26,U01667,男,广东省,深圳市,P3003,机械革命游戏本,电脑办公,6299,1,6299,支付宝,已完成,无退款
ORD2025003937,2025-03-21 16:12:54,U01323,男,陕西省,咸阳市,P2005,机械键盘,电脑配件,399,1,399,支付宝,已完成,无退款
ORD2025004274,2025-11-28 07:02:14,U00068,女,北京市,北京市,P2003,小米手环 9,数码配件,299,3,897,花呗,已完成,无退款
ORD2025003368,2025-06-24 09:04:10,U00527,女,河南省,郑州市,P4003,优衣库羽绒服,服饰鞋包,799,3,2397,花呗,已发货,无退款
ORD2025000004,2025-05-04 11:30:10,U01775,男,上海市,上海市,P1002,iPhone 15 Pro,手机,6999,1,6999,花呗,已完成,无退款
ORD2025001476,2025-08-10 18:25:00,U01774,女,四川省,德阳市,P2001,AirPods Pro 2,数码配件,1899,1,1899,微信支付,待付款,无退款
ORD2025004854,2025-08-23 17:46:49,U01492,男,湖北省,宜昌市,P3004,打印机,电脑办公,899,2,1798,微信支付,退款中,退款中
ORD2025003084,2025-06-21 16:21:37,U00164,男,山东省,烟台市,P2003,小米手环 9,数码配件,299,1,299,支付宝,已发货,无退款
ORD2025002703,2025-05-04 07:23:22,U00749,男,湖北省,宜昌市,P2003,小米手环 9,数码配件,299,1,299,支付宝,已取消,无退款
ORD2025000189,2025-12-14 13:31:22,U00737,女,湖北省,襄阳市,P1004,小米 15,手机,3999,2,7998,微信支付,已完成,无退款
ORD2025004734,2025-06-14 22:53:24,U01021,女,北京市,北京市,P2005,机械键盘,电脑配件,399,1,399,花呗,已发货,无退款
ORD2025001546,2025-12-16 13:56:06,U01361,女,浙江省,宁波市,P1003,华为 Mate 70,手机,5499,1,5499,花呗,已完成,无退款
ORD2025003107,2025-05-15 19:42:49,U00694,男,江苏省,南京市,P3002,联想小新笔记本,电脑办公,4999,1,4999,银行卡,已完成,无退款
ORD2025002565,2025-04-02 00:35:35,U00551,男,山东省,青岛市,P1002,iPhone 15 Pro,手机,6999,2,13998,微信支付,已完成,无退款
ORD2025004647,2025-01-21 04:25:21,U01187,女,上海市,上海市,P2005,机械键盘,电脑配件,399,5,1995,微信支付,已完成,无退款
ORD2025003775,2025-09-11 21:43:12,U01201,女,陕西省,宝鸡市,P5001,雀巢咖啡,食品饮料,89,3,267,微信支付,已完成,无退款
ORD2025002525,2025-05-24 13:00:26,U00913,女,河南省,郑州市,P2005,机械键盘,电脑配件,399,1,399,花呗,已完成,无退款
ORD2025000006,2025-10-20 19:09:01,U01165,男,陕西省,宝鸡市,P4003,优衣库羽绒服,服饰鞋包,799,2,1598,微信支付,已完成,无退款
ORD2025001049,2025-02-13 16:59:10,U01706,男,河南省,郑州市,P2002,华为 FreeBuds,数码配件,999,1,999,微信支付,已完成,无退款
ORD2025002761,2025-04-07 17:56:53,U00564,女,浙江省,宁波市,P1001,iPhone 15,手机,4999,1,4999,银行卡,已完成,无退款
ORD2025002237,2025-07-20 00:54:18,U00059,女,河南省,洛阳市,P3003,机械革命游戏本,电脑办公,6299,1,6299,银行卡,已发货,无退款
ORD2025001539,2025-04-10 22:44:03,U00068,女,河南省,郑州市,P2002,华为 FreeBuds,数码配件,999,1,999,微信支付,已完成,无退款
ORD2025004198,2025-07-31 02:07:13,U00812,女,山东省,烟台市,P5001,雀巢咖啡,食品饮料,89,2,178,支付宝,已完成,无退款
ORD2025003003,2025-04-29 09:51:48,U00514,女,广东省,佛山市,P2002,华为 FreeBuds,数码配件,999,1,999,银行卡,已完成,无退款
ORD2025003719,2025-11-20 13:03:48,U01324,女,浙江省,温州市,P5002,蒙牛纯牛奶,食品饮料,69,1,69,支付宝,已完成,无退款
ORD2025003901,2025-06-07 16:18:53,U01726,女,陕西省,咸阳市,P3002,联想小新笔记本,电脑办公,4999,1,0,花呗,已取消,无退款
ORD2025000764,2025-10-03 12:08:46,U00989,女,北京市,北京市,P3002,联想小新笔记本,电脑办公,4999,1,4999,支付宝,已完成,已退款
ORD2025002753,2025-07-14 03:10:35,U01495,女,江苏省,苏州市,P5002,蒙牛纯牛奶,食品饮料,69,1,69,花呗,已完成,无退款
ORD2025002575,2025-06-06 00:08:54,U00747,男,湖北省,宜昌市,P2004,罗技 MX Master 3S,电脑配件,699,1,699,微信支付,已完成,无退款
ORD2025004076,2025-03-19 19:12:49,U01263,男,上海市,上海市,P2002,华为 FreeBuds,数码配件,999,1,999,微信支付,已完成,无退款
ORD2025000505,2025-02-16 01:54:59,U00592,男,北京市,北京市,P2002,华为 FreeBuds,数码配件,999,1,999,微信支付,已完成,无退款
ORD2025002105,2025-08-26 09:10:09,U00127,女,四川省,德阳市,P5002,蒙牛纯牛奶,食品饮料,69,1,69,微信支付,已完成,无退款
ORD2025002546,2025-01-02 01:20:20,U00892,女,河南省,洛阳市,P4001,耐克运动鞋,服饰鞋包,599,2,1198,花呗,已完成,无退款
ORD2025002510,2025-01-27 20:39:13,U00868,男,河南省,郑州市,P4001,耐克运动鞋,服饰鞋包,599,3,1797,花呗,已完成,无退款
ORD2025004869,2025-02-04 23:39:40,U00883,女,河南省,郑州市,P2005,机械键盘,电脑配件,399,1,399,支付宝,已完成,无退款
ORD2025003409,2025-08-28 03:38:18,U01133,男,山东省,烟台市,P1004,小米 15,手机,3999,1,3999,微信支付,已完成,无退款
ORD2025000212,2025-02-07 20:05:44,U00809,男,陕西省,西安市,P2005,机械键盘,电脑配件,399,3,1197,支付宝,已完成,无退款
ORD2025001936,2025-11-29 20:33:48,U00925,男,上海市,上海市,P5001,雀巢咖啡,食品饮料,89,2,178,微信支付,待付款,无退款
ORD2025001779,2025-02-10 07:54:23,U01311,男,河南省,洛阳市,P3001,戴尔 27英寸显示器,电脑办公,1499,2,2998,微信支付,已完成,无退款
ORD2025003643,2025-04-26 21:41:05,U00242,女,四川省,德阳市,P4001,耐克运动鞋,服饰鞋包,599,4,2396,支付宝,已取消,无退款
ORD2025004119,2025-08-24 20:10:18,U01286,女,北京市,北京市,P1005,荣耀 Magic7,手机,4499,1,4499,支付宝,待付款,无退款
ORD2025003490,2025-02-28 14:23:07,U00044,男,山东省,青岛市,P1002,iPhone 15 Pro,手机,6999,1,6999,花呗,已完成,无退款
ORD2025000564,2025-11-09 12:36:12,U00182,男,山东省,济南市,P3002,联想小新笔记本,电脑办公,4999,1,4999,银行卡,已完成,无退款
ORD2025001525,2025-06-11 21:27:41,U01754,女,河南省,洛阳市,P5002,蒙牛纯牛奶,食品饮料,69,2,138,银行卡,已完成,无退款
ORD2025002306,2025-04-24 00:56:41,U00913,女,四川省,成都市,P1002,iPhone 15 Pro,手机,6999,2,13998,银行卡,已发货,无退款
ORD2025002738,2025-12-08 01:14:47,U01558,男,上海市,上海市,P2004,罗技 MX Master 3S,电脑配件,699,1,699,微信支付,已完成,无退款
ORD2025004229,2025-02-04 18:38:52,U01093,男,山东省,青岛市,P2002,华为 FreeBuds,数码配件,999,2,1998,微信支付,已完成,无退款
ORD2025001064,2025-05-08 23:07:02,U01616,女,山东省,济南市,P5001,雀巢咖啡,食品饮料,89,3,267,支付宝,已取消,无退款
ORD2025003446,2025-07-15 04:11:50,U00822,女,湖北省,武汉市,P1005,荣耀 Magic7,手机,4499,2,8998,支付宝,已取消,无退款
ORD2025001197,2025-12-27 12:16:39,U01352,男,广东省,广州市,P3004,打印机,电脑办公,899,1,899,支付宝,已取消,无退款
ORD2025001045,2025-07-04 17:55:46,U00025,女,四川省,绵阳市,P3002,联想小新笔记本,电脑办公,4999,1,4999,微信支付,已完成,无退款
ORD2025004088,2025-08-20 15:10:52,U01787,男,广东省,广州市,P4002,阿迪达斯卫衣,服饰鞋包,399,1,399,微信支付,待付款,无退款
ORD2025001836,2025-07-09 10:29:51,U00957,男,山东省,济南市,P5003,三只松鼠坚果,食品饮料,59,3,177,微信支付,已完成,无退款
ORD2025002627,2025-01-04 10:48:43,U00593,男,北京市,北京市,P2003,小米手环 9,数码配件,299,2,598,支付宝,已完成,无退款
ORD2025003407,2025-11-27 10:33:15,U00969,男,湖北省,武汉市,P2003,小米手环 9,数码配件,299,2,598,微信支付,已完成,无退款
ORD2025001987,2025-08-12 01:04:10,U00759,男,上海市,上海市,P5001,雀巢咖啡,食品饮料,89,4,356,花呗,已完成,无退款
ORD2025003180,2025-07-31 12:50:59,U00496,女,山东省,烟台市,P1005,荣耀 Magic7,手机,4499,1,4499,微信支付,已完成,无退款
ORD2025003611,2025-08-03 12:03:00,U01464,女,浙江省,金华市,P3002,联想小新笔记本,电脑办公,4999,2,9998,支付宝,已完成,无退款
ORD2025004793,2025-06-18 08:08:04,U01719,男,北京市,北京市,P1005,荣耀 Magic7,手机,4499,3,13497,支付宝,已完成,无退款
ORD2025003302,2025-01-04 06:13:08,U00674,女,山东省,济南市,P5001,雀巢咖啡,食品饮料,89,2,178,花呗,已完成,无退款
ORD2025004861,2025-02-14 06:48:10,U00841,男,湖北省,武汉市,P1004,小米 15,手机,3999,1,3999,花呗,已取消,无退款
ORD2025002007,2025-09-01 00:42:05,U01162,女,湖北省,襄阳市,P3003,机械革命游戏本,电脑办公,6299,1,6299,花呗,已完成,无退款
ORD2025002870,2025-03-25 07:39:24,U01238,女,北京市,北京市,P5001,雀巢咖啡,食品饮料,89,1,89,支付宝,已完成,无退款
ORD2025001319,2025-06-28 11:58:56,U00013,女,四川省,绵阳市,P3001,戴尔 27英寸显示器,电脑办公,1499,2,2998,花呗,已发货,无退款
ORD2025004880,2025-03-12 00:34:49,U00951,女,陕西省,宝鸡市,P2003,小米手环 9,数码配件,299,1,299,银行卡,已完成,无退款
ORD2025002200,2025-08-22 16:15:49,U01552,女,广东省,深圳市,P2005,机械键盘,电脑配件,399,1,399,花呗,已完成,无退款
ORD2025004965,2025-03-09 02:02:39,U01371,女,江苏省,常州市,P1004,小米 15,手机,3999,1,3999,微信支付,已完成,无退款
ORD2025004179,2025-06-06 04:28:55,U01739,女,江苏省,苏州市,P2001,AirPods Pro 2,数码配件,1899,1,1899,花呗,待付款,无退款
ORD2025003162,2025-08-03 11:24:33,U00029,男,河南省,郑州市,P1003,华为 Mate 70,手机,5499,1,5499,支付宝,已完成,无退款
ORD2025002325,2025-11-16 02:42:11,U01766,女,江苏省,苏州市,P3001,戴尔 27英寸显示器,电脑办公,1499,1,1499,支付宝,已完成,无退款
ORD2025001745,2025-04-03 10:59:19,U00359,男,上海市,上海市,P2002,华为 FreeBuds,数码配件,999,2,1998,支付宝,已完成,无退款
ORD2025003322,2025-04-17 06:19:00,U01792,男,浙江省,金华市,P1002,iPhone 15 Pro,手机,6999,1,6999,花呗,已完成,无退款
ORD2025003866,2025-03-30 05:06:21,U01790,女,陕西省,咸阳市,P5003,三只松鼠坚果,食品饮料,59,1,59,银行卡,已完成,无退款
ORD2025002580,2025-06-06 20:39:53,U01685 ,女,北京市,北京市,P2003,小米手环 9,数码配件,299,1,299,银行卡,已完成,无退款
ORD2025003949,2025-01-28 19:25:12,U00666,男,河南省,洛阳市,P4003,优衣库羽绒服,服饰鞋包,799,1,799,支付宝,已完成,无退款
ORD2025001417,2025-02-08 01:36:06,U01418,男,广东省,佛山市,P5002,蒙牛纯牛奶,食品饮料,69,2,138,微信支付,已发货,无退款
ORD2025001382,2025-11-22 08:33:11,U00989,女,四川省,成都市,P2004,罗技 MX Master 3S,电脑配件,699,3,2097,微信支付,已发货,无退款
ORD2025002556,2025-06-07 13:46:23,U00225,男,上海市,上海市,P3002,联想小新笔记本,电脑办公,4999,2,9998,花呗,已完成,无退款
ORD2025004113,2025-04-28 19:47:02,U01229,男,浙江省,金华市,P2004,罗技 MX Master 3S,电脑配件,699,1,699,银行卡,退款中,退款中
ORD2025004607,2025-11-24 05:21:39,U01323,男,北京市,北京市,P2005,机械键盘,电脑配件,399,1,399,支付宝,已完成,无退款
ORD2025002292,2025-11-23 14:59:03,U01134,男,广东省,佛山市,P2003,小米手环 9,数码配件,299,2,598,微信支付,已完成,无退款
ORD2025002101,2025-06-14 04:28:15,U01333,男,河南省,南阳市,P3003,机械革命游戏本,电脑办公,6299,2,12598,支付宝,已完成,无退款
ORD2025001543,2025-07-31 21:23:57,U00770,男,陕西省,咸阳市,P4002,阿迪达斯卫衣,服饰鞋包,399,1,399,微信支付,已完成,无退款
ORD2025004305,2025-01-23 08:40:58,U00289,男,四川省,成都市,P1005,荣耀 Magic7,手机,4499,1,4499,花呗,已完成,无退款
ORD2025002119,2025-09-16 19:41:22,U01061,女,湖北省,宜昌市,P3001,戴尔 27英寸显示器,电脑办公,1499,1,1499,微信支付,已完成,无退款
ORD2025004211,2025-08-28 01:40:13,U01233,男,山东省,烟台市,P3002,联想小新笔记本,电脑办公,4999,1,4999,微信支付,已完成,无退款
ORD2025003923,2025-11-18 06:56:52,U01672,男,浙江省,温州市,P3003,机械革命游戏本,电脑办公,6299,1,6299,银行卡,已完成,无退款
ORD2025002847,2025-09-01 19:43:28,U00822,女,浙江省,金华市,P5003,三只松鼠坚果,食品饮料,59,1,59,银行卡,已完成,无退款
ORD2025002031,2025-10-31 05:45:57,U00366,男,河南省,洛阳市,P5003,三只松鼠坚果,食品饮料,59,1,59,花呗,已完成,无退款
ORD2025003577,2025-06-14 17:31:13,U00761,男,河南省,郑州市,P1003,华为 Mate 70,手机,5499,1,5499,支付宝,已取消,无退款
ORD2025003496,2025-03-30 20:10:26,U01556,男,四川省,绵阳市,P2001,AirPods Pro 2,数码配件,1899,2,3798,支付宝,已取消,无退款
ORD2025003615,2025-07-17 19:47:30,U00830,女,北京市,北京市,P2005,机械键盘,电脑配件,399,1,399,支付宝,已完成,无退款
ORD2025003735,2025-08-03 06:34:02,U01082,女,北京市,北京市,P2003,小米手环 9,数码配件,299,4,1196,花呗,已完成,无退款
ORD2025003417,2025-01-03 00:31:49,U01491,女,陕西省,宝鸡市,P3002,联想小新笔记本,电脑办公,4999,1,4999,微信支付,已发货,无退款
ORD2025002497,2025-02-13 21:51:49,U00200,女,广东省,东莞市,P3001,戴尔 27英寸显示器,电脑办公,1499,3,4497,银行卡,已完成,无退款
ORD2025000952,2025-05-31 09:27:54,U01629,男,山东省,青岛市,P3004,打印机,电脑办公,899,2,1798,微信支付,已完成,无退款
ORD2025000514,2025-06-06 11:48:32,U01162,女,河南省,洛阳市,P4001,耐克运动鞋,服饰鞋包,599,1,599,花呗,退款中,退款中
ORD2025001118,2025-06-04 11:07:22,U00226,女,江苏省,南京市,P2002,华为 FreeBuds,数码配件,999,1,999,支付宝,已完成,无退款
ORD2025000383,2025-07-17 13:09:49,U00614,女,广东省,佛山市,P1001,iPhone 15,手机,4999,4,19996,银行卡,已完成,无退款
ORD2025003314,2025-11-22 23:27:00,U01047,男,山东省,青岛市,P3003,机械革命游戏本,电脑办公,6299,2,12598,银行卡,已完成,无退款
ORD2025002977,2025-04-28 23:23:11,U00914,女,山东省,烟台市,P1003,华为 Mate 70,手机,5499,1,5499,支付宝,已完成,无退款
ORD2025000117,2025-09-24 15:45:48,U00731,男,陕西省,西安市,P2003,小米手环 9,数码配件,299,1,299,银行卡,待付款,无退款
ORD2025004942,2025-09-26 02:52:10,U01460,男,广东省,东莞市,P3002,联想小新笔记本,电脑办公,4999,1,4999,银行卡,已完成,无退款
ORD2025002473,2025-05-07 13:11:18,U01039,女,北京市,北京市,P3001,戴尔 27英寸显示器,电脑办公,1499,1,1499,银行卡,已完成,无退款
ORD2025003608,2025-06-17 12:19:16,U01223,女,四川省,德阳市,P1005,荣耀 Magic7,手机,4499,1,4499,支付宝,退款中,退款中
ORD2025004618,2025-10-09 07:36:39,U01629,女,湖北省,襄阳市,P1004,小米 15,手机,3999,1,3999,支付宝,已完成,无退款
ORD2025004578,2025-03-17 22:25:29,U00857,男,上海市,上海市,P4001,耐克运动鞋,服饰鞋包,599,1,599,微信支付,已完成,无退款
ORD2025002677,2025-08-22 09:58:02,U00965,男,浙江省,温州市,P4003,优衣库羽绒服,服饰鞋包,799,2,1598,支付宝,已完成,无退款
ORD2025004070,2025-11-28 16:28:54,U01175,女,江苏省,南京市,P3002,联想小新笔记本,电脑办公,4999,1,4999,微信支付,已取消,无退款
ORD2025002194,2025-06-19 12:35:10,U01191,男,陕西省,宝鸡市,P1002,iPhone 15 Pro,手机,6999,1,6999,支付宝,已完成,无退款
ORD2025002308,2025-01-15 01:54:34,U00384,男,河南省,洛阳市,P3002,联想小新笔记本,电脑办公,4999,1,4999,微信支付,已完成 ,无退款
ORD2025001262,2025-04-28 09:46:45,U00890,男,陕西省,宝鸡市,P5002,蒙牛纯牛奶,食品饮料,69,1,69,微信支付,已完成,无退款
ORD2025000035,2025-11-25 01:07:26,U00492,男,北京市,北京市,P2001,AirPods Pro 2,数码配件,1899,1,1899,银行卡,已完成,无退款
ORD2025003723,2025-10-24 13:31:00,U00434,男,江苏省,常州市,P1004,小米 15,手机,3999,1,3999,银行卡,已完成,无退款
ORD2025000631,2025-02-12 03:16:48,U01026,女,北京市,北京市,P3003,机械革命游戏本,电脑办公,6299,1,6299,银行卡,已发货,无退款
ORD2025001474,2025-02-02 16:33:51,U01681,男,上海市,上海市,P2005,机械键盘,电脑配件,399,1,399,银行卡,已发货,无退款
ORD2025004430,2025-06-16 09:59:09,U00886,女,浙江省,宁波市,P1003,华为 Mate 70,手机,5499,1,5499,支付宝,已取消,无退款
ORD2025000415,2025-11-19 18:33:31,U01320,女,北京市,北京市,P4003,优衣库羽绒服,服饰鞋包,799,1,799,银行卡,已完成,无退款
ORD2025003406,2025-05-18 17:05:47,U00345,女,北京市,北京市,P1005,荣耀 Magic7,手机,4499,1,4499,微信支付,待付款,无退款
ORD2025002915,2025-10-15 22:23:18,U00689,男,浙江省,金华市,P3004,打印机,电脑办公,899,1,899,银行卡,已发货,无退款
ORD2025000509,2025-11-05 22:26:55,U00458,男,山东省,烟台市,P1005,荣耀 Magic7,手机,4499,3,13497,微信支付,已完成,无退款
ORD2025002522,2025-09-06 11:26:03,U00854,男,河南省,洛阳市,P3002,联想小新笔记本,电脑办公,4999,2,9998,花呗,已完成,无退款
ORD2025001482,2025-05-06 00:11:20,U00723,男,江苏省,常州市,P4002,阿迪达斯卫衣,服饰鞋包,399,2,798,微信支付,已完成,无退款
ORD2025000469,2025-09-15 18:27:40,U01163,女,四川省,绵阳市,P4001,耐克运动鞋,服饰鞋包,599,1,599,花呗,已完成,无退款
ORD2025002662,2025-12-28 20:01:24,U00026,男,北京市,北京市,P1005,荣耀 Magic7,手机,4499,1,4499,支付宝,已完成,无退款
ORD2025003488,2025-07-05 09:00:59,U00006,男,四川省,绵阳市,P2003,小米手环 9,数码配件,299,1,299,支付宝,已发货,无退款
ORD2025001414,2025-01-14 00:14:09,U01418,男,湖北省,襄阳市,P3002,联想小新笔记本,电脑办公,4999,2,9998,银行卡,已完成,无退款
ORD2025001378,2025-03-06 14:32:43,U01089,女,江苏省,无锡市,P5001,雀巢咖啡,食品饮料,89,1,89,微信支付,已完成,无退款
ORD2025001058,2025-06-06 18:08:33,U00705,男,上海市,上海市,P4002,阿迪达斯卫衣,服饰鞋包,399,1,399,支付宝,已完成,无退款
ORD2025001005,2025-02-24 09:31:42,U01409,男,上海市,上海市,P1002,iPhone 15 Pro,手机,6999,1,6999,银行卡,已发货,无退款
ORD2025000283,2025-12-21 09:48:53,U01594,女,四川省,德阳市,P2005,机械键盘,电脑配件,399,2,798,支付宝,已完成,无退款
ORD2025003126,2025-02-08 10:58:19,U01083,女,陕西省,西安市,P1005,荣耀 Magic7,手机,4499,1,4499,支付宝,已取消,无退款
ORD2025004850,2025-03-16 17:57:57,U01337,女,江苏省,南京市,P2002,华为 FreeBuds,数码配件,999,2,1998,银行卡,已发货,无退款
ORD2025004321,2025-09-22 11:18:33,U00179,女,浙江省,杭州市,P3001,戴尔 27英寸显示器,电脑办公,1499,2,2998,支付宝,退款中,退款中
ORD2025000628,2025-08-14 00:58:24,U00484,男,湖北省,襄阳市,P4001,耐克运动鞋,服饰鞋包,599,1,599,支付宝,已完成,无退款
ORD2025004397,2025-05-12 11:32:09,U01701,男,山东省,济南市,P1004,小米 15,手机,3999,2,7998,微信支付,已完成,无退款
ORD2025000033,2025-11-21 05:13:49,U00536,女,山东省,青岛市,P2003,小米手环 9,数码配件,299,2,598,支付宝,已完成,无退款
ORD2025002609,2025-11-08 02:53:36,U00917,女,浙江省,金华市,P3003,机械革命游戏本,电脑办公,6299,1,6299,银行卡,已完成,无退款
ORD2025001657,2025-12-05 05:54:11,U01637,女,江苏省,无锡市,P4003,优衣库羽绒服,服饰鞋包,799,3,2397,花呗,已完成,无退款
ORD2025000154,2025-12-09 09:28:02,U01097,男,山东省,青岛市,P1003,华为 Mate 70,手机,5499,1,5499,支付宝,已完成,无退款
ORD2025002122,2025-05-08 18:44:22,U00814,男,湖北省,宜昌市,P4003,优衣库羽绒服,服饰鞋包,799,1,799,支付宝,已完成,无退款
ORD2025001897,2025-12-06 10:00:33,U01442,男,上海市,上海市,P2004,罗技 MX Master 3S,电脑配件,699,1,699,微信支付,已完成,无退款
ORD2025002576,2025-06-23 05:14:32,U00892,男,江苏省,南京市,P3003,机械革命游戏本,电脑办公,6299,1,6299,花呗,已取消,无退款
ORD2025002075,2025-09-05 23:40:47,U01169,女,浙江省,温州市,P3004,打印机,电脑办公,899,1,899,银行卡,已完成,无退款
ORD2025004047,2025-03-11 13:57:51,U00100,女,北京市,北京市,P4002,阿迪达斯卫衣,服饰鞋包,399,1,399,花呗,已取消,无退款
ORD2025002094,2025-07-08 13:31:03,U01436,男,江苏省,常州市,P3002,联想小新笔记本,电脑办公,4999,1,4999,支付宝,已完成,无退款
ORD2025002092,2025-04-15 13:50:54,U00652,女,浙江省,温州市,P5001,雀巢咖啡,食品饮料,89,3,267,支付宝,已完成,无退款
ORD2025004547,2025-01-03 21:29:14,U00106,男,江苏省,常州市,P3003,机械革命游戏本,电脑办公,6299,1,6299,银行卡,已完成,无退款
ORD2025003381,2025-01-13 05:41:03,U01324,男,山东省,青岛市,P3001,戴尔 27英寸显示器,电脑办公,1499,1,1499,支付宝,已完成,无退款
ORD2025003991,2025-11-28 05:50:29,U00368,男,山东省,烟台市,P5003,三只松鼠坚果,食品饮料,59,1,59,微信支付,待付款,无退款
ORD2025003303,2025-09-19 14:28:43,U00690,男,北京市,北京市,P4002,阿迪达斯卫衣,服饰鞋包,399,2,798,微信支付,已取消,无退款
ORD2025002173,2025-02-19 12:48:05,U01429,女,北京市,北京市,P3004,打印机,电脑办公,899,1,899,支付宝,已完成,无退款
ORD2025002882,2025-04-21 22:15:57,U00941,男,北京市,北京市,P1005,荣耀 Magic7,手机,4499,1,4499,微信支付,已完成,无退款
ORD2025002301,2025-01-22 12:39:27,U00814,男,山东省,青岛市,P5002,蒙牛纯牛奶,食品饮料,69,1,69,花呗,已完成,无退款
ORD2025000115,2025-07-11 01:53:58,U01164,女,四川省,成都市,P1004,小米 15,手机,3999,4,15996,微信支付,已发货,无退款
ORD2025003926,2025-04-13 02:03:27,U01642,男,山东省,济南市,P1005,荣耀 Magic7,手机,4499,2,8998,支付宝,已完成,无退款
ORD2025004222,2025-12-10 04:44:04,U00867,女,陕西省,西安市,P4002,阿迪达斯卫衣,服饰鞋包,399,1,399,花呗,已完成,无退款
ORD2025003710,2025-06-24 01:51:36,U01407,男,广东省,深圳市,P4003,优衣库羽绒服,服饰鞋包,799,1,799,微信支付,已完成,无退款
ORD2025000073,2025-09-06 15:07:12,U00033,女,广东省,深圳市,P1005,荣耀 Magic7,手机,4499,1,4499,花呗,已完成,无退款
ORD2025004746,2025-03-24 07:11:57,U01630,女,北京市,北京市,P4002,阿迪达斯卫衣,服饰鞋包,399,3,1197,微信支付,已取消,无退款
ORD2025000164,2025-05-13 04:21:43,U00663,男,陕西省,宝鸡市,P2005,机械键盘,电脑配件,399,1,399,花呗,已完成,无退款
ORD2025002972,2025-04-17 02:52:55,U00149,女,河南省,洛阳市,P3002,联想小新笔记本,电脑办公,4999,1,4999,支付宝,已完成,无退款
ORD2025001565,2025-07-23 16:50:36,U00072,男,上海市,上海市,P3002,联想小新笔记本,电脑办公,4999,99,494901,银行卡,已取消,无退款
ORD2025000804,2025-02-28 03:25:27,U00134,女,北京市,北京市,P5002,蒙牛纯牛奶,食品饮料,69,3,207,花呗,已完成,无退款
ORD2025003650,2025-06-27 04:19:21,U01256,女,四川省,成都市,P1002,iPhone 15 Pro,手机,6999,2,13998,银行卡,已完成,无退款
ORD2025002695,2025-05-09 18:19:28,U00906,男,江苏省,常州市,P1002,iPhone 15 Pro,手机,6999,1,6999,花呗,已完成,无退款
ORD2025001072,2025-12-11 07:37:18,U00379,男,北京市,北京市,P2002,华为 FreeBuds,数码配件,999,1,999,微信支付,已完成,无退款
ORD2025000319,2025-04-27 22:18:14,U00692,男,北京市,北京市,P1004,小米 15,手机,3999,1,3999,花呗,退款中,退款中
ORD2025000132,2025-08-17 01:03:11,U01242,女,广东省,广州市,P3003,机械革命游戏本,电脑办公,6299,2,12598,花呗,已发货,无退款
ORD2025001853,2025-09-03 19:40:49,U00931,女,浙江省,金华市,P1005,荣耀 Magic7,手机,4499,1,4499,银行卡,已完成,无退款
ORD2025002268,2025-03-18 08:52:36,U01214,男,四川省,绵阳市,P2004,罗技 MX Master 3S,电脑配件,699,1,699,银行卡,已完成,无退款
ORD2025002810,2025-09-23 21:28:12,U01423,女,广东省,东莞市,P3003,机械革命游戏本,电脑办公,6299,5,31495,花呗,已完成,无退款
ORD2025002904,2025-03-03 15:18:40,U00694,男,浙江省,金华市,P4002,阿迪达斯卫衣,服饰鞋包,399,2,798,银行卡,已完成,无退款
ORD2025002604,2025-12-15 22:40:51,U00955,男,北京市,北京市,P2004,罗技 MX Master 3S,电脑配件,699,5,3495,银行卡,已完成,无退款
ORD2025000444,2025-04-15 18:25:42,U00369,女,湖北省,襄阳市,P2003,小米手环 9,数码配件,299,4,1196,花呗,已完成,无退款
ORD2025004902,2025-07-10 03:50:00,U01594,男,湖北省,襄阳市,P1005,荣耀 Magic7,手机,4499,1,4499,银行卡,已完成,无退款
ORD2025004496,2025-12-22 03:12:11,U01708,男,山东省,济南市,P2005,机械键盘,电脑配件,399,3,1197,花呗,已取消,无退款
ORD2025004684,2025-03-14 14:16:15,U00253,女,广东省,东莞市,P5002,蒙牛纯牛奶,食品饮料,69,2,138,花呗,已发货,无退款
ORD2025004362,2025-05-24 09:36:51,U00625,男,山东省,济南市,P2003,小米手环 9,数码配件,299,3,897,微信支付,已完成,已退款
ORD2025003423,2025-08-09 14:20:53,U00146,男,四川省,德阳市,P2005,机械键盘,电脑配件,399,1,399,银行卡,已发货,无退款
ORD2025004958,2025-01-12 15:57:12,U00547,男,广东省,东莞市,P3003,机械革命游戏本,电脑办公,6299,1,6299,银行卡,已取消,无退款
ORD2025004577,2025-11-02 17:46:32,U00566,女,浙江省,杭州市,P1004,小米 15,手机,3999,5,19995,微信支付,已完成,无退款
ORD2025004205,2025-07-14 18:22:14,U00113,女,上海市,上海市,P2003,小米手环 9,数码配件,299,1,299,微信支付,已完成,无退款
ORD2025001026,2025-11-21 13:12:22,U00659,男,北京市,北京市,P1003,华为 Mate 70,手机,5499,3,16497,微信支付,已发货,无退款
ORD2025003653,2025-12-02 22:34:36,U01730,女,陕西省,咸阳市,P5003,三只松鼠坚果,食品饮料,59,1,59,微信支付,已完成,无退款
ORD2025000656,2025-10-01 03:13:14,U01130,女,河南省,南阳市,P5002,蒙牛纯牛奶,食品饮料,69,2,138,支付宝,已完成,无退款
ORD2025004417,2025-01-14 10:33:53,U00260,男,山东省,烟台市,P4003,优衣库羽绒服,服饰鞋包,799,1,799,银行卡,已完成,无退款
ORD2025001797,2025-03-24 08:06:59,U00196,女,山东省,烟台市,P2003,小米手环 9,数码配件,299,1,299,花呗,已取消,无退款
ORD2025004743,2025-08-14 18:37:09,U00027,女,浙江省,宁波市,P1002,iPhone 15 Pro,手机,6999,1,6999,微信支付,已完成,无退款
ORD2025001642,2025-07-28 18:34:30,U01279,女,广东省,广州市,P2004,罗技 MX Master 3S,电脑配件,699,2,1398,微信支付,已完成,无退款
ORD2025004206,2025-01-07 16:48:09,U01717,男,江苏省,常州市,P4003,优衣库羽绒服,服饰鞋包,799,1,799,微信支付,已发货,无退款
ORD2025000568,2025-10-24 21:27:08,U00134,女,四川省,德阳市,P1003,华为 Mate 70,手机,5499,4,21996,花呗,已完成,无退款
ORD2025000221,2025-02-03 10:42:50,U00858,女,湖北省,武汉市,P2005,机械键盘,电脑配件,399,1,399,银行卡,已完成,已退款
ORD2025004307,2025-04-20 12:33:36,U00295,男,江苏省,常州市,P3002,联想小新笔记本,电脑办公,4999,1,4999,支付宝,已发货,无退款
ORD2025003730,2025-11-20 22:03:41,U01566,女,山东省,烟台市,P2005,机械键盘,电脑配件,399,1,399,支付宝,已完成,已退款
ORD2025001149,2025-01-03 21:47:28,U00157,女,四川省,德阳市,P4002,阿迪达斯卫衣,服饰鞋包,399,1,399,支付宝,已完成,无退款
ORD2025002780,2025-05-09 03:58:59,U00956,男,上海市,上海市,P3003,机械革命游戏本,电脑办公,6299,1,6299,花呗,已完成,无退款
ORD2025002427,2025-07-21 21:59:00,U00769,女,江苏省,常州市,P2001,AirPods Pro 2,数码配件,1899,1,1899,花呗,已完成,无退款
ORD2025004044,2025-09-02 17:49:23,U00253,男,四川省,德阳市,P2002,华为 FreeBuds,数码配件,999,1,999,花呗,已完成,无退款
ORD2025001901,2025-12-16 07:23:03,U00998,男,北京市,北京市,P4002,阿迪达斯卫衣,服饰鞋包,399,1,399,花呗,已完成,无退款
ORD2025001896,2025-10-28 14:03:22,U00634,男,浙江省,杭州市,P1005,荣耀 Magic7,手机,4499,2,-8998,微信支付,已发货,无退款
ORD2025001640,2025-03-27 05:05:34,U01264,男,江苏省,苏州市,P1002,iPhone 15 Pro,手机,6999,1,6999,花呗,待付款,无退款
ORD2025004319,2025-04-16 22:33:24,U01079,女,山东省,烟台市,P3004,打印机,电脑办公,899,3,2697,微信支付,已发货,无退款
ORD2025003743,2025-01-23 14:56:48,U01299,男,河南省,南阳市,P1004,小米 15,手机,3999,1,3999,微信支付,已完成,无退款
ORD2025003715,2025-03-05 01:26:43,U00004,女,广东省,深圳市,P2002,华为 FreeBuds,数码配件,999,1,999,支付宝,已完成,已退款
ORD2025002591,2025-03-17 21:04:39,U01518,女,浙江省,金华市,P5003,三只松鼠坚果,食品饮料,59,1,59,微信支付,已完成,无退款
ORD2025004929,2025-06-11 17:11:57,U01702,女,江苏省,苏州市,P2002,华为 FreeBuds,数码配件,999,1,999,花呗,已完成,无退款
ORD2025000118,2025-12-30 10:15:20,U01508,女,山东省,济南市,P4002,阿迪达斯卫衣,服饰鞋包,399,2,798,微信支付,已完成,无退款
ORD2025004920,2025-10-09 09:03:13,U01511,男,山东省,烟台市,P1005,荣耀 Magic7,手机,4499,1,4499,花呗,已发货,无退款
ORD2025002046,2025-01-25 18:10:37,U00026,女,广东省,深圳市,P1005,荣耀 Magic7,手机,4499,1,4499,微信支付,待付款,无退款
ORD2025003591,2025-05-14 02:23:58,U00292,男,浙江省,温州市,P1003,华为 Mate 70,手机,5499,3,16497,支付宝,已完成,无退款
ORD2025003955,2025-12-29 15:34:10,U00709,男,山东省,青岛市,P3003,机械革命游戏本,电脑办公,6299,1,6299,支付宝,已完成,无退款
ORD2025001906,2025-06-22 12:03:05,U01368,男,河南省,郑州市,P3003,机械革命游戏本,电脑办公,6299,1,6299,花呗,已取消,无退款
ORD2025000663,2025-11-05 05:37:46,U01333,女,山东省,青岛市,P1002,iPhone 15 Pro,手机,6999,4,27996,花呗,已取消,无退款
ORD2025002995,2025-12-21 19:39:45,U01632,女,北京市,北京市,P5002,蒙牛纯牛奶,食品饮料,69,2,138,花呗,已完成,无退款
ORD2025002754,2025-07-26 01:26:20,U01411,男,四川省,德阳市,P3004,打印机,电脑办公,899,2,1798,银行卡,已完成,无退款
ORD2025004152,2025-01-21 20:45:37,U01733,男,上海市,上海市,P5002,蒙牛纯牛奶,食品饮料,69,1,69,支付宝,已完成,无退款
ORD2025003519,2025-02-27 15:32:21,U01275,女,湖北省,宜昌市,P2002,华为 FreeBuds,数码配件,999,1,999,支付宝,已完成,无退款
ORD2025001567,2025-09-30 02:13:50,U01312,男,浙江省,温州市,P5002,蒙牛纯牛奶,食品饮料,69,2,138,银行卡,已完成,无退款
ORD2025001098,2025-04-08 12:41:45,U01222,男,四川省,德阳市,P1005,荣耀 Magic7,数码产品,4499,1,4499,花呗,已发货,无退款
ORD2025002561,2025-05-06 11:23:08,U01064,女,湖北省,宜昌市,P3001,戴尔 27英寸显示器,电脑办公,1499,1,1499,银行卡,已完成,无退款
ORD2025000943,2025-04-10 19:55:13,U01149,男,河南省,郑州市,P3004,打印机,电脑办公,899,1,899,银行卡,已完成,无退款
ORD2025003051,2025-06-16 00:56:38,U01774,男,上海市,上海市,P1004,小米 15,手机,3999,1,3999,银行卡,已完成,已退款
ORD2025001193,2025-04-24 06:23:27,U00017,男,河南省,郑州市,P2005,机械键盘,电脑配件,399,1,399,支付宝,已完成,无退款
ORD2025001848,2025-08-18 05:36:44,U01112,男,浙江省,杭州市,P3002,联想小新笔记本,电脑办公,4999,3,14997,支付宝,已完成,无退款
ORD2025002855,2025-06-24 10:08:14,U00702,女,江苏省,无锡市,P1005,荣耀 Magic7,手机,4499,2,8998,支付宝,退款中,退款中
ORD2025001927,2025-08-11 00:25:55,U00645,女,浙江省,温州市,P1005,荣耀 Magic7,手机,4499,1,4499,花呗,已完成,无退款
ORD2025004139,2025-04-29 13:14:49,U00742,男,河南省,洛阳市,P3004,打印机,电脑办公,899,1,899,支付宝,待付款,无退款
ORD2025002713,2025-08-14 18:31:43,U01124,女,广东省,广州市,P1004,小米 15,手机,3999,2,7998,银行卡,已取消,已退款
ORD2025004631,2025-07-18 05:29:29,U00008,男,四川省,绵阳市,P4002,阿迪达斯卫衣,服饰鞋包,399,3,1197,微信支付,已完成,无退款
ORD2025002023,2025-02-24 14:02:39,U00991,男,上海市,上海市,P5002,蒙牛纯牛奶,食品饮料,69,1,69,花呗,已完成,无退款
ORD2025001562,2025-03-27 01:30:23,U01657,女,广东省,深圳市,P3003,机械革命游戏本,电脑办公,6299,1,6299,支付宝,已完成,无退款
ORD2025004737,2025-11-07 13:04:39,U00066,女,广东省,佛山市,P3004,打印机,电脑办公,899,2,1798,花呗,已发货,无退款
ORD2025000498,2025-04-27 08:58:08,U00182,男,河南省,南阳市,P3004,打印机,电脑办公,899,2,1798,花呗,已完成,无退款
ORD2025002600,2025-08-10 17:08:54,U00070,男,上海市,上海市,P2005,机械键盘,电脑配件,399,4,1596,花呗,已完成,无退款
ORD2025001956,2025-06-06 00:21:48,U01085,女,上海市,上海市,P1001,iPhone 15,手机,4999,2,9998,微信支付,已完成,无退款
ORD2025000548,2025-09-06 11:07:13,U00775,男,浙江省,金华市,P3004,打印机,电脑办公,899,3,2697,花呗,已取消,无退款
ORD2025002384,2025-12-19 09:08:54,U00958,男,四川省,德阳市,P5001,雀巢咖啡,食品饮料,89,2,178,银行卡,已完成,无退款
ORD2025001361,2025-08-29 19:09:45,U00373,男,上海市,上海市,P3002,联想小新笔记本,电脑办公,4999,2,9998,微信支付,已取消,无退款
ORD2025001181,2025-04-14 19:20:14,U00585,男,四川省,绵阳市,P1002,iPhone 15 Pro,手机,6999,2,13998,微信支付,已完成,无退款
ORD2025004361,2025-11-12 16:21:01,U00828,男,上海市,上海市,P1001,iPhone 15,手机,4999,2,9998,支付宝,已完成,无退款
ORD2025002059,2025-05-23 21:02:10,U00854,女,山东省,济南市,P5001,雀巢咖啡,食品饮料,89,1,89,银行卡,已取消,无退款
ORD2025004330,2025-11-01 22:49:58,U00307,男,北京市,北京市,P2001,AirPods Pro 2,数码配件,1899,2,3798,花呗,已完成,无退款
ORD2025004389,2025-07-01 03:32:59,U00381,女,上海市,上海市,P3001,戴尔 27英寸显示器,电脑办公,1499,1,1499,银行卡,待付款,无退款
ORD2025001506,2025-11-14 15:40:46,U01787,男,江苏省,无锡市,P3003,机械革命游戏本,电脑办公,6299,3,18897,花呗,待付款,无退款
ORD2025002946,2025-03-16 19:31:06,U00051,男,陕西省,西安市,P1005,荣耀 Magic7,手机,4499,1,4499,支付宝,已发货,无退款
ORD2025004175,2025-03-24 21:05:33,U01007,女,山东省,济南市,P2003,小米手环 9,数码配件,299,5,1495,花呗,已完成,无退款
ORD2025000322,2025-12-17 07:35:32,U00544,男,山东省,济南市,P5002,蒙牛纯牛奶,食品饮料,69,3,207,支付宝,已完成,无退款
ORD2025004460,2025-12-26 03:05:15,U00027,女,浙江省,温州市,P1001,iPhone 15,手机,4999,1,4999,花呗,已完成,无退款
ORD2025002132,2025-05-31 16:11:09,U00293,女,山东省,烟台市,P3003,机械革命游戏本,电脑办公,6299,1,6299,微信支付,已完成,无退款
ORD2025002364,2025-08-13 20:09:56,U00011,女,上海市,上海市,P1005,荣耀 Magic7,手机,4499,1,4499,银行卡,已发货,无退款
ORD2025000573,2025-03-29 01:09:59,U01046,男,四川省,德阳市,P1004,小米 15,手机,3999,1,3999,银行卡,已完成,无退款
ORD2025003943,2025-11-12 02:19:24,U01348,女,广东省,东莞市,P2001,AirPods Pro 2,数码配件,1899,1,1899,微信支付,已完成,无退款
ORD2025001233,2025-02-13 08:24:38,U01507,男,北京市,北京市,P5002,蒙牛纯牛奶,食品饮料,69,4,276,银行卡,已完成,无退款
ORD2025003399,2025-09-10 15:10:09,U01179,男,北京市,北京市,P1003,华为 Mate 70,手机,5499,3,16497,支付宝,已完成,无退款
ORD2025004523,2025-07-06 18:24:01,U00898,男,山东省,青岛市,P2005,机械键盘,电脑配件,399,3,1197,支付宝,待付款,无退款
ORD2025002857,2025-08-03 10:21:33,U00257,男,四川省,德阳市,P2002,华为 FreeBuds,数码配件,999,2,1998,银行卡,已取消,无退款
ORD2025000635,2025-07-11 20:55:24,U00753,男,山东省,烟台市,P2004,罗技 MX Master 3S,电脑配件,699,1,699,银行卡,已完成,已退款
ORD2025001518,2025-10-03 02:02:20,U01592,男,四川省,成都市,P5003,三只松鼠坚果,食品饮料,59,4,236,花呗,已完成,无退款
ORD2025004659,2025-08-03 02:03:33,U00491,男,湖北省,武汉市,P1001,iPhone 15,手机,4999,1,4999,微信支付,已完成,无退款
ORD2025004878,2025-02-06 21:18:40,U00505,女,山东省,济南市,P1005,荣耀 Magic7,手机,4499,1,4499,银行卡,已发货,无退款
ORD2025003086,2025-06-05 08:26:29,U00142,女,北京市,北京市,P1003,华为 Mate 70,手机,5499,2,10998,支付宝,已完成,无退款
ORD2025003734,2025-04-20 21:08:45,U00272,女,北京市,北京市,P4001,耐克运动鞋,服饰鞋包,599,3,1797,微信支付,待付款,无退款
ORD2025001966,2025-07-26 15:14:26,U00592,女,陕西省,咸阳市,P1002,iPhone 15 Pro,手机,6999,1,6999,微信支付,待付款,无退款
ORD2025000894,2025-04-24 13:18:37,U00124,男,上海市,上海市,P1005,荣耀 Magic7,手机,4499,1,4499,微信支付,已完成,无退款
ORD2025004522,2025-09-27 09:02:47,U01309,女,河南省,,P1004,小米 15,手机,3999,1,3999,支付宝,已取消,无退款
ORD2025001410,2025-06-23 13:57:25,U00618,女,广东省,深圳市,P3002,联想小新笔记本,电脑办公,4999,1,4999,支付宝,已完成,无退款
ORD2025000686,2025-02-18 00:11:31,U01318,男,上海市,上海市,P1002,iPhone 15 Pro,手机,6999,3,20997,银行卡,已完成,已退款
ORD2025001783,2025-10-09 11:02:31,U00421,女,河南省,郑州市,P2003,小米手环 9,数码配件,299,2,598,微信支付,退款中,退款中
ORD2025001644,2025-06-12 13:53:57,U00136,男,湖北省,武汉市,P4001,耐克运动鞋,服饰鞋包,599,1,599,银行卡,已完成,无退款
ORD2025001962,2025-07-17 19:19:06,U01259,男,湖北省,宜昌市,P2003,小米手环 9,数码配件,299,1,299,微信支付,待付款,无退款
ORD2025002041,2025-03-21 01:43:23,U00596,女,陕西省,宝鸡市,P2004,罗技 MX Master 3S,电脑配件,699,2,1398,银行卡,已取消,无退款
ORD2025003994,2025-03-12 09:45:44,U01405,女,上海市,上海市,P1003,华为 Mate 70,手机,5499,1,5499,支付宝,已完成,无退款
ORD2025002586,2025-01-07 19:23:10,U00328,女,上海市,上海市,P2004,罗技 MX Master 3S,电脑配件,699,1,699,银行卡,已发货,无退款
ORD2025001830,2025-06-29 21:59:31,U00261,男,上海市,上海市,P5003,三只松鼠坚果,食品饮料,59,1,59,支付宝,已完成,无退款
ORD2025003244,2025-01-22 10:44:01,U01694,男,河南省,南阳市,P4003,优衣库羽绒服,服饰鞋包,799,1,799,微信支付,已完成,无退款
ORD2025001801,2025-02-03 12:09:55,U00338,女,江苏省,南京市,,iPhone 15 Pro,手机,6999,1,6999,银行卡,已发货,无退款
ORD2025001862,2025-12-25 11:02:19,U00543,女,陕西省,咸阳市,P1002,iPhone 15 Pro,手机,6999,2,13998,微信支付,待付款,无退款
ORD2025003824,2025-03-25 12:27:24,U00119,男,上海市,上海市,P3003,机械革命游戏本,电脑办公,6299,2,12598,微信支付,已完成,无退款
ORD2025003284,2025-06-16 10:57:36,U01640,男,浙江省,温州市,P2003,小米手环 9,数码配件,299,1,299,花呗,已完成,无退款
ORD2025001284,2025-01-31 20:22:38,U00592,女,浙江省,杭州市,P4001,耐克运动鞋,服饰鞋包,599,1,599,花呗,已完成,无退款
ORD2025000640,2025-02-07 17:32:04,U01745,女,广东省,佛山市,P1003,华为 Mate 70,手机,5499,3,16497,支付宝,已取消,无退款
ORD2025004594,2025-07-30 11:45:32,U00944,女,北京市,北京市,P2004,罗技 MX Master 3S,电脑配件,699,1,699,花呗,已发货,无退款
ORD2025003046,2025-02-07 05:44:14,U01058,女,浙江省,宁波市,P3001,戴尔 27英寸显示器,电脑办公,1499,1,1499,微信支付,已完成,无退款
ORD2025001412,2025-09-18 15:52:47,U01753,男,广东省,深圳市,P5003,三只松鼠坚果,食品饮料,59,1,59,花呗,已完成,无退款
ORD2025001499,2025-04-07 18:55:38,U00197,男,陕西省,咸阳市,P3003,机械革命游戏本,电脑办公,6299,1,6299,支付宝,已完成,无退款
ORD2025004403,2025-09-07 02:43:22,U00711,男,浙江省,温州市,P3002,联想小新笔记本,电脑办公,4999,4,19996,银行卡,已完成,无退款
ORD2025004123,2025-01-28 14:59:10,U01743,男,四川省,成都市,P5002,蒙牛纯牛奶,食品饮料,69,4,276,支付宝,已完成,无退款
ORD2025000838,2025-02-23 03:11:47,U01793,男,山东省,烟台市,P3004,打印机,电脑办公,899,2,1798,银行卡,已发货,无退款
ORD2025000208,2025-01-25 12:19:15,U00107,男,江苏省,无锡市,p1002,iPhone 15 Pro,手机,6999,1,6999,银行卡,已完成,无退款
ORD2025000687,2025-12-15 08:34:01,U00221,男,上海市,上海市,P3004,打印机,电脑办公,899,4,3596,花呗,已完成,无退款
ORD2025001617,2025-06-22 23:43:59,U01573,女,浙江省,宁波市,P3003,机械革命游戏本,电脑办公,6299,2,12598,花呗,已完成,无退款
ORD2025002512,2025-08-19 03:26:34,U01215,男,广东省,深圳市,P1004,小米 15,手机,3999,1,3999,支付宝,已完成,无退款
ORD2025003221,2025-09-02 16:50:03,U00972,女,湖北省,襄阳市,P4002,阿迪达斯卫衣,服饰鞋包,399,-1,798,支付宝,已完成,已退款
ORD2025002551,2025-02-24 13:32:21,U00270,男,河南省,郑州市,P5002,蒙牛纯牛奶,食品饮料,69,2,138,微信支付,已完成,无退款
ORD2025003726,2025-06-13 17:51:08,U01010,女,北京市,北京市,P3004,打印机,电脑办公,899,1,899,微信支付,已完成,无退款
ORD2025002829,2025-08-12 08:22:38,U00125,女,陕西省,咸阳市,P4003,优衣库羽绒服,服饰鞋包,799,1,799,银行卡,已完成,无退款
ORD2025001377,2025-03-04 10:24:55,U01339,女,山东省,青岛市,P4001,耐克运动鞋,服饰鞋包,599,1,599,花呗,已完成,无退款
ORD2025004635,2025-11-22 00:19:48,U00648,男,山东省,烟台市,P4003,优衣库羽绒服,服饰鞋包,799,2,1598,支付宝,已完成,无退款
ORD2025001405,2025-02-20 10:05:14,U00954,男,江苏省,南京市,P2004,罗技 MX Master 3S,电脑配件,699,1,699,微信支付,已完成,无退款
ORD2025002236,2025-10-17 16:06:00,U00606,男,四川省,德阳市,P2001,AirPods Pro 2,数码配件,1899,1,1899,微信支付,已完成,无退款
ORD2025003141,2025-01-24 22:17:55,U00506,男,上海市,上海市,P4001,耐克运动鞋,服饰鞋包,599,1,599,微信支付,已完成,无退款
ORD2025002979,2025-06-06 18:58:33,U01688,男,上海市,上海市,P1004,小米 15,手机,3999,1,3999,花呗,已发货,无退款
ORD2025001591,2025-12-20 13:51:02,U01157,男,江苏省,无锡市,P2004,罗技 MX Master 3S,电脑配件,699,1,699,微信支付,已完成,无退款
ORD2025000475,2025-10-06 14:13:34,U00670,女,江苏省,南京市,P1004,小米 15,手机,3999,1,3999,银行卡,已完成,无退款
ORD2025002010,2025-10-07 11:36:59,U01287,男,河南省,南阳市,P5003,三只松鼠坚果,食品饮料,59,1,59,微信支付,已发货,无退款
ORD2025002382,2025-02-16 12:30:54,U01100,男,陕西省,西安市,P4002,阿迪达斯卫衣,服饰鞋包,399,1,399,银行卡,已完成,无退款
ORD2025000823,2025-05-17 12:31:21,U00271,女,江苏省,无锡市,P1002,iPhone 15 Pro,手机,6999,1,6999,微信支付,已完成,无退款
ORD2025001067,2025-01-24 17:02:29,U00852,男,湖北省,武汉市,P5001,雀巢咖啡,食品饮料,89,1,89,支付宝,已完成,无退款
ORD2025002357,2025-04-23 10:38:15,U01190,男,四川省,绵阳市,P1002,iPhone 15 Pro,手机,6999,1,6999,支付宝,已完成,无退款
ORD2025003260,2025-08-11 11:40:18,U01162,女,北京市,北京市,P2003,小米手环 9,数码配件,299,1,299,银行卡,待付款,无退款
ORD2025003530,2025-12-28 00:22:49,U00165,女,陕西省,西安市,P1003,华为 Mate 70,手机,5499,1,5499,银行卡,已完成,无退款
ORD2025004820,2025-07-27 15:54:41,U01050,男,北京市,北京市,P2003,小米手环 9,数码配件,299,2,598,花呗,已完成,无退款
ORD2025002948,2025-08-02 05:37:15,U01429,女,湖北省,武汉市,P2002,华为 FreeBuds,数码配件,999,2,1998,微信支付,已完成,无退款
ORD2025001031,2025-01-27 13:14:46,U01434,女,浙江省,金华市,P3003,机械革命游戏本,电脑办公,6299,1,6299,微信支付,已发货,无退款
ORD2025002224,2025-03-02 20:00:48,U00210,女,河南省,南阳市,P4002,阿迪达斯卫衣,服饰鞋包,399,1,399,花呗,已完成,无退款
ORD2025003279,2025-12-09 16:42:09,U01697,男,四川省,德阳市,P3001,戴尔 27英寸显示器,电脑办公,1499,1,1499,花呗,已完成,无退款
ORD2025000481,2025-01-30 13:48:43,U01094,男,上海市,上海市,P4001,耐克运动鞋,服饰鞋包,599,1,599,支付宝,已完成,无退款
ORD2025004216,2025-03-19 12:22:06,U01076,女,浙江省,金华市,P1005,荣耀 Magic7,手机,4499,1,4499,银行卡,已取消,无退款
ORD2025004298,2025-02-28 16:39:53,U01729,男,浙江省,杭州市,P3003,机械革命游戏本,电脑办公,6299,2,12598,花呗,已完成,无退款
ORD2025001536,2025-06-24 11:26:00,U01685,男,广东省,东莞市,P1003,华为 Mate 70,手机,5499,4,21996,支付宝,已完成,无退款
ORD2025000991,2025-03-10 23:20:33,U00010,女,湖北省,襄阳市,P5003,三只松鼠坚果,食品饮料,59,1,59,花呗,已完成,无退款
ORD2025003029,2025-03-21 01:08:30,U00385,女,河南省,南阳市,P3003,机械革命游戏本,电脑办公,6299,1,6299,银行卡,待付款,无退款
ORD2025003613,2025-12-20 10:43:41,U00391,女,湖北省,襄阳市,P1002,iPhone 15 Pro,手机,6999,1,6999,支付宝,已完成,无退款
ORD2025001341,2025-06-16 08:18:12,U01752,男,北京市,北京市,P5001,雀巢咖啡,食品饮料,89,2,178,微信支付,已完成,无退款
ORD2025001915,2025-02-07 23:56:31,U00193,男,北京市,北京市,P1005,荣耀 Magic7,手机,4499,2,8998,银行卡,已取消,无退款
ORD2025001574,2025-12-20 02:16:19,U01771,男,河南省,南阳市,P2002,华为 FreeBuds,数码配件,999,2,1998,花呗,已取消,无退款
ORD2025004641,2025-02-13 15:50:17,U01144,女,湖北省,襄阳市,P1004,小米 15,手机,3999,1,3999,花呗,已完成,无退款
ORD2025002570,2025-06-20 04:06:02,U01476,女,四川省,绵阳市,P4001,耐克运动鞋,服饰鞋包,599,1,599,支付宝,已取消,已退款
ORD2025000178,2025-03-11 12:16:55,U00858,男,江苏省,南京市,P2003,小米手环 9,数码配件,299,2,598,银行卡,已完成,无退款
ORD2025001743,2025-01-11 15:19:34,U00066,女,陕西省,西安市,P9999,蒙牛纯牛奶,食品饮料,69,3,207,微信支付,已完成,无退款
ORD2025000949,2025-10-07 00:44:51,U01175,男,陕西省,咸阳市,P1005,荣耀 Magic7,手机,4499,1,4499,银行卡,已完成,无退款
ORD2025001670,2025-10-20 19:39:15,U00634,男,陕西省,西安市,P2003,小米手环 9,数码配件,299,1,299,花呗,已完成,无退款
ORD2025000231,2025-09-10 09:32:12,U00910,女,陕西省,宝鸡市,P1001,iPhone 15,手机,4999,3,14997,银行卡,待付款,无退款
ORD2025001733,2025-09-06 15:12:52,U00708,女,河南省,郑州市,P2004,罗技 MX Master 3S,电脑配件,699,2,1398,微信支付,已完成,无退款
ORD2025004763,2025-02-09 12:36:09,U00722,男,山东省,青岛市,P5002,蒙牛纯牛奶,食品饮料,69,2,138,银行卡,待付款,无退款
ORD2025002151,2025-04-12 18:09:56,U01741,女,江苏省,南京市,P4001,耐克运动鞋,服饰鞋包,599,4,2396,支付宝,已完成,无退款
ORD2025003861,2025-10-18 15:34:56,U01115,女,广东省,东莞市,P4002,阿迪达斯卫衣,服饰鞋包,399,1,399,支付宝,已完成,无退款
ORD2025000769,2025-11-12 08:16:30,U01407,女,北京市,北京市,P5001,雀巢咖啡,食品饮料,89,1,89,微信支付,已完成,无退款
ORD2025000141,2025-03-20 15:51:59,U00290,女,四川省,德阳市,P4001,耐克运动鞋,服饰鞋包,599,1,599,花呗,已发货,无退款
ORD2025004712,2025-05-04 23:49:04,U01137,男,山东省,青岛市,P3001,戴尔 27英寸显示器,电脑办公,1499,1,1499,花呗,已完成,无退款
ORD2025003350,2025-01-21 17:34:05,U00988,女,四川省,绵阳市,P5003,三只松鼠坚果,食品饮料,59,2,118,银行卡,已发货,无退款
ORD2025004757,2025-07-22 18:42:11,U01067,女,上海市,上海市,P1004,小米 15,手机,3999,1,3999,支付宝,已完成,无退款
ORD2025003042,2025-05-05 23:32:45,U01243,女,湖北省,宜昌市,P1001,iPhone 15,手机,4999,1,4999,微信支付,退款中,退款中
ORD2025001080,2025-10-06 02:49:41,U00095,女,浙江省,温州市,P2002,华为 FreeBuds,数码配件,999,1,999,微信支付,已完成,无退款
ORD2025004483,2025-05-07 21:19:15,U00757,女,广东省,佛山市,P4003,优衣库羽绒服,服饰鞋包,799,1,799,支付宝,已取消,无退款
ORD2025004343,2025-06-05 01:34:27,U01155,女,广东省,佛山市,P4003,优衣库羽绒服,服饰鞋包,799,1,799,支付宝,已完成,无退款
ORD2025004597,2025-03-03 14:35:57,U01269,男,江苏省,苏州市,P4002,阿迪达斯卫衣,服饰鞋包,399,3,1197,银行卡,已完成,无退款
ORD2025002649,2025-09-11 08:08:53,U00244,男,浙江省,宁波市,P2005,机械键盘,电脑配件,399,2,798,微信支付,已发货,无退款
